04/13/2022 03:20:15 PM : libssl.py line - 79 : <module> : telethon.crypto.libssl : INFO : Failed to load SSL library: <class 'OSError'> (no library called "ssl" found)
04/13/2022 03:20:15 PM : aes.py line - 25 : <module> : telethon.crypto.aes : INFO : cryptg module not installed and libssl not found, falling back to (slower) Python encryption
04/13/2022 03:20:17 PM : mtprotosender.py line - 221 : _connect : telethon.network.mtprotosender : INFO : Connecting to 149.154.167.51:443/TcpFull...
04/13/2022 03:20:19 PM : mtprotosender.py line - 272 : _connect : telethon.network.mtprotosender : INFO : Connection to 149.154.167.51:443/TcpFull complete!
04/09/2026 08:02:38 AM : executor.py line - 351 : _welcome : aiogram : INFO : Bot: Kitsune Shop [@egefergre_bot]
04/09/2026 08:02:39 AM : notify_admins.py line - 14 : on_startup_notify : root : ERROR : Chat not found
Traceback (most recent call last):
  File "C:\Users\Кадзицу\Desktop\cartel_auto\utils\notify_admins.py", line 11, in on_startup_notify
    await dp.bot.send_message(admin, "Бот Запущен")
  File "C:\Users\Кадзицу\AppData\Roaming\Python\Python314\site-packages\aiogram\bot\bot.py", line 318, in send_message
    result = await self.request(api.Methods.SEND_MESSAGE, payload)
             ^^^^^^^^^^^^^^^^^^^^^^^^^^^^^^^^^^^^^^^^^^^^^^^^^^^^^
  File "C:\Users\Кадзицу\AppData\Roaming\Python\Python314\site-packages\aiogram\bot\base.py", line 208, in request
    return await api.make_request(self.session, self.server, self.__token, method, data, files,
           ^^^^^^^^^^^^^^^^^^^^^^^^^^^^^^^^^^^^^^^^^^^^^^^^^^^^^^^^^^^^^^^^^^^^^^^^^^^^^^^^^^^^
                                  proxy=self.proxy, proxy_auth=self.proxy_auth, timeout=self.timeout, **kwargs)
                                  ^^^^^^^^^^^^^^^^^^^^^^^^^^^^^^^^^^^^^^^^^^^^^^^^^^^^^^^^^^^^^^^^^^^^^^^^^^^^^
  File "C:\Users\Кадзицу\AppData\Roaming\Python\Python314\site-packages\aiogram\bot\api.py", line 140, in make_request
    return check_result(method, response.content_type, response.status, await response.text())
  File "C:\Users\Кадзицу\AppData\Roaming\Python\Python314\site-packages\aiogram\bot\api.py", line 115, in check_result
    exceptions.BadRequest.detect(description)
    ~~~~~~~~~~~~~~~~~~~~~~~~~~~~^^^^^^^^^^^^^
  File "C:\Users\Кадзицу\AppData\Roaming\Python\Python314\site-packages\aiogram\utils\exceptions.py", line 140, in detect
    raise err(cls.text or description)
aiogram.utils.exceptions.ChatNotFound: Chat not found
04/09/2026 08:02:39 AM : dispatcher.py line - 351 : start_polling : aiogram.dispatcher.dispatcher : INFO : Start polling.
04/09/2026 08:02:59 AM : base_events.py line - 1875 : default_exception_handler : asyncio : ERROR : Task exception was never retrieved
future: <Task finished name='Task-10' coro=<Dispatcher._process_polling_updates() done, defined at C:\Users\Кадзицу\AppData\Roaming\Python\Python314\site-packages\aiogram\dispatcher\dispatcher.py:395> exception=OSError(22, 'Invalid argument')>
Traceback (most recent call last):
  File "C:\Users\Кадзицу\AppData\Roaming\Python\Python314\site-packages\aiogram\dispatcher\dispatcher.py", line 298, in process_update
    types.User.set_current(update.my_chat_member.from_user)
    ~~~~~~~~~~~~~~~~~~~~~~^^^^^^^^^^^^^^^^^^^^^^^^^^^^^^^^^
  File "C:\Users\Кадзицу\AppData\Roaming\Python\Python314\site-packages\aiogram\utils\mixins.py", line 49, in set_current
    raise TypeError(f'Value should be instance of {cls.__name__!r} not {type(value).__name__!r}')
TypeError: Value should be instance of 'User' not 'NoneType'

During handling of the above exception, another exception occurred:

Traceback (most recent call last):
  File "C:\Users\Кадзицу\AppData\Roaming\Python\Python314\site-packages\aiogram\dispatcher\dispatcher.py", line 403, in _process_polling_updates
    for responses in itertools.chain.from_iterable(await self.process_updates(updates, fast)):
                                                   ^^^^^^^^^^^^^^^^^^^^^^^^^^^^^^^^^^^^^^^^^
  File "C:\Users\Кадзицу\AppData\Roaming\Python\Python314\site-packages\aiogram\dispatcher\dispatcher.py", line 232, in process_updates
    return await asyncio.gather(*tasks)
           ^^^^^^^^^^^^^^^^^^^^^^^^^^^^
  File "C:\Users\Кадзицу\AppData\Roaming\Python\Python314\site-packages\aiogram\dispatcher\handler.py", line 117, in notify
    response = await handler_obj.handler(*args, **partial_data)
               ^^^^^^^^^^^^^^^^^^^^^^^^^^^^^^^^^^^^^^^^^^^^^^^^
  File "C:\Users\Кадзицу\AppData\Roaming\Python\Python314\site-packages\aiogram\dispatcher\dispatcher.py", line 305, in process_update
    err = await self.errors_handlers.notify(update, e)
          ^^^^^^^^^^^^^^^^^^^^^^^^^^^^^^^^^^^^^^^^^^^^
  File "C:\Users\Кадзицу\AppData\Roaming\Python\Python314\site-packages\aiogram\dispatcher\handler.py", line 117, in notify
    response = await handler_obj.handler(*args, **partial_data)
               ^^^^^^^^^^^^^^^^^^^^^^^^^^^^^^^^^^^^^^^^^^^^^^^^
  File "C:\Users\Кадзицу\Desktop\cartel_auto\handlers\errors\error_handler.py", line 58, in errors_handler
    logging.exception(f'Update: {update} \n{exception}')
                                ^^^^^^^^
  File "C:\Users\Кадзицу\AppData\Roaming\Python\Python314\site-packages\aiogram\types\base.py", line 204, in __str__
    return self.as_json()
           ~~~~~~~~~~~~^^
  File "C:\Users\Кадзицу\AppData\Roaming\Python\Python314\site-packages\aiogram\types\base.py", line 192, in as_json
    return json.dumps(self.to_python())
                      ~~~~~~~~~~~~~~^^
  File "C:\Users\Кадзицу\AppData\Roaming\Python\Python314\site-packages\aiogram\types\base.py", line 169, in to_python
    value = self.props[name].export(self)
  File "C:\Users\Кадзицу\AppData\Roaming\Python\Python314\site-packages\aiogram\types\fields.py", line 95, in export
    return self.serialize(self.get_value(instance))
           ~~~~~~~~~~~~~~^^^^^^^^^^^^^^^^^^^^^^^^^^
  File "C:\Users\Кадзицу\AppData\Roaming\Python\Python314\site-packages\aiogram\types\fields.py", line 105, in serialize
    return value.to_python()
           ~~~~~~~~~~~~~~~^^
  File "C:\Users\Кадзицу\AppData\Roaming\Python\Python314\site-packages\aiogram\types\base.py", line 169, in to_python
    value = self.props[name].export(self)
  File "C:\Users\Кадзицу\AppData\Roaming\Python\Python314\site-packages\aiogram\types\fields.py", line 95, in export
    return self.serialize(self.get_value(instance))
           ~~~~~~~~~~~~~~^^^^^^^^^^^^^^^^^^^^^^^^^^
  File "C:\Users\Кадзицу\AppData\Roaming\Python\Python314\site-packages\aiogram\types\fields.py", line 105, in serialize
    return value.to_python()
           ~~~~~~~~~~~~~~~^^
  File "C:\Users\Кадзицу\AppData\Roaming\Python\Python314\site-packages\aiogram\types\base.py", line 169, in to_python
    value = self.props[name].export(self)
  File "C:\Users\Кадзицу\AppData\Roaming\Python\Python314\site-packages\aiogram\types\fields.py", line 95, in export
    return self.serialize(self.get_value(instance))
           ~~~~~~~~~~~~~~^^^^^^^^^^^^^^^^^^^^^^^^^^
  File "C:\Users\Кадзицу\AppData\Roaming\Python\Python314\site-packages\aiogram\types\fields.py", line 178, in serialize
    return round(value.timestamp())
                 ~~~~~~~~~~~~~~~^^
OSError: [Errno 22] Invalid argument
04/09/2026 08:03:00 AM : base_events.py line - 1875 : default_exception_handler : asyncio : ERROR : Task exception was never retrieved
future: <Task finished name='Task-13' coro=<Dispatcher._process_polling_updates() done, defined at C:\Users\Кадзицу\AppData\Roaming\Python\Python314\site-packages\aiogram\dispatcher\dispatcher.py:395> exception=OSError(22, 'Invalid argument')>
Traceback (most recent call last):
  File "C:\Users\Кадзицу\AppData\Roaming\Python\Python314\site-packages\aiogram\dispatcher\dispatcher.py", line 298, in process_update
    types.User.set_current(update.my_chat_member.from_user)
    ~~~~~~~~~~~~~~~~~~~~~~^^^^^^^^^^^^^^^^^^^^^^^^^^^^^^^^^
  File "C:\Users\Кадзицу\AppData\Roaming\Python\Python314\site-packages\aiogram\utils\mixins.py", line 49, in set_current
    raise TypeError(f'Value should be instance of {cls.__name__!r} not {type(value).__name__!r}')
TypeError: Value should be instance of 'User' not 'NoneType'

During handling of the above exception, another exception occurred:

Traceback (most recent call last):
  File "C:\Users\Кадзицу\AppData\Roaming\Python\Python314\site-packages\aiogram\dispatcher\dispatcher.py", line 403, in _process_polling_updates
    for responses in itertools.chain.from_iterable(await self.process_updates(updates, fast)):
                                                   ^^^^^^^^^^^^^^^^^^^^^^^^^^^^^^^^^^^^^^^^^
  File "C:\Users\Кадзицу\AppData\Roaming\Python\Python314\site-packages\aiogram\dispatcher\dispatcher.py", line 232, in process_updates
    return await asyncio.gather(*tasks)
           ^^^^^^^^^^^^^^^^^^^^^^^^^^^^
  File "C:\Users\Кадзицу\AppData\Roaming\Python\Python314\site-packages\aiogram\dispatcher\handler.py", line 117, in notify
    response = await handler_obj.handler(*args, **partial_data)
               ^^^^^^^^^^^^^^^^^^^^^^^^^^^^^^^^^^^^^^^^^^^^^^^^
  File "C:\Users\Кадзицу\AppData\Roaming\Python\Python314\site-packages\aiogram\dispatcher\dispatcher.py", line 305, in process_update
    err = await self.errors_handlers.notify(update, e)
          ^^^^^^^^^^^^^^^^^^^^^^^^^^^^^^^^^^^^^^^^^^^^
  File "C:\Users\Кадзицу\AppData\Roaming\Python\Python314\site-packages\aiogram\dispatcher\handler.py", line 117, in notify
    response = await handler_obj.handler(*args, **partial_data)
               ^^^^^^^^^^^^^^^^^^^^^^^^^^^^^^^^^^^^^^^^^^^^^^^^
  File "C:\Users\Кадзицу\Desktop\cartel_auto\handlers\errors\error_handler.py", line 58, in errors_handler
    logging.exception(f'Update: {update} \n{exception}')
                                ^^^^^^^^
  File "C:\Users\Кадзицу\AppData\Roaming\Python\Python314\site-packages\aiogram\types\base.py", line 204, in __str__
    return self.as_json()
           ~~~~~~~~~~~~^^
  File "C:\Users\Кадзицу\AppData\Roaming\Python\Python314\site-packages\aiogram\types\base.py", line 192, in as_json
    return json.dumps(self.to_python())
                      ~~~~~~~~~~~~~~^^
  File "C:\Users\Кадзицу\AppData\Roaming\Python\Python314\site-packages\aiogram\types\base.py", line 169, in to_python
    value = self.props[name].export(self)
  File "C:\Users\Кадзицу\AppData\Roaming\Python\Python314\site-packages\aiogram\types\fields.py", line 95, in export
    return self.serialize(self.get_value(instance))
           ~~~~~~~~~~~~~~^^^^^^^^^^^^^^^^^^^^^^^^^^
  File "C:\Users\Кадзицу\AppData\Roaming\Python\Python314\site-packages\aiogram\types\fields.py", line 105, in serialize
    return value.to_python()
           ~~~~~~~~~~~~~~~^^
  File "C:\Users\Кадзицу\AppData\Roaming\Python\Python314\site-packages\aiogram\types\base.py", line 169, in to_python
    value = self.props[name].export(self)
  File "C:\Users\Кадзицу\AppData\Roaming\Python\Python314\site-packages\aiogram\types\fields.py", line 95, in export
    return self.serialize(self.get_value(instance))
           ~~~~~~~~~~~~~~^^^^^^^^^^^^^^^^^^^^^^^^^^
  File "C:\Users\Кадзицу\AppData\Roaming\Python\Python314\site-packages\aiogram\types\fields.py", line 105, in serialize
    return value.to_python()
           ~~~~~~~~~~~~~~~^^
  File "C:\Users\Кадзицу\AppData\Roaming\Python\Python314\site-packages\aiogram\types\base.py", line 169, in to_python
    value = self.props[name].export(self)
  File "C:\Users\Кадзицу\AppData\Roaming\Python\Python314\site-packages\aiogram\types\fields.py", line 95, in export
    return self.serialize(self.get_value(instance))
           ~~~~~~~~~~~~~~^^^^^^^^^^^^^^^^^^^^^^^^^^
  File "C:\Users\Кадзицу\AppData\Roaming\Python\Python314\site-packages\aiogram\types\fields.py", line 178, in serialize
    return round(value.timestamp())
                 ~~~~~~~~~~~~~~~^^
OSError: [Errno 22] Invalid argument
04/09/2026 08:03:02 AM : error_handler.py line - 49 : errors_handler : root : ERROR : TelegramAPIError: Chat not found 
Update: {"update_id": 657816065, "message": {"message_id": 13, "from": {"id": 5989855758, "is_bot": false, "first_name": "\U0001f968 Мрамор", "username": "marble_soul", "language_code": "ru", "is_premium": true}, "chat": {"id": 5989855758, "first_name": "\U0001f968 Мрамор", "username": "marble_soul", "type": "private"}, "date": 1775696633, "text": "/start", "entities": [{"type": "bot_command", "offset": 0, "length": 6}]}}
Traceback (most recent call last):
  File "C:\Users\Кадзицу\AppData\Roaming\Python\Python314\site-packages\aiogram\dispatcher\dispatcher.py", line 253, in process_update
    return await self.message_handlers.notify(update.message)
           ^^^^^^^^^^^^^^^^^^^^^^^^^^^^^^^^^^^^^^^^^^^^^^^^^^
  File "C:\Users\Кадзицу\AppData\Roaming\Python\Python314\site-packages\aiogram\dispatcher\handler.py", line 117, in notify
    response = await handler_obj.handler(*args, **partial_data)
               ^^^^^^^^^^^^^^^^^^^^^^^^^^^^^^^^^^^^^^^^^^^^^^^^
  File "C:\Users\Кадзицу\Desktop\cartel_auto\handlers\users\start.py", line 20, in bot_start
    await bot.send_message(chat_id=LOGS_CHAT, text=f'\U0001f418 В нашем боте новый пользователь: <a href="tg://user?id={message.chat.id}">{message.from_user.full_name}</a>\n'
                                                f'\u2514@{message.from_user.username}')
  File "C:\Users\Кадзицу\AppData\Roaming\Python\Python314\site-packages\aiogram\bot\bot.py", line 318, in send_message
    result = await self.request(api.Methods.SEND_MESSAGE, payload)
             ^^^^^^^^^^^^^^^^^^^^^^^^^^^^^^^^^^^^^^^^^^^^^^^^^^^^^
  File "C:\Users\Кадзицу\AppData\Roaming\Python\Python314\site-packages\aiogram\bot\base.py", line 208, in request
    return await api.make_request(self.session, self.server, self.__token, method, data, files,
           ^^^^^^^^^^^^^^^^^^^^^^^^^^^^^^^^^^^^^^^^^^^^^^^^^^^^^^^^^^^^^^^^^^^^^^^^^^^^^^^^^^^^
                                  proxy=self.proxy, proxy_auth=self.proxy_auth, timeout=self.timeout, **kwargs)
                                  ^^^^^^^^^^^^^^^^^^^^^^^^^^^^^^^^^^^^^^^^^^^^^^^^^^^^^^^^^^^^^^^^^^^^^^^^^^^^^
  File "C:\Users\Кадзицу\AppData\Roaming\Python\Python314\site-packages\aiogram\bot\api.py", line 140, in make_request
    return check_result(method, response.content_type, response.status, await response.text())
  File "C:\Users\Кадзицу\AppData\Roaming\Python\Python314\site-packages\aiogram\bot\api.py", line 115, in check_result
    exceptions.BadRequest.detect(description)
    ~~~~~~~~~~~~~~~~~~~~~~~~~~~~^^^^^^^^^^^^^
  File "C:\Users\Кадзицу\AppData\Roaming\Python\Python314\site-packages\aiogram\utils\exceptions.py", line 140, in detect
    raise err(cls.text or description)
aiogram.utils.exceptions.ChatNotFound: Chat not found
04/09/2026 08:03:30 AM : error_handler.py line - 49 : errors_handler : root : ERROR : TelegramAPIError: Chat not found 
Update: {"update_id": 657816069, "message": {"message_id": 20, "from": {"id": 5989855758, "is_bot": false, "first_name": "\U0001f968 Мрамор", "username": "marble_soul", "language_code": "ru", "is_premium": true}, "chat": {"id": 5989855758, "first_name": "\U0001f968 Мрамор", "username": "marble_soul", "type": "private"}, "date": 1775696662, "text": "Отель XYZ, комната 123."}}
Traceback (most recent call last):
  File "C:\Users\Кадзицу\AppData\Roaming\Python\Python314\site-packages\aiogram\dispatcher\dispatcher.py", line 253, in process_update
    return await self.message_handlers.notify(update.message)
           ^^^^^^^^^^^^^^^^^^^^^^^^^^^^^^^^^^^^^^^^^^^^^^^^^^
  File "C:\Users\Кадзицу\AppData\Roaming\Python\Python314\site-packages\aiogram\dispatcher\handler.py", line 117, in notify
    response = await handler_obj.handler(*args, **partial_data)
               ^^^^^^^^^^^^^^^^^^^^^^^^^^^^^^^^^^^^^^^^^^^^^^^^
  File "C:\Users\Кадзицу\Desktop\cartel_auto\handlers\users\echo.py", line 114, in send_buy_info
    await bot.send_message(chat_id=LOGS_CHAT, text=f"\U0001f338 Новый заказ цветов!\n"
    ...<4 lines>...
    f"\U0001f4e6 <b>Цветы:</b> <code>{staff[2:]}</code>")
  File "C:\Users\Кадзицу\AppData\Roaming\Python\Python314\site-packages\aiogram\bot\bot.py", line 318, in send_message
    result = await self.request(api.Methods.SEND_MESSAGE, payload)
             ^^^^^^^^^^^^^^^^^^^^^^^^^^^^^^^^^^^^^^^^^^^^^^^^^^^^^
  File "C:\Users\Кадзицу\AppData\Roaming\Python\Python314\site-packages\aiogram\bot\base.py", line 208, in request
    return await api.make_request(self.session, self.server, self.__token, method, data, files,
           ^^^^^^^^^^^^^^^^^^^^^^^^^^^^^^^^^^^^^^^^^^^^^^^^^^^^^^^^^^^^^^^^^^^^^^^^^^^^^^^^^^^^
                                  proxy=self.proxy, proxy_auth=self.proxy_auth, timeout=self.timeout, **kwargs)
                                  ^^^^^^^^^^^^^^^^^^^^^^^^^^^^^^^^^^^^^^^^^^^^^^^^^^^^^^^^^^^^^^^^^^^^^^^^^^^^^
  File "C:\Users\Кадзицу\AppData\Roaming\Python\Python314\site-packages\aiogram\bot\api.py", line 140, in make_request
    return check_result(method, response.content_type, response.status, await response.text())
  File "C:\Users\Кадзицу\AppData\Roaming\Python\Python314\site-packages\aiogram\bot\api.py", line 115, in check_result
    exceptions.BadRequest.detect(description)
    ~~~~~~~~~~~~~~~~~~~~~~~~~~~~^^^^^^^^^^^^^
  File "C:\Users\Кадзицу\AppData\Roaming\Python\Python314\site-packages\aiogram\utils\exceptions.py", line 140, in detect
    raise err(cls.text or description)
aiogram.utils.exceptions.ChatNotFound: Chat not found
04/09/2026 08:07:11 AM : error_handler.py line - 58 : errors_handler : root : ERROR : Update: {"update_id": 657816075, "my_chat_member": {"chat": {"id": -5234535173, "title": "Логи Китсуне", "type": "group", "all_members_are_administrators": false, "accepted_gift_types": {"unlimited_gifts": false, "limited_gifts": false, "unique_gifts": false, "premium_subscription": false, "gifts_from_channels": false}}, "from": {"id": 5989855758, "is_bot": false, "first_name": "\U0001f968 Мрамор", "username": "marble_soul", "language_code": "ru", "is_premium": true}, "date": 1775696883, "old_chat_member": {"user": {"id": 8106056606, "is_bot": true, "first_name": "Kitsune Shop", "username": "egefergre_bot"}, "status": "left"}, "new_chat_member": {"user": {"id": 8106056606, "is_bot": true, "first_name": "Kitsune Shop", "username": "egefergre_bot"}, "status": "member"}}} 
Value should be instance of 'User' not 'NoneType'
Traceback (most recent call last):
  File "C:\Users\Кадзицу\AppData\Roaming\Python\Python314\site-packages\aiogram\dispatcher\dispatcher.py", line 298, in process_update
    types.User.set_current(update.my_chat_member.from_user)
    ~~~~~~~~~~~~~~~~~~~~~~^^^^^^^^^^^^^^^^^^^^^^^^^^^^^^^^^
  File "C:\Users\Кадзицу\AppData\Roaming\Python\Python314\site-packages\aiogram\utils\mixins.py", line 49, in set_current
    raise TypeError(f'Value should be instance of {cls.__name__!r} not {type(value).__name__!r}')
TypeError: Value should be instance of 'User' not 'NoneType'
04/09/2026 08:07:11 AM : base_events.py line - 1875 : default_exception_handler : asyncio : ERROR : Task exception was never retrieved
future: <Task finished name='Task-73' coro=<Dispatcher._process_polling_updates() done, defined at C:\Users\Кадзицу\AppData\Roaming\Python\Python314\site-packages\aiogram\dispatcher\dispatcher.py:395> exception=TypeError("Value should be instance of 'User' not 'NoneType'")>
Traceback (most recent call last):
  File "C:\Users\Кадзицу\AppData\Roaming\Python\Python314\site-packages\aiogram\dispatcher\dispatcher.py", line 403, in _process_polling_updates
    for responses in itertools.chain.from_iterable(await self.process_updates(updates, fast)):
                                                   ^^^^^^^^^^^^^^^^^^^^^^^^^^^^^^^^^^^^^^^^^
  File "C:\Users\Кадзицу\AppData\Roaming\Python\Python314\site-packages\aiogram\dispatcher\dispatcher.py", line 232, in process_updates
    return await asyncio.gather(*tasks)
           ^^^^^^^^^^^^^^^^^^^^^^^^^^^^
  File "C:\Users\Кадзицу\AppData\Roaming\Python\Python314\site-packages\aiogram\dispatcher\handler.py", line 117, in notify
    response = await handler_obj.handler(*args, **partial_data)
               ^^^^^^^^^^^^^^^^^^^^^^^^^^^^^^^^^^^^^^^^^^^^^^^^
  File "C:\Users\Кадзицу\AppData\Roaming\Python\Python314\site-packages\aiogram\dispatcher\dispatcher.py", line 298, in process_update
    types.User.set_current(update.my_chat_member.from_user)
    ~~~~~~~~~~~~~~~~~~~~~~^^^^^^^^^^^^^^^^^^^^^^^^^^^^^^^^^
  File "C:\Users\Кадзицу\AppData\Roaming\Python\Python314\site-packages\aiogram\utils\mixins.py", line 49, in set_current
    raise TypeError(f'Value should be instance of {cls.__name__!r} not {type(value).__name__!r}')
TypeError: Value should be instance of 'User' not 'NoneType'
04/09/2026 08:07:42 AM : error_handler.py line - 58 : errors_handler : root : ERROR : Update: {"update_id": 657816077, "my_chat_member": {"chat": {"id": -1003990572502, "title": "Логи Китсуне", "type": "supergroup"}, "from": {"id": 5989855758, "is_bot": false, "first_name": "\U0001f968 Мрамор", "username": "marble_soul", "language_code": "ru", "is_premium": true}, "date": 1775696914, "old_chat_member": {"user": {"id": 8106056606, "is_bot": true, "first_name": "Kitsune Shop", "username": "egefergre_bot"}, "status": "left"}, "new_chat_member": {"user": {"id": 8106056606, "is_bot": true, "first_name": "Kitsune Shop", "username": "egefergre_bot"}, "status": "member"}}} 
Value should be instance of 'User' not 'NoneType'
Traceback (most recent call last):
  File "C:\Users\Кадзицу\AppData\Roaming\Python\Python314\site-packages\aiogram\dispatcher\dispatcher.py", line 298, in process_update
    types.User.set_current(update.my_chat_member.from_user)
    ~~~~~~~~~~~~~~~~~~~~~~^^^^^^^^^^^^^^^^^^^^^^^^^^^^^^^^^
  File "C:\Users\Кадзицу\AppData\Roaming\Python\Python314\site-packages\aiogram\utils\mixins.py", line 49, in set_current
    raise TypeError(f'Value should be instance of {cls.__name__!r} not {type(value).__name__!r}')
TypeError: Value should be instance of 'User' not 'NoneType'
04/09/2026 08:07:42 AM : base_events.py line - 1875 : default_exception_handler : asyncio : ERROR : Task exception was never retrieved
future: <Task finished name='Task-80' coro=<Dispatcher._process_polling_updates() done, defined at C:\Users\Кадзицу\AppData\Roaming\Python\Python314\site-packages\aiogram\dispatcher\dispatcher.py:395> exception=TypeError("Value should be instance of 'User' not 'NoneType'")>
Traceback (most recent call last):
  File "C:\Users\Кадзицу\AppData\Roaming\Python\Python314\site-packages\aiogram\dispatcher\dispatcher.py", line 403, in _process_polling_updates
    for responses in itertools.chain.from_iterable(await self.process_updates(updates, fast)):
                                                   ^^^^^^^^^^^^^^^^^^^^^^^^^^^^^^^^^^^^^^^^^
  File "C:\Users\Кадзицу\AppData\Roaming\Python\Python314\site-packages\aiogram\dispatcher\dispatcher.py", line 232, in process_updates
    return await asyncio.gather(*tasks)
           ^^^^^^^^^^^^^^^^^^^^^^^^^^^^
  File "C:\Users\Кадзицу\AppData\Roaming\Python\Python314\site-packages\aiogram\dispatcher\handler.py", line 117, in notify
    response = await handler_obj.handler(*args, **partial_data)
               ^^^^^^^^^^^^^^^^^^^^^^^^^^^^^^^^^^^^^^^^^^^^^^^^
  File "C:\Users\Кадзицу\AppData\Roaming\Python\Python314\site-packages\aiogram\dispatcher\dispatcher.py", line 298, in process_update
    types.User.set_current(update.my_chat_member.from_user)
    ~~~~~~~~~~~~~~~~~~~~~~^^^^^^^^^^^^^^^^^^^^^^^^^^^^^^^^^
  File "C:\Users\Кадзицу\AppData\Roaming\Python\Python314\site-packages\aiogram\utils\mixins.py", line 49, in set_current
    raise TypeError(f'Value should be instance of {cls.__name__!r} not {type(value).__name__!r}')
TypeError: Value should be instance of 'User' not 'NoneType'
04/09/2026 08:07:42 AM : error_handler.py line - 58 : errors_handler : root : ERROR : Update: {"update_id": 657816080, "my_chat_member": {"chat": {"id": -1003990572502, "title": "Логи Китсуне", "type": "supergroup"}, "from": {"id": 5989855758, "is_bot": false, "first_name": "\U0001f968 Мрамор", "username": "marble_soul", "language_code": "ru", "is_premium": true}, "date": 1775696915, "old_chat_member": {"user": {"id": 8106056606, "is_bot": true, "first_name": "Kitsune Shop", "username": "egefergre_bot"}, "status": "member"}, "new_chat_member": {"user": {"id": 8106056606, "is_bot": true, "first_name": "Kitsune Shop", "username": "egefergre_bot"}, "status": "administrator", "can_be_edited": false, "can_manage_chat": true, "can_change_info": true, "can_delete_messages": true, "can_invite_users": true, "can_restrict_members": true, "can_pin_messages": true, "can_manage_topics": false, "can_promote_members": true, "can_manage_video_chats": true, "can_post_stories": true, "can_edit_stories": true, "can_delete_stories": true, "can_manage_tags": true, "is_anonymous": false, "can_manage_voice_chats": true}}} 
Value should be instance of 'User' not 'NoneType'
Traceback (most recent call last):
  File "C:\Users\Кадзицу\AppData\Roaming\Python\Python314\site-packages\aiogram\dispatcher\dispatcher.py", line 298, in process_update
    types.User.set_current(update.my_chat_member.from_user)
    ~~~~~~~~~~~~~~~~~~~~~~^^^^^^^^^^^^^^^^^^^^^^^^^^^^^^^^^
  File "C:\Users\Кадзицу\AppData\Roaming\Python\Python314\site-packages\aiogram\utils\mixins.py", line 49, in set_current
    raise TypeError(f'Value should be instance of {cls.__name__!r} not {type(value).__name__!r}')
TypeError: Value should be instance of 'User' not 'NoneType'
04/09/2026 08:07:42 AM : base_events.py line - 1875 : default_exception_handler : asyncio : ERROR : Task exception was never retrieved
future: <Task finished name='Task-87' coro=<Dispatcher._process_polling_updates() done, defined at C:\Users\Кадзицу\AppData\Roaming\Python\Python314\site-packages\aiogram\dispatcher\dispatcher.py:395> exception=TypeError("Value should be instance of 'User' not 'NoneType'")>
Traceback (most recent call last):
  File "C:\Users\Кадзицу\AppData\Roaming\Python\Python314\site-packages\aiogram\dispatcher\dispatcher.py", line 403, in _process_polling_updates
    for responses in itertools.chain.from_iterable(await self.process_updates(updates, fast)):
                                                   ^^^^^^^^^^^^^^^^^^^^^^^^^^^^^^^^^^^^^^^^^
  File "C:\Users\Кадзицу\AppData\Roaming\Python\Python314\site-packages\aiogram\dispatcher\dispatcher.py", line 232, in process_updates
    return await asyncio.gather(*tasks)
           ^^^^^^^^^^^^^^^^^^^^^^^^^^^^
  File "C:\Users\Кадзицу\AppData\Roaming\Python\Python314\site-packages\aiogram\dispatcher\handler.py", line 117, in notify
    response = await handler_obj.handler(*args, **partial_data)
               ^^^^^^^^^^^^^^^^^^^^^^^^^^^^^^^^^^^^^^^^^^^^^^^^
  File "C:\Users\Кадзицу\AppData\Roaming\Python\Python314\site-packages\aiogram\dispatcher\dispatcher.py", line 298, in process_update
    types.User.set_current(update.my_chat_member.from_user)
    ~~~~~~~~~~~~~~~~~~~~~~^^^^^^^^^^^^^^^^^^^^^^^^^^^^^^^^^
  File "C:\Users\Кадзицу\AppData\Roaming\Python\Python314\site-packages\aiogram\utils\mixins.py", line 49, in set_current
    raise TypeError(f'Value should be instance of {cls.__name__!r} not {type(value).__name__!r}')
TypeError: Value should be instance of 'User' not 'NoneType'
04/09/2026 08:08:00 AM : error_handler.py line - 58 : errors_handler : root : ERROR : Update: {"update_id": 657816081, "my_chat_member": {"chat": {"id": -1003990572502, "title": "Логи Китсуне", "type": "supergroup"}, "from": {"id": 5989855758, "is_bot": false, "first_name": "\U0001f968 Мрамор", "username": "marble_soul", "language_code": "ru", "is_premium": true}, "date": 1775696933, "old_chat_member": {"user": {"id": 8106056606, "is_bot": true, "first_name": "Kitsune Shop", "username": "egefergre_bot"}, "status": "administrator", "can_be_edited": false, "can_manage_chat": true, "can_change_info": true, "can_delete_messages": true, "can_invite_users": true, "can_restrict_members": true, "can_pin_messages": true, "can_manage_topics": false, "can_promote_members": true, "can_manage_video_chats": true, "can_post_stories": true, "can_edit_stories": true, "can_delete_stories": true, "can_manage_tags": true, "is_anonymous": false, "can_manage_voice_chats": true}, "new_chat_member": {"user": {"id": 8106056606, "is_bot": true, "first_name": "Kitsune Shop", "username": "egefergre_bot"}, "status": "administrator", "can_be_edited": false, "can_manage_chat": true, "can_change_info": true, "can_delete_messages": true, "can_invite_users": true, "can_restrict_members": true, "can_pin_messages": true, "can_manage_topics": false, "can_promote_members": false, "can_manage_video_chats": true, "can_post_stories": false, "can_edit_stories": false, "can_delete_stories": false, "can_manage_tags": true, "is_anonymous": false, "can_manage_voice_chats": true}}} 
Value should be instance of 'User' not 'NoneType'
Traceback (most recent call last):
  File "C:\Users\Кадзицу\AppData\Roaming\Python\Python314\site-packages\aiogram\dispatcher\dispatcher.py", line 298, in process_update
    types.User.set_current(update.my_chat_member.from_user)
    ~~~~~~~~~~~~~~~~~~~~~~^^^^^^^^^^^^^^^^^^^^^^^^^^^^^^^^^
  File "C:\Users\Кадзицу\AppData\Roaming\Python\Python314\site-packages\aiogram\utils\mixins.py", line 49, in set_current
    raise TypeError(f'Value should be instance of {cls.__name__!r} not {type(value).__name__!r}')
TypeError: Value should be instance of 'User' not 'NoneType'
04/09/2026 08:08:00 AM : base_events.py line - 1875 : default_exception_handler : asyncio : ERROR : Task exception was never retrieved
future: <Task finished name='Task-90' coro=<Dispatcher._process_polling_updates() done, defined at C:\Users\Кадзицу\AppData\Roaming\Python\Python314\site-packages\aiogram\dispatcher\dispatcher.py:395> exception=TypeError("Value should be instance of 'User' not 'NoneType'")>
Traceback (most recent call last):
  File "C:\Users\Кадзицу\AppData\Roaming\Python\Python314\site-packages\aiogram\dispatcher\dispatcher.py", line 403, in _process_polling_updates
    for responses in itertools.chain.from_iterable(await self.process_updates(updates, fast)):
                                                   ^^^^^^^^^^^^^^^^^^^^^^^^^^^^^^^^^^^^^^^^^
  File "C:\Users\Кадзицу\AppData\Roaming\Python\Python314\site-packages\aiogram\dispatcher\dispatcher.py", line 232, in process_updates
    return await asyncio.gather(*tasks)
           ^^^^^^^^^^^^^^^^^^^^^^^^^^^^
  File "C:\Users\Кадзицу\AppData\Roaming\Python\Python314\site-packages\aiogram\dispatcher\handler.py", line 117, in notify
    response = await handler_obj.handler(*args, **partial_data)
               ^^^^^^^^^^^^^^^^^^^^^^^^^^^^^^^^^^^^^^^^^^^^^^^^
  File "C:\Users\Кадзицу\AppData\Roaming\Python\Python314\site-packages\aiogram\dispatcher\dispatcher.py", line 298, in process_update
    types.User.set_current(update.my_chat_member.from_user)
    ~~~~~~~~~~~~~~~~~~~~~~^^^^^^^^^^^^^^^^^^^^^^^^^^^^^^^^^
  File "C:\Users\Кадзицу\AppData\Roaming\Python\Python314\site-packages\aiogram\utils\mixins.py", line 49, in set_current
    raise TypeError(f'Value should be instance of {cls.__name__!r} not {type(value).__name__!r}')
TypeError: Value should be instance of 'User' not 'NoneType'
04/09/2026 08:09:36 AM : error_handler.py line - 49 : errors_handler : root : ERROR : TelegramAPIError: Chat not found 
Update: {"update_id": 657816084, "message": {"message_id": 34, "from": {"id": 5989855758, "is_bot": false, "first_name": "\U0001f968 Мрамор", "username": "marble_soul", "language_code": "ru", "is_premium": true}, "chat": {"id": 5989855758, "first_name": "\U0001f968 Мрамор", "username": "marble_soul", "type": "private"}, "date": 1775697027, "text": "Отель XYZ, комната 123."}}
Traceback (most recent call last):
  File "C:\Users\Кадзицу\AppData\Roaming\Python\Python314\site-packages\aiogram\dispatcher\dispatcher.py", line 253, in process_update
    return await self.message_handlers.notify(update.message)
           ^^^^^^^^^^^^^^^^^^^^^^^^^^^^^^^^^^^^^^^^^^^^^^^^^^
  File "C:\Users\Кадзицу\AppData\Roaming\Python\Python314\site-packages\aiogram\dispatcher\handler.py", line 117, in notify
    response = await handler_obj.handler(*args, **partial_data)
               ^^^^^^^^^^^^^^^^^^^^^^^^^^^^^^^^^^^^^^^^^^^^^^^^
  File "C:\Users\Кадзицу\Desktop\cartel_auto\handlers\users\echo.py", line 114, in send_buy_info
    await bot.send_message(chat_id=LOGS_CHAT, text=f"\U0001f338 Новый заказ цветов!\n"
    ...<4 lines>...
    f"\U0001f4e6 <b>Цветы:</b> <code>{staff[2:]}</code>")
  File "C:\Users\Кадзицу\AppData\Roaming\Python\Python314\site-packages\aiogram\bot\bot.py", line 318, in send_message
    result = await self.request(api.Methods.SEND_MESSAGE, payload)
             ^^^^^^^^^^^^^^^^^^^^^^^^^^^^^^^^^^^^^^^^^^^^^^^^^^^^^
  File "C:\Users\Кадзицу\AppData\Roaming\Python\Python314\site-packages\aiogram\bot\base.py", line 208, in request
    return await api.make_request(self.session, self.server, self.__token, method, data, files,
           ^^^^^^^^^^^^^^^^^^^^^^^^^^^^^^^^^^^^^^^^^^^^^^^^^^^^^^^^^^^^^^^^^^^^^^^^^^^^^^^^^^^^
                                  proxy=self.proxy, proxy_auth=self.proxy_auth, timeout=self.timeout, **kwargs)
                                  ^^^^^^^^^^^^^^^^^^^^^^^^^^^^^^^^^^^^^^^^^^^^^^^^^^^^^^^^^^^^^^^^^^^^^^^^^^^^^
  File "C:\Users\Кадзицу\AppData\Roaming\Python\Python314\site-packages\aiogram\bot\api.py", line 140, in make_request
    return check_result(method, response.content_type, response.status, await response.text())
  File "C:\Users\Кадзицу\AppData\Roaming\Python\Python314\site-packages\aiogram\bot\api.py", line 115, in check_result
    exceptions.BadRequest.detect(description)
    ~~~~~~~~~~~~~~~~~~~~~~~~~~~~^^^^^^^^^^^^^
  File "C:\Users\Кадзицу\AppData\Roaming\Python\Python314\site-packages\aiogram\utils\exceptions.py", line 140, in detect
    raise err(cls.text or description)
aiogram.utils.exceptions.ChatNotFound: Chat not found
04/09/2026 08:10:52 AM : error_handler.py line - 49 : errors_handler : root : ERROR : TelegramAPIError: Chat not found 
Update: {"update_id": 657816087, "message": {"message_id": 40, "from": {"id": 5989855758, "is_bot": false, "first_name": "\U0001f968 Мрамор", "username": "marble_soul", "language_code": "ru", "is_premium": true}, "chat": {"id": 5989855758, "first_name": "\U0001f968 Мрамор", "username": "marble_soul", "type": "private"}, "date": 1775697103, "text": "Отель XYZ, комната 123."}}
Traceback (most recent call last):
  File "C:\Users\Кадзицу\AppData\Roaming\Python\Python314\site-packages\aiogram\dispatcher\dispatcher.py", line 253, in process_update
    return await self.message_handlers.notify(update.message)
           ^^^^^^^^^^^^^^^^^^^^^^^^^^^^^^^^^^^^^^^^^^^^^^^^^^
  File "C:\Users\Кадзицу\AppData\Roaming\Python\Python314\site-packages\aiogram\dispatcher\handler.py", line 117, in notify
    response = await handler_obj.handler(*args, **partial_data)
               ^^^^^^^^^^^^^^^^^^^^^^^^^^^^^^^^^^^^^^^^^^^^^^^^
  File "C:\Users\Кадзицу\Desktop\cartel_auto\handlers\users\echo.py", line 114, in send_buy_info
    await bot.send_message(chat_id=LOGS_CHAT, text=f"\U0001f338 Новый заказ цветов!\n"
    ...<4 lines>...
    f"\U0001f4e6 <b>Цветы:</b> <code>{staff[2:]}</code>")
  File "C:\Users\Кадзицу\AppData\Roaming\Python\Python314\site-packages\aiogram\bot\bot.py", line 318, in send_message
    result = await self.request(api.Methods.SEND_MESSAGE, payload)
             ^^^^^^^^^^^^^^^^^^^^^^^^^^^^^^^^^^^^^^^^^^^^^^^^^^^^^
  File "C:\Users\Кадзицу\AppData\Roaming\Python\Python314\site-packages\aiogram\bot\base.py", line 208, in request
    return await api.make_request(self.session, self.server, self.__token, method, data, files,
           ^^^^^^^^^^^^^^^^^^^^^^^^^^^^^^^^^^^^^^^^^^^^^^^^^^^^^^^^^^^^^^^^^^^^^^^^^^^^^^^^^^^^
                                  proxy=self.proxy, proxy_auth=self.proxy_auth, timeout=self.timeout, **kwargs)
                                  ^^^^^^^^^^^^^^^^^^^^^^^^^^^^^^^^^^^^^^^^^^^^^^^^^^^^^^^^^^^^^^^^^^^^^^^^^^^^^
  File "C:\Users\Кадзицу\AppData\Roaming\Python\Python314\site-packages\aiogram\bot\api.py", line 140, in make_request
    return check_result(method, response.content_type, response.status, await response.text())
  File "C:\Users\Кадзицу\AppData\Roaming\Python\Python314\site-packages\aiogram\bot\api.py", line 115, in check_result
    exceptions.BadRequest.detect(description)
    ~~~~~~~~~~~~~~~~~~~~~~~~~~~~^^^^^^^^^^^^^
  File "C:\Users\Кадзицу\AppData\Roaming\Python\Python314\site-packages\aiogram\utils\exceptions.py", line 140, in detect
    raise err(cls.text or description)
aiogram.utils.exceptions.ChatNotFound: Chat not found
04/09/2026 08:11:14 AM : error_handler.py line - 58 : errors_handler : root : ERROR : Update: {"update_id": 657816088, "my_chat_member": {"chat": {"id": -1003990572502, "title": "Логи Китсуне", "type": "supergroup"}, "from": {"id": 5989855758, "is_bot": false, "first_name": "\U0001f968 Мрамор", "username": "marble_soul", "language_code": "ru", "is_premium": true}, "date": 1775697126, "old_chat_member": {"user": {"id": 8106056606, "is_bot": true, "first_name": "Kitsune Shop", "username": "egefergre_bot"}, "status": "administrator", "can_be_edited": false, "can_manage_chat": true, "can_change_info": true, "can_delete_messages": true, "can_invite_users": true, "can_restrict_members": true, "can_pin_messages": true, "can_manage_topics": false, "can_promote_members": false, "can_manage_video_chats": true, "can_post_stories": false, "can_edit_stories": false, "can_delete_stories": false, "can_manage_tags": true, "is_anonymous": false, "can_manage_voice_chats": true}, "new_chat_member": {"user": {"id": 8106056606, "is_bot": true, "first_name": "Kitsune Shop", "username": "egefergre_bot"}, "status": "administrator", "can_be_edited": false, "can_manage_chat": true, "can_change_info": true, "can_delete_messages": true, "can_invite_users": true, "can_restrict_members": true, "can_pin_messages": true, "can_manage_topics": false, "can_promote_members": true, "can_manage_video_chats": true, "can_post_stories": false, "can_edit_stories": false, "can_delete_stories": false, "can_manage_tags": true, "is_anonymous": true, "can_manage_voice_chats": true}}} 
Value should be instance of 'User' not 'NoneType'
Traceback (most recent call last):
  File "C:\Users\Кадзицу\AppData\Roaming\Python\Python314\site-packages\aiogram\dispatcher\dispatcher.py", line 298, in process_update
    types.User.set_current(update.my_chat_member.from_user)
    ~~~~~~~~~~~~~~~~~~~~~~^^^^^^^^^^^^^^^^^^^^^^^^^^^^^^^^^
  File "C:\Users\Кадзицу\AppData\Roaming\Python\Python314\site-packages\aiogram\utils\mixins.py", line 49, in set_current
    raise TypeError(f'Value should be instance of {cls.__name__!r} not {type(value).__name__!r}')
TypeError: Value should be instance of 'User' not 'NoneType'
04/09/2026 08:11:14 AM : base_events.py line - 1875 : default_exception_handler : asyncio : ERROR : Task exception was never retrieved
future: <Task finished name='Task-128' coro=<Dispatcher._process_polling_updates() done, defined at C:\Users\Кадзицу\AppData\Roaming\Python\Python314\site-packages\aiogram\dispatcher\dispatcher.py:395> exception=TypeError("Value should be instance of 'User' not 'NoneType'")>
Traceback (most recent call last):
  File "C:\Users\Кадзицу\AppData\Roaming\Python\Python314\site-packages\aiogram\dispatcher\dispatcher.py", line 403, in _process_polling_updates
    for responses in itertools.chain.from_iterable(await self.process_updates(updates, fast)):
                                                   ^^^^^^^^^^^^^^^^^^^^^^^^^^^^^^^^^^^^^^^^^
  File "C:\Users\Кадзицу\AppData\Roaming\Python\Python314\site-packages\aiogram\dispatcher\dispatcher.py", line 232, in process_updates
    return await asyncio.gather(*tasks)
           ^^^^^^^^^^^^^^^^^^^^^^^^^^^^
  File "C:\Users\Кадзицу\AppData\Roaming\Python\Python314\site-packages\aiogram\dispatcher\handler.py", line 117, in notify
    response = await handler_obj.handler(*args, **partial_data)
               ^^^^^^^^^^^^^^^^^^^^^^^^^^^^^^^^^^^^^^^^^^^^^^^^
  File "C:\Users\Кадзицу\AppData\Roaming\Python\Python314\site-packages\aiogram\dispatcher\dispatcher.py", line 298, in process_update
    types.User.set_current(update.my_chat_member.from_user)
    ~~~~~~~~~~~~~~~~~~~~~~^^^^^^^^^^^^^^^^^^^^^^^^^^^^^^^^^
  File "C:\Users\Кадзицу\AppData\Roaming\Python\Python314\site-packages\aiogram\utils\mixins.py", line 49, in set_current
    raise TypeError(f'Value should be instance of {cls.__name__!r} not {type(value).__name__!r}')
TypeError: Value should be instance of 'User' not 'NoneType'
04/09/2026 08:12:51 AM : executor.py line - 351 : _welcome : aiogram : INFO : Bot: Kitsune Shop [@egefergre_bot]
04/09/2026 08:12:52 AM : notify_admins.py line - 14 : on_startup_notify : root : ERROR : Chat not found
Traceback (most recent call last):
  File "C:\Users\Кадзицу\Desktop\cartel_auto\utils\notify_admins.py", line 11, in on_startup_notify
    await dp.bot.send_message(admin, "Бот Запущен")
  File "C:\Users\Кадзицу\AppData\Roaming\Python\Python314\site-packages\aiogram\bot\bot.py", line 318, in send_message
    result = await self.request(api.Methods.SEND_MESSAGE, payload)
             ^^^^^^^^^^^^^^^^^^^^^^^^^^^^^^^^^^^^^^^^^^^^^^^^^^^^^
  File "C:\Users\Кадзицу\AppData\Roaming\Python\Python314\site-packages\aiogram\bot\base.py", line 208, in request
    return await api.make_request(self.session, self.server, self.__token, method, data, files,
           ^^^^^^^^^^^^^^^^^^^^^^^^^^^^^^^^^^^^^^^^^^^^^^^^^^^^^^^^^^^^^^^^^^^^^^^^^^^^^^^^^^^^
                                  proxy=self.proxy, proxy_auth=self.proxy_auth, timeout=self.timeout, **kwargs)
                                  ^^^^^^^^^^^^^^^^^^^^^^^^^^^^^^^^^^^^^^^^^^^^^^^^^^^^^^^^^^^^^^^^^^^^^^^^^^^^^
  File "C:\Users\Кадзицу\AppData\Roaming\Python\Python314\site-packages\aiogram\bot\api.py", line 140, in make_request
    return check_result(method, response.content_type, response.status, await response.text())
  File "C:\Users\Кадзицу\AppData\Roaming\Python\Python314\site-packages\aiogram\bot\api.py", line 115, in check_result
    exceptions.BadRequest.detect(description)
    ~~~~~~~~~~~~~~~~~~~~~~~~~~~~^^^^^^^^^^^^^
  File "C:\Users\Кадзицу\AppData\Roaming\Python\Python314\site-packages\aiogram\utils\exceptions.py", line 140, in detect
    raise err(cls.text or description)
aiogram.utils.exceptions.ChatNotFound: Chat not found
04/09/2026 08:12:52 AM : dispatcher.py line - 351 : start_polling : aiogram.dispatcher.dispatcher : INFO : Start polling.
04/09/2026 08:12:53 AM : error_handler.py line - 41 : errors_handler : root : ERROR : Unauthorized: Forbidden: bot was blocked by the user
Traceback (most recent call last):
  File "C:\Users\Кадзицу\Desktop\cartel_auto\middlewares\throttling.py", line 30, in on_process_message
    await dispatcher.throttle(key, rate=limit)
  File "C:\Users\Кадзицу\AppData\Roaming\Python\Python314\site-packages\aiogram\utils\deprecated.py", line 122, in wrapped
    return await func(*args, **kwargs)
           ^^^^^^^^^^^^^^^^^^^^^^^^^^^
  File "C:\Users\Кадзицу\AppData\Roaming\Python\Python314\site-packages\aiogram\utils\deprecated.py", line 122, in wrapped
    return await func(*args, **kwargs)
           ^^^^^^^^^^^^^^^^^^^^^^^^^^^
  File "C:\Users\Кадзицу\AppData\Roaming\Python\Python314\site-packages\aiogram\dispatcher\dispatcher.py", line 1251, in throttle
    raise Throttled(key=key, chat=chat_id, user=user_id, **data)
aiogram.utils.exceptions.Throttled: Rate limit exceeded! (Limit: 0.1 s, exceeded: 2, time delta: 0.001 s)

During handling of the above exception, another exception occurred:

Traceback (most recent call last):
  File "C:\Users\Кадзицу\AppData\Roaming\Python\Python314\site-packages\aiogram\dispatcher\dispatcher.py", line 253, in process_update
    return await self.message_handlers.notify(update.message)
           ^^^^^^^^^^^^^^^^^^^^^^^^^^^^^^^^^^^^^^^^^^^^^^^^^^
  File "C:\Users\Кадзицу\AppData\Roaming\Python\Python314\site-packages\aiogram\dispatcher\handler.py", line 115, in notify
    await self.dispatcher.middleware.trigger(f"process_{self.middleware_key}", args + (data,))
  File "C:\Users\Кадзицу\AppData\Roaming\Python\Python314\site-packages\aiogram\dispatcher\middlewares.py", line 53, in trigger
    await app.trigger(action, args)
  File "C:\Users\Кадзицу\AppData\Roaming\Python\Python314\site-packages\aiogram\dispatcher\middlewares.py", line 106, in trigger
    await handler(*args)
  File "C:\Users\Кадзицу\Desktop\cartel_auto\middlewares\throttling.py", line 32, in on_process_message
    await self.message_throttled(message, t)
  File "C:\Users\Кадзицу\Desktop\cartel_auto\middlewares\throttling.py", line 37, in message_throttled
    await message.reply("Too many requests!")
  File "C:\Users\Кадзицу\AppData\Roaming\Python\Python314\site-packages\aiogram\types\message.py", line 1495, in reply
    return await self.bot.send_message(
           ^^^^^^^^^^^^^^^^^^^^^^^^^^^^
    ...<9 lines>...
    )
    ^
  File "C:\Users\Кадзицу\AppData\Roaming\Python\Python314\site-packages\aiogram\bot\bot.py", line 318, in send_message
    result = await self.request(api.Methods.SEND_MESSAGE, payload)
             ^^^^^^^^^^^^^^^^^^^^^^^^^^^^^^^^^^^^^^^^^^^^^^^^^^^^^
  File "C:\Users\Кадзицу\AppData\Roaming\Python\Python314\site-packages\aiogram\bot\base.py", line 208, in request
    return await api.make_request(self.session, self.server, self.__token, method, data, files,
           ^^^^^^^^^^^^^^^^^^^^^^^^^^^^^^^^^^^^^^^^^^^^^^^^^^^^^^^^^^^^^^^^^^^^^^^^^^^^^^^^^^^^
                                  proxy=self.proxy, proxy_auth=self.proxy_auth, timeout=self.timeout, **kwargs)
                                  ^^^^^^^^^^^^^^^^^^^^^^^^^^^^^^^^^^^^^^^^^^^^^^^^^^^^^^^^^^^^^^^^^^^^^^^^^^^^^
  File "C:\Users\Кадзицу\AppData\Roaming\Python\Python314\site-packages\aiogram\bot\api.py", line 140, in make_request
    return check_result(method, response.content_type, response.status, await response.text())
  File "C:\Users\Кадзицу\AppData\Roaming\Python\Python314\site-packages\aiogram\bot\api.py", line 121, in check_result
    exceptions.Unauthorized.detect(description)
    ~~~~~~~~~~~~~~~~~~~~~~~~~~~~~~^^^^^^^^^^^^^
  File "C:\Users\Кадзицу\AppData\Roaming\Python\Python314\site-packages\aiogram\utils\exceptions.py", line 140, in detect
    raise err(cls.text or description)
aiogram.utils.exceptions.BotBlocked: Forbidden: bot was blocked by the user
04/09/2026 08:12:53 AM : base_events.py line - 1875 : default_exception_handler : asyncio : ERROR : Task exception was never retrieved
future: <Task finished name='Task-15' coro=<Dispatcher._process_polling_updates() done, defined at C:\Users\Кадзицу\AppData\Roaming\Python\Python314\site-packages\aiogram\dispatcher\dispatcher.py:395> exception=OSError(22, 'Invalid argument')>
Traceback (most recent call last):
  File "C:\Users\Кадзицу\AppData\Roaming\Python\Python314\site-packages\aiogram\dispatcher\dispatcher.py", line 298, in process_update
    types.User.set_current(update.my_chat_member.from_user)
    ~~~~~~~~~~~~~~~~~~~~~~^^^^^^^^^^^^^^^^^^^^^^^^^^^^^^^^^
  File "C:\Users\Кадзицу\AppData\Roaming\Python\Python314\site-packages\aiogram\utils\mixins.py", line 49, in set_current
    raise TypeError(f'Value should be instance of {cls.__name__!r} not {type(value).__name__!r}')
TypeError: Value should be instance of 'User' not 'NoneType'

During handling of the above exception, another exception occurred:

Traceback (most recent call last):
  File "C:\Users\Кадзицу\AppData\Roaming\Python\Python314\site-packages\aiogram\dispatcher\dispatcher.py", line 403, in _process_polling_updates
    for responses in itertools.chain.from_iterable(await self.process_updates(updates, fast)):
                                                   ^^^^^^^^^^^^^^^^^^^^^^^^^^^^^^^^^^^^^^^^^
  File "C:\Users\Кадзицу\AppData\Roaming\Python\Python314\site-packages\aiogram\dispatcher\dispatcher.py", line 232, in process_updates
    return await asyncio.gather(*tasks)
           ^^^^^^^^^^^^^^^^^^^^^^^^^^^^
  File "C:\Users\Кадзицу\AppData\Roaming\Python\Python314\site-packages\aiogram\dispatcher\handler.py", line 117, in notify
    response = await handler_obj.handler(*args, **partial_data)
               ^^^^^^^^^^^^^^^^^^^^^^^^^^^^^^^^^^^^^^^^^^^^^^^^
  File "C:\Users\Кадзицу\AppData\Roaming\Python\Python314\site-packages\aiogram\dispatcher\dispatcher.py", line 305, in process_update
    err = await self.errors_handlers.notify(update, e)
          ^^^^^^^^^^^^^^^^^^^^^^^^^^^^^^^^^^^^^^^^^^^^
  File "C:\Users\Кадзицу\AppData\Roaming\Python\Python314\site-packages\aiogram\dispatcher\handler.py", line 117, in notify
    response = await handler_obj.handler(*args, **partial_data)
               ^^^^^^^^^^^^^^^^^^^^^^^^^^^^^^^^^^^^^^^^^^^^^^^^
  File "C:\Users\Кадзицу\Desktop\cartel_auto\handlers\errors\error_handler.py", line 58, in errors_handler
    logging.exception(f'Update: {update} \n{exception}')
                                ^^^^^^^^
  File "C:\Users\Кадзицу\AppData\Roaming\Python\Python314\site-packages\aiogram\types\base.py", line 204, in __str__
    return self.as_json()
           ~~~~~~~~~~~~^^
  File "C:\Users\Кадзицу\AppData\Roaming\Python\Python314\site-packages\aiogram\types\base.py", line 192, in as_json
    return json.dumps(self.to_python())
                      ~~~~~~~~~~~~~~^^
  File "C:\Users\Кадзицу\AppData\Roaming\Python\Python314\site-packages\aiogram\types\base.py", line 169, in to_python
    value = self.props[name].export(self)
  File "C:\Users\Кадзицу\AppData\Roaming\Python\Python314\site-packages\aiogram\types\fields.py", line 95, in export
    return self.serialize(self.get_value(instance))
           ~~~~~~~~~~~~~~^^^^^^^^^^^^^^^^^^^^^^^^^^
  File "C:\Users\Кадзицу\AppData\Roaming\Python\Python314\site-packages\aiogram\types\fields.py", line 105, in serialize
    return value.to_python()
           ~~~~~~~~~~~~~~~^^
  File "C:\Users\Кадзицу\AppData\Roaming\Python\Python314\site-packages\aiogram\types\base.py", line 169, in to_python
    value = self.props[name].export(self)
  File "C:\Users\Кадзицу\AppData\Roaming\Python\Python314\site-packages\aiogram\types\fields.py", line 95, in export
    return self.serialize(self.get_value(instance))
           ~~~~~~~~~~~~~~^^^^^^^^^^^^^^^^^^^^^^^^^^
  File "C:\Users\Кадзицу\AppData\Roaming\Python\Python314\site-packages\aiogram\types\fields.py", line 105, in serialize
    return value.to_python()
           ~~~~~~~~~~~~~~~^^
  File "C:\Users\Кадзицу\AppData\Roaming\Python\Python314\site-packages\aiogram\types\base.py", line 169, in to_python
    value = self.props[name].export(self)
  File "C:\Users\Кадзицу\AppData\Roaming\Python\Python314\site-packages\aiogram\types\fields.py", line 95, in export
    return self.serialize(self.get_value(instance))
           ~~~~~~~~~~~~~~^^^^^^^^^^^^^^^^^^^^^^^^^^
  File "C:\Users\Кадзицу\AppData\Roaming\Python\Python314\site-packages\aiogram\types\fields.py", line 178, in serialize
    return round(value.timestamp())
                 ~~~~~~~~~~~~~~~^^
OSError: [Errno 22] Invalid argument
04/09/2026 08:12:54 AM : base_events.py line - 1875 : default_exception_handler : asyncio : ERROR : Task exception was never retrieved
future: <Task finished name='Task-18' coro=<Dispatcher._process_polling_updates() done, defined at C:\Users\Кадзицу\AppData\Roaming\Python\Python314\site-packages\aiogram\dispatcher\dispatcher.py:395> exception=OSError(22, 'Invalid argument')>
Traceback (most recent call last):
  File "C:\Users\Кадзицу\AppData\Roaming\Python\Python314\site-packages\aiogram\dispatcher\dispatcher.py", line 298, in process_update
    types.User.set_current(update.my_chat_member.from_user)
    ~~~~~~~~~~~~~~~~~~~~~~^^^^^^^^^^^^^^^^^^^^^^^^^^^^^^^^^
  File "C:\Users\Кадзицу\AppData\Roaming\Python\Python314\site-packages\aiogram\utils\mixins.py", line 49, in set_current
    raise TypeError(f'Value should be instance of {cls.__name__!r} not {type(value).__name__!r}')
TypeError: Value should be instance of 'User' not 'NoneType'

During handling of the above exception, another exception occurred:

Traceback (most recent call last):
  File "C:\Users\Кадзицу\AppData\Roaming\Python\Python314\site-packages\aiogram\dispatcher\dispatcher.py", line 403, in _process_polling_updates
    for responses in itertools.chain.from_iterable(await self.process_updates(updates, fast)):
                                                   ^^^^^^^^^^^^^^^^^^^^^^^^^^^^^^^^^^^^^^^^^
  File "C:\Users\Кадзицу\AppData\Roaming\Python\Python314\site-packages\aiogram\dispatcher\dispatcher.py", line 232, in process_updates
    return await asyncio.gather(*tasks)
           ^^^^^^^^^^^^^^^^^^^^^^^^^^^^
  File "C:\Users\Кадзицу\AppData\Roaming\Python\Python314\site-packages\aiogram\dispatcher\handler.py", line 117, in notify
    response = await handler_obj.handler(*args, **partial_data)
               ^^^^^^^^^^^^^^^^^^^^^^^^^^^^^^^^^^^^^^^^^^^^^^^^
  File "C:\Users\Кадзицу\AppData\Roaming\Python\Python314\site-packages\aiogram\dispatcher\dispatcher.py", line 305, in process_update
    err = await self.errors_handlers.notify(update, e)
          ^^^^^^^^^^^^^^^^^^^^^^^^^^^^^^^^^^^^^^^^^^^^
  File "C:\Users\Кадзицу\AppData\Roaming\Python\Python314\site-packages\aiogram\dispatcher\handler.py", line 117, in notify
    response = await handler_obj.handler(*args, **partial_data)
               ^^^^^^^^^^^^^^^^^^^^^^^^^^^^^^^^^^^^^^^^^^^^^^^^
  File "C:\Users\Кадзицу\Desktop\cartel_auto\handlers\errors\error_handler.py", line 58, in errors_handler
    logging.exception(f'Update: {update} \n{exception}')
                                ^^^^^^^^
  File "C:\Users\Кадзицу\AppData\Roaming\Python\Python314\site-packages\aiogram\types\base.py", line 204, in __str__
    return self.as_json()
           ~~~~~~~~~~~~^^
  File "C:\Users\Кадзицу\AppData\Roaming\Python\Python314\site-packages\aiogram\types\base.py", line 192, in as_json
    return json.dumps(self.to_python())
                      ~~~~~~~~~~~~~~^^
  File "C:\Users\Кадзицу\AppData\Roaming\Python\Python314\site-packages\aiogram\types\base.py", line 169, in to_python
    value = self.props[name].export(self)
  File "C:\Users\Кадзицу\AppData\Roaming\Python\Python314\site-packages\aiogram\types\fields.py", line 95, in export
    return self.serialize(self.get_value(instance))
           ~~~~~~~~~~~~~~^^^^^^^^^^^^^^^^^^^^^^^^^^
  File "C:\Users\Кадзицу\AppData\Roaming\Python\Python314\site-packages\aiogram\types\fields.py", line 105, in serialize
    return value.to_python()
           ~~~~~~~~~~~~~~~^^
  File "C:\Users\Кадзицу\AppData\Roaming\Python\Python314\site-packages\aiogram\types\base.py", line 169, in to_python
    value = self.props[name].export(self)
  File "C:\Users\Кадзицу\AppData\Roaming\Python\Python314\site-packages\aiogram\types\fields.py", line 95, in export
    return self.serialize(self.get_value(instance))
           ~~~~~~~~~~~~~~^^^^^^^^^^^^^^^^^^^^^^^^^^
  File "C:\Users\Кадзицу\AppData\Roaming\Python\Python314\site-packages\aiogram\types\fields.py", line 105, in serialize
    return value.to_python()
           ~~~~~~~~~~~~~~~^^
  File "C:\Users\Кадзицу\AppData\Roaming\Python\Python314\site-packages\aiogram\types\base.py", line 169, in to_python
    value = self.props[name].export(self)
  File "C:\Users\Кадзицу\AppData\Roaming\Python\Python314\site-packages\aiogram\types\fields.py", line 95, in export
    return self.serialize(self.get_value(instance))
           ~~~~~~~~~~~~~~^^^^^^^^^^^^^^^^^^^^^^^^^^
  File "C:\Users\Кадзицу\AppData\Roaming\Python\Python314\site-packages\aiogram\types\fields.py", line 178, in serialize
    return round(value.timestamp())
                 ~~~~~~~~~~~~~~~^^
OSError: [Errno 22] Invalid argument
04/09/2026 08:13:48 AM : dispatcher.py line - 421 : stop_polling : aiogram.dispatcher.dispatcher : INFO : Stop polling...
04/09/2026 08:13:48 AM : dispatcher.py line - 378 : start_polling : aiogram.dispatcher.dispatcher : ERROR : Cause exception while getting updates.
Traceback (most recent call last):
  File "C:\Users\Кадзицу\AppData\Roaming\Python\Python314\site-packages\aiogram\bot\api.py", line 139, in make_request
    async with session.post(url, data=req, **kwargs) as response:
               ~~~~~~~~~~~~^^^^^^^^^^^^^^^^^^^^^^^^^
  File "C:\Users\Кадзицу\AppData\Roaming\Python\Python314\site-packages\aiohttp\client.py", line 1510, in __aenter__
    self._resp: _RetType = await self._coro
                           ^^^^^^^^^^^^^^^^
  File "C:\Users\Кадзицу\AppData\Roaming\Python\Python314\site-packages\aiohttp\client.py", line 779, in _request
    resp = await handler(req)
           ^^^^^^^^^^^^^^^^^^
  File "C:\Users\Кадзицу\AppData\Roaming\Python\Python314\site-packages\aiohttp\client.py", line 757, in _connect_and_send_request
    await resp.start(conn)
  File "C:\Users\Кадзицу\AppData\Roaming\Python\Python314\site-packages\aiohttp\client_reqrep.py", line 539, in start
    message, payload = await protocol.read()  # type: ignore[union-attr]
                       ^^^^^^^^^^^^^^^^^^^^^
  File "C:\Users\Кадзицу\AppData\Roaming\Python\Python314\site-packages\aiohttp\streams.py", line 703, in read
    await self._waiter
aiohttp.client_exceptions.ServerDisconnectedError: Server disconnected

During handling of the above exception, another exception occurred:

Traceback (most recent call last):
  File "C:\Users\Кадзицу\AppData\Roaming\Python\Python314\site-packages\aiogram\dispatcher\dispatcher.py", line 374, in start_polling
    updates = await self.bot.get_updates(limit=limit, offset=offset, timeout=timeout)
              ^^^^^^^^^^^^^^^^^^^^^^^^^^^^^^^^^^^^^^^^^^^^^^^^^^^^^^^^^^^^^^^^^^^^^^^
  File "C:\Users\Кадзицу\AppData\Roaming\Python\Python314\site-packages\aiogram\bot\bot.py", line 97, in get_updates
    result = await self.request(api.Methods.GET_UPDATES, payload)
             ^^^^^^^^^^^^^^^^^^^^^^^^^^^^^^^^^^^^^^^^^^^^^^^^^^^^
  File "C:\Users\Кадзицу\AppData\Roaming\Python\Python314\site-packages\aiogram\bot\base.py", line 208, in request
    return await api.make_request(self.session, self.server, self.__token, method, data, files,
           ^^^^^^^^^^^^^^^^^^^^^^^^^^^^^^^^^^^^^^^^^^^^^^^^^^^^^^^^^^^^^^^^^^^^^^^^^^^^^^^^^^^^
                                  proxy=self.proxy, proxy_auth=self.proxy_auth, timeout=self.timeout, **kwargs)
                                  ^^^^^^^^^^^^^^^^^^^^^^^^^^^^^^^^^^^^^^^^^^^^^^^^^^^^^^^^^^^^^^^^^^^^^^^^^^^^^
  File "C:\Users\Кадзицу\AppData\Roaming\Python\Python314\site-packages\aiogram\bot\api.py", line 142, in make_request
    raise exceptions.NetworkError(f"aiohttp client throws an error: {e.__class__.__name__}: {e}")
aiogram.utils.exceptions.NetworkError: Aiohttp client throws an error: ServerDisconnectedError: Server disconnected
04/09/2026 08:13:48 AM : executor.py line - 318 : start_polling : aiogram : WARNING : Goodbye!
04/09/2026 08:18:52 AM : executor.py line - 351 : _welcome : aiogram : INFO : Bot: Kitsune Shop [@egefergre_bot]
04/09/2026 08:18:53 AM : notify_admins.py line - 14 : on_startup_notify : root : ERROR : Chat not found
Traceback (most recent call last):
  File "C:\Users\Кадзицу\Desktop\cartel_auto\utils\notify_admins.py", line 11, in on_startup_notify
    await dp.bot.send_message(admin, "Бот Запущен")
  File "C:\Users\Кадзицу\AppData\Roaming\Python\Python314\site-packages\aiogram\bot\bot.py", line 318, in send_message
    result = await self.request(api.Methods.SEND_MESSAGE, payload)
             ^^^^^^^^^^^^^^^^^^^^^^^^^^^^^^^^^^^^^^^^^^^^^^^^^^^^^
  File "C:\Users\Кадзицу\AppData\Roaming\Python\Python314\site-packages\aiogram\bot\base.py", line 208, in request
    return await api.make_request(self.session, self.server, self.__token, method, data, files,
           ^^^^^^^^^^^^^^^^^^^^^^^^^^^^^^^^^^^^^^^^^^^^^^^^^^^^^^^^^^^^^^^^^^^^^^^^^^^^^^^^^^^^
                                  proxy=self.proxy, proxy_auth=self.proxy_auth, timeout=self.timeout, **kwargs)
                                  ^^^^^^^^^^^^^^^^^^^^^^^^^^^^^^^^^^^^^^^^^^^^^^^^^^^^^^^^^^^^^^^^^^^^^^^^^^^^^
  File "C:\Users\Кадзицу\AppData\Roaming\Python\Python314\site-packages\aiogram\bot\api.py", line 140, in make_request
    return check_result(method, response.content_type, response.status, await response.text())
  File "C:\Users\Кадзицу\AppData\Roaming\Python\Python314\site-packages\aiogram\bot\api.py", line 115, in check_result
    exceptions.BadRequest.detect(description)
    ~~~~~~~~~~~~~~~~~~~~~~~~~~~~^^^^^^^^^^^^^
  File "C:\Users\Кадзицу\AppData\Roaming\Python\Python314\site-packages\aiogram\utils\exceptions.py", line 140, in detect
    raise err(cls.text or description)
aiogram.utils.exceptions.ChatNotFound: Chat not found
04/09/2026 08:18:53 AM : dispatcher.py line - 351 : start_polling : aiogram.dispatcher.dispatcher : INFO : Start polling.
04/09/2026 08:33:03 AM : baza.py line - 191 : get_samples : root : ERROR : no such column: samples
Traceback (most recent call last):
  File "C:\Users\Кадзицу\Desktop\cartel_auto\utils\db_api\baza.py", line 188, in get_samples
    if samples > 0:
              ^^^^^
sqlite3.OperationalError: no such column: samples
04/09/2026 08:33:03 AM : error_handler.py line - 58 : errors_handler : root : ERROR : Update: {"update_id": 657816115, "message": {"message_id": 82, "from": {"id": 5989855758, "is_bot": false, "first_name": "\U0001f968 Мрамор", "username": "marble_soul", "language_code": "ru", "is_premium": true}, "chat": {"id": 5989855758, "first_name": "\U0001f968 Мрамор", "username": "marble_soul", "type": "private"}, "date": 1775698435, "text": "\U0001f381 Пробник 0.5 кг — бесплатно (за отзыв)"}} 
'<=' not supported between instances of 'NoneType' and 'int'
Traceback (most recent call last):
  File "C:\Users\Кадзицу\AppData\Roaming\Python\Python314\site-packages\aiogram\dispatcher\dispatcher.py", line 253, in process_update
    return await self.message_handlers.notify(update.message)
           ^^^^^^^^^^^^^^^^^^^^^^^^^^^^^^^^^^^^^^^^^^^^^^^^^^
  File "C:\Users\Кадзицу\AppData\Roaming\Python\Python314\site-packages\aiogram\dispatcher\handler.py", line 117, in notify
    response = await handler_obj.handler(*args, **partial_data)
               ^^^^^^^^^^^^^^^^^^^^^^^^^^^^^^^^^^^^^^^^^^^^^^^^
  File "C:\Users\Кадзицу\Desktop\cartel_auto\handlers\users\echo.py", line 57, in bot_send_rayon_info
    @dp.message_handler(lambda message: message.text in ("????? ?????????", "????????????? ??????????????????"))
               ^^^^^^^^^^^^
TypeError: '<=' not supported between instances of 'NoneType' and 'int'
04/09/2026 08:33:03 AM : base_events.py line - 1875 : default_exception_handler : asyncio : ERROR : Task exception was never retrieved
future: <Task finished name='Task-127' coro=<Dispatcher._process_polling_updates() done, defined at C:\Users\Кадзицу\AppData\Roaming\Python\Python314\site-packages\aiogram\dispatcher\dispatcher.py:395> exception=TypeError("'<=' not supported between instances of 'NoneType' and 'int'")>
Traceback (most recent call last):
  File "C:\Users\Кадзицу\AppData\Roaming\Python\Python314\site-packages\aiogram\dispatcher\dispatcher.py", line 403, in _process_polling_updates
    for responses in itertools.chain.from_iterable(await self.process_updates(updates, fast)):
                                                   ^^^^^^^^^^^^^^^^^^^^^^^^^^^^^^^^^^^^^^^^^
  File "C:\Users\Кадзицу\AppData\Roaming\Python\Python314\site-packages\aiogram\dispatcher\dispatcher.py", line 232, in process_updates
    return await asyncio.gather(*tasks)
           ^^^^^^^^^^^^^^^^^^^^^^^^^^^^
  File "C:\Users\Кадзицу\AppData\Roaming\Python\Python314\site-packages\aiogram\dispatcher\handler.py", line 117, in notify
    response = await handler_obj.handler(*args, **partial_data)
               ^^^^^^^^^^^^^^^^^^^^^^^^^^^^^^^^^^^^^^^^^^^^^^^^
  File "C:\Users\Кадзицу\AppData\Roaming\Python\Python314\site-packages\aiogram\dispatcher\dispatcher.py", line 253, in process_update
    return await self.message_handlers.notify(update.message)
           ^^^^^^^^^^^^^^^^^^^^^^^^^^^^^^^^^^^^^^^^^^^^^^^^^^
  File "C:\Users\Кадзицу\AppData\Roaming\Python\Python314\site-packages\aiogram\dispatcher\handler.py", line 117, in notify
    response = await handler_obj.handler(*args, **partial_data)
               ^^^^^^^^^^^^^^^^^^^^^^^^^^^^^^^^^^^^^^^^^^^^^^^^
  File "C:\Users\Кадзицу\Desktop\cartel_auto\handlers\users\echo.py", line 57, in bot_send_rayon_info
    @dp.message_handler(lambda message: message.text in ("????? ?????????", "????????????? ??????????????????"))
               ^^^^^^^^^^^^
TypeError: '<=' not supported between instances of 'NoneType' and 'int'
04/09/2026 08:33:31 AM : baza.py line - 191 : get_samples : root : ERROR : no such column: samples
Traceback (most recent call last):
  File "C:\Users\Кадзицу\Desktop\cartel_auto\utils\db_api\baza.py", line 188, in get_samples
    if samples > 0:
              ^^^^^
sqlite3.OperationalError: no such column: samples
04/09/2026 08:33:31 AM : error_handler.py line - 58 : errors_handler : root : ERROR : Update: {"update_id": 657816118, "message": {"message_id": 87, "from": {"id": 5989855758, "is_bot": false, "first_name": "\U0001f968 Мрамор", "username": "marble_soul", "language_code": "ru", "is_premium": true}, "chat": {"id": 5989855758, "first_name": "\U0001f968 Мрамор", "username": "marble_soul", "type": "private"}, "date": 1775698463, "text": "\U0001f381 Пробник 0.5 кг — бесплатно (за отзыв)"}} 
'<=' not supported between instances of 'NoneType' and 'int'
Traceback (most recent call last):
  File "C:\Users\Кадзицу\AppData\Roaming\Python\Python314\site-packages\aiogram\dispatcher\dispatcher.py", line 253, in process_update
    return await self.message_handlers.notify(update.message)
           ^^^^^^^^^^^^^^^^^^^^^^^^^^^^^^^^^^^^^^^^^^^^^^^^^^
  File "C:\Users\Кадзицу\AppData\Roaming\Python\Python314\site-packages\aiogram\dispatcher\handler.py", line 117, in notify
    response = await handler_obj.handler(*args, **partial_data)
               ^^^^^^^^^^^^^^^^^^^^^^^^^^^^^^^^^^^^^^^^^^^^^^^^
  File "C:\Users\Кадзицу\Desktop\cartel_auto\handlers\users\echo.py", line 57, in bot_send_rayon_info
    @dp.message_handler(lambda message: message.text in ("????? ?????????", "????????????? ??????????????????"))
               ^^^^^^^^^^^^
TypeError: '<=' not supported between instances of 'NoneType' and 'int'
04/09/2026 08:33:31 AM : base_events.py line - 1875 : default_exception_handler : asyncio : ERROR : Task exception was never retrieved
future: <Task finished name='Task-138' coro=<Dispatcher._process_polling_updates() done, defined at C:\Users\Кадзицу\AppData\Roaming\Python\Python314\site-packages\aiogram\dispatcher\dispatcher.py:395> exception=TypeError("'<=' not supported between instances of 'NoneType' and 'int'")>
Traceback (most recent call last):
  File "C:\Users\Кадзицу\AppData\Roaming\Python\Python314\site-packages\aiogram\dispatcher\dispatcher.py", line 403, in _process_polling_updates
    for responses in itertools.chain.from_iterable(await self.process_updates(updates, fast)):
                                                   ^^^^^^^^^^^^^^^^^^^^^^^^^^^^^^^^^^^^^^^^^
  File "C:\Users\Кадзицу\AppData\Roaming\Python\Python314\site-packages\aiogram\dispatcher\dispatcher.py", line 232, in process_updates
    return await asyncio.gather(*tasks)
           ^^^^^^^^^^^^^^^^^^^^^^^^^^^^
  File "C:\Users\Кадзицу\AppData\Roaming\Python\Python314\site-packages\aiogram\dispatcher\handler.py", line 117, in notify
    response = await handler_obj.handler(*args, **partial_data)
               ^^^^^^^^^^^^^^^^^^^^^^^^^^^^^^^^^^^^^^^^^^^^^^^^
  File "C:\Users\Кадзицу\AppData\Roaming\Python\Python314\site-packages\aiogram\dispatcher\dispatcher.py", line 253, in process_update
    return await self.message_handlers.notify(update.message)
           ^^^^^^^^^^^^^^^^^^^^^^^^^^^^^^^^^^^^^^^^^^^^^^^^^^
  File "C:\Users\Кадзицу\AppData\Roaming\Python\Python314\site-packages\aiogram\dispatcher\handler.py", line 117, in notify
    response = await handler_obj.handler(*args, **partial_data)
               ^^^^^^^^^^^^^^^^^^^^^^^^^^^^^^^^^^^^^^^^^^^^^^^^
  File "C:\Users\Кадзицу\Desktop\cartel_auto\handlers\users\echo.py", line 57, in bot_send_rayon_info
    @dp.message_handler(lambda message: message.text in ("????? ?????????", "????????????? ??????????????????"))
               ^^^^^^^^^^^^
TypeError: '<=' not supported between instances of 'NoneType' and 'int'
04/09/2026 08:34:48 AM : dispatcher.py line - 421 : stop_polling : aiogram.dispatcher.dispatcher : INFO : Stop polling...
04/09/2026 08:34:48 AM : dispatcher.py line - 378 : start_polling : aiogram.dispatcher.dispatcher : ERROR : Cause exception while getting updates.
Traceback (most recent call last):
  File "C:\Users\Кадзицу\AppData\Roaming\Python\Python314\site-packages\aiogram\bot\api.py", line 139, in make_request
    async with session.post(url, data=req, **kwargs) as response:
               ~~~~~~~~~~~~^^^^^^^^^^^^^^^^^^^^^^^^^
  File "C:\Users\Кадзицу\AppData\Roaming\Python\Python314\site-packages\aiohttp\client.py", line 1510, in __aenter__
    self._resp: _RetType = await self._coro
                           ^^^^^^^^^^^^^^^^
  File "C:\Users\Кадзицу\AppData\Roaming\Python\Python314\site-packages\aiohttp\client.py", line 779, in _request
    resp = await handler(req)
           ^^^^^^^^^^^^^^^^^^
  File "C:\Users\Кадзицу\AppData\Roaming\Python\Python314\site-packages\aiohttp\client.py", line 757, in _connect_and_send_request
    await resp.start(conn)
  File "C:\Users\Кадзицу\AppData\Roaming\Python\Python314\site-packages\aiohttp\client_reqrep.py", line 539, in start
    message, payload = await protocol.read()  # type: ignore[union-attr]
                       ^^^^^^^^^^^^^^^^^^^^^
  File "C:\Users\Кадзицу\AppData\Roaming\Python\Python314\site-packages\aiohttp\streams.py", line 703, in read
    await self._waiter
aiohttp.client_exceptions.ServerDisconnectedError: Server disconnected

During handling of the above exception, another exception occurred:

Traceback (most recent call last):
  File "C:\Users\Кадзицу\AppData\Roaming\Python\Python314\site-packages\aiogram\dispatcher\dispatcher.py", line 374, in start_polling
    updates = await self.bot.get_updates(limit=limit, offset=offset, timeout=timeout)
              ^^^^^^^^^^^^^^^^^^^^^^^^^^^^^^^^^^^^^^^^^^^^^^^^^^^^^^^^^^^^^^^^^^^^^^^
  File "C:\Users\Кадзицу\AppData\Roaming\Python\Python314\site-packages\aiogram\bot\bot.py", line 97, in get_updates
    result = await self.request(api.Methods.GET_UPDATES, payload)
             ^^^^^^^^^^^^^^^^^^^^^^^^^^^^^^^^^^^^^^^^^^^^^^^^^^^^
  File "C:\Users\Кадзицу\AppData\Roaming\Python\Python314\site-packages\aiogram\bot\base.py", line 208, in request
    return await api.make_request(self.session, self.server, self.__token, method, data, files,
           ^^^^^^^^^^^^^^^^^^^^^^^^^^^^^^^^^^^^^^^^^^^^^^^^^^^^^^^^^^^^^^^^^^^^^^^^^^^^^^^^^^^^
                                  proxy=self.proxy, proxy_auth=self.proxy_auth, timeout=self.timeout, **kwargs)
                                  ^^^^^^^^^^^^^^^^^^^^^^^^^^^^^^^^^^^^^^^^^^^^^^^^^^^^^^^^^^^^^^^^^^^^^^^^^^^^^
  File "C:\Users\Кадзицу\AppData\Roaming\Python\Python314\site-packages\aiogram\bot\api.py", line 142, in make_request
    raise exceptions.NetworkError(f"aiohttp client throws an error: {e.__class__.__name__}: {e}")
aiogram.utils.exceptions.NetworkError: Aiohttp client throws an error: ServerDisconnectedError: Server disconnected
04/09/2026 08:34:48 AM : executor.py line - 318 : start_polling : aiogram : WARNING : Goodbye!
04/09/2026 08:34:52 AM : executor.py line - 351 : _welcome : aiogram : INFO : Bot: Kitsune Shop [@egefergre_bot]
04/09/2026 08:34:53 AM : notify_admins.py line - 14 : on_startup_notify : root : ERROR : Chat not found
Traceback (most recent call last):
  File "C:\Users\Кадзицу\Desktop\cartel_auto\utils\notify_admins.py", line 11, in on_startup_notify
    await dp.bot.send_message(admin, "Бот Запущен")
  File "C:\Users\Кадзицу\AppData\Roaming\Python\Python314\site-packages\aiogram\bot\bot.py", line 318, in send_message
    result = await self.request(api.Methods.SEND_MESSAGE, payload)
             ^^^^^^^^^^^^^^^^^^^^^^^^^^^^^^^^^^^^^^^^^^^^^^^^^^^^^
  File "C:\Users\Кадзицу\AppData\Roaming\Python\Python314\site-packages\aiogram\bot\base.py", line 208, in request
    return await api.make_request(self.session, self.server, self.__token, method, data, files,
           ^^^^^^^^^^^^^^^^^^^^^^^^^^^^^^^^^^^^^^^^^^^^^^^^^^^^^^^^^^^^^^^^^^^^^^^^^^^^^^^^^^^^
                                  proxy=self.proxy, proxy_auth=self.proxy_auth, timeout=self.timeout, **kwargs)
                                  ^^^^^^^^^^^^^^^^^^^^^^^^^^^^^^^^^^^^^^^^^^^^^^^^^^^^^^^^^^^^^^^^^^^^^^^^^^^^^
  File "C:\Users\Кадзицу\AppData\Roaming\Python\Python314\site-packages\aiogram\bot\api.py", line 140, in make_request
    return check_result(method, response.content_type, response.status, await response.text())
  File "C:\Users\Кадзицу\AppData\Roaming\Python\Python314\site-packages\aiogram\bot\api.py", line 115, in check_result
    exceptions.BadRequest.detect(description)
    ~~~~~~~~~~~~~~~~~~~~~~~~~~~~^^^^^^^^^^^^^
  File "C:\Users\Кадзицу\AppData\Roaming\Python\Python314\site-packages\aiogram\utils\exceptions.py", line 140, in detect
    raise err(cls.text or description)
aiogram.utils.exceptions.ChatNotFound: Chat not found
04/09/2026 08:34:53 AM : dispatcher.py line - 351 : start_polling : aiogram.dispatcher.dispatcher : INFO : Start polling.
04/09/2026 08:34:59 AM : base_events.py line - 1875 : default_exception_handler : asyncio : ERROR : Task exception was never retrieved
future: <Task finished name='Task-9' coro=<Dispatcher._process_polling_updates() done, defined at C:\Users\Кадзицу\AppData\Roaming\Python\Python314\site-packages\aiogram\dispatcher\dispatcher.py:395> exception=OSError(22, 'Invalid argument')>
Traceback (most recent call last):
  File "C:\Users\Кадзицу\AppData\Roaming\Python\Python314\site-packages\aiogram\dispatcher\dispatcher.py", line 298, in process_update
    types.User.set_current(update.my_chat_member.from_user)
    ~~~~~~~~~~~~~~~~~~~~~~^^^^^^^^^^^^^^^^^^^^^^^^^^^^^^^^^
  File "C:\Users\Кадзицу\AppData\Roaming\Python\Python314\site-packages\aiogram\utils\mixins.py", line 49, in set_current
    raise TypeError(f'Value should be instance of {cls.__name__!r} not {type(value).__name__!r}')
TypeError: Value should be instance of 'User' not 'NoneType'

During handling of the above exception, another exception occurred:

Traceback (most recent call last):
  File "C:\Users\Кадзицу\AppData\Roaming\Python\Python314\site-packages\aiogram\dispatcher\dispatcher.py", line 403, in _process_polling_updates
    for responses in itertools.chain.from_iterable(await self.process_updates(updates, fast)):
                                                   ^^^^^^^^^^^^^^^^^^^^^^^^^^^^^^^^^^^^^^^^^
  File "C:\Users\Кадзицу\AppData\Roaming\Python\Python314\site-packages\aiogram\dispatcher\dispatcher.py", line 232, in process_updates
    return await asyncio.gather(*tasks)
           ^^^^^^^^^^^^^^^^^^^^^^^^^^^^
  File "C:\Users\Кадзицу\AppData\Roaming\Python\Python314\site-packages\aiogram\dispatcher\handler.py", line 117, in notify
    response = await handler_obj.handler(*args, **partial_data)
               ^^^^^^^^^^^^^^^^^^^^^^^^^^^^^^^^^^^^^^^^^^^^^^^^
  File "C:\Users\Кадзицу\AppData\Roaming\Python\Python314\site-packages\aiogram\dispatcher\dispatcher.py", line 305, in process_update
    err = await self.errors_handlers.notify(update, e)
          ^^^^^^^^^^^^^^^^^^^^^^^^^^^^^^^^^^^^^^^^^^^^
  File "C:\Users\Кадзицу\AppData\Roaming\Python\Python314\site-packages\aiogram\dispatcher\handler.py", line 117, in notify
    response = await handler_obj.handler(*args, **partial_data)
               ^^^^^^^^^^^^^^^^^^^^^^^^^^^^^^^^^^^^^^^^^^^^^^^^
  File "C:\Users\Кадзицу\Desktop\cartel_auto\handlers\errors\error_handler.py", line 58, in errors_handler
    logging.exception(f'Update: {update} \n{exception}')
                                ^^^^^^^^
  File "C:\Users\Кадзицу\AppData\Roaming\Python\Python314\site-packages\aiogram\types\base.py", line 204, in __str__
    return self.as_json()
           ~~~~~~~~~~~~^^
  File "C:\Users\Кадзицу\AppData\Roaming\Python\Python314\site-packages\aiogram\types\base.py", line 192, in as_json
    return json.dumps(self.to_python())
                      ~~~~~~~~~~~~~~^^
  File "C:\Users\Кадзицу\AppData\Roaming\Python\Python314\site-packages\aiogram\types\base.py", line 169, in to_python
    value = self.props[name].export(self)
  File "C:\Users\Кадзицу\AppData\Roaming\Python\Python314\site-packages\aiogram\types\fields.py", line 95, in export
    return self.serialize(self.get_value(instance))
           ~~~~~~~~~~~~~~^^^^^^^^^^^^^^^^^^^^^^^^^^
  File "C:\Users\Кадзицу\AppData\Roaming\Python\Python314\site-packages\aiogram\types\fields.py", line 105, in serialize
    return value.to_python()
           ~~~~~~~~~~~~~~~^^
  File "C:\Users\Кадзицу\AppData\Roaming\Python\Python314\site-packages\aiogram\types\base.py", line 169, in to_python
    value = self.props[name].export(self)
  File "C:\Users\Кадзицу\AppData\Roaming\Python\Python314\site-packages\aiogram\types\fields.py", line 95, in export
    return self.serialize(self.get_value(instance))
           ~~~~~~~~~~~~~~^^^^^^^^^^^^^^^^^^^^^^^^^^
  File "C:\Users\Кадзицу\AppData\Roaming\Python\Python314\site-packages\aiogram\types\fields.py", line 105, in serialize
    return value.to_python()
           ~~~~~~~~~~~~~~~^^
  File "C:\Users\Кадзицу\AppData\Roaming\Python\Python314\site-packages\aiogram\types\base.py", line 169, in to_python
    value = self.props[name].export(self)
  File "C:\Users\Кадзицу\AppData\Roaming\Python\Python314\site-packages\aiogram\types\fields.py", line 95, in export
    return self.serialize(self.get_value(instance))
           ~~~~~~~~~~~~~~^^^^^^^^^^^^^^^^^^^^^^^^^^
  File "C:\Users\Кадзицу\AppData\Roaming\Python\Python314\site-packages\aiogram\types\fields.py", line 178, in serialize
    return round(value.timestamp())
                 ~~~~~~~~~~~~~~~^^
OSError: [Errno 22] Invalid argument
04/09/2026 08:35:00 AM : base_events.py line - 1875 : default_exception_handler : asyncio : ERROR : Task exception was never retrieved
future: <Task finished name='Task-12' coro=<Dispatcher._process_polling_updates() done, defined at C:\Users\Кадзицу\AppData\Roaming\Python\Python314\site-packages\aiogram\dispatcher\dispatcher.py:395> exception=OSError(22, 'Invalid argument')>
Traceback (most recent call last):
  File "C:\Users\Кадзицу\AppData\Roaming\Python\Python314\site-packages\aiogram\dispatcher\dispatcher.py", line 298, in process_update
    types.User.set_current(update.my_chat_member.from_user)
    ~~~~~~~~~~~~~~~~~~~~~~^^^^^^^^^^^^^^^^^^^^^^^^^^^^^^^^^
  File "C:\Users\Кадзицу\AppData\Roaming\Python\Python314\site-packages\aiogram\utils\mixins.py", line 49, in set_current
    raise TypeError(f'Value should be instance of {cls.__name__!r} not {type(value).__name__!r}')
TypeError: Value should be instance of 'User' not 'NoneType'

During handling of the above exception, another exception occurred:

Traceback (most recent call last):
  File "C:\Users\Кадзицу\AppData\Roaming\Python\Python314\site-packages\aiogram\dispatcher\dispatcher.py", line 403, in _process_polling_updates
    for responses in itertools.chain.from_iterable(await self.process_updates(updates, fast)):
                                                   ^^^^^^^^^^^^^^^^^^^^^^^^^^^^^^^^^^^^^^^^^
  File "C:\Users\Кадзицу\AppData\Roaming\Python\Python314\site-packages\aiogram\dispatcher\dispatcher.py", line 232, in process_updates
    return await asyncio.gather(*tasks)
           ^^^^^^^^^^^^^^^^^^^^^^^^^^^^
  File "C:\Users\Кадзицу\AppData\Roaming\Python\Python314\site-packages\aiogram\dispatcher\handler.py", line 117, in notify
    response = await handler_obj.handler(*args, **partial_data)
               ^^^^^^^^^^^^^^^^^^^^^^^^^^^^^^^^^^^^^^^^^^^^^^^^
  File "C:\Users\Кадзицу\AppData\Roaming\Python\Python314\site-packages\aiogram\dispatcher\dispatcher.py", line 305, in process_update
    err = await self.errors_handlers.notify(update, e)
          ^^^^^^^^^^^^^^^^^^^^^^^^^^^^^^^^^^^^^^^^^^^^
  File "C:\Users\Кадзицу\AppData\Roaming\Python\Python314\site-packages\aiogram\dispatcher\handler.py", line 117, in notify
    response = await handler_obj.handler(*args, **partial_data)
               ^^^^^^^^^^^^^^^^^^^^^^^^^^^^^^^^^^^^^^^^^^^^^^^^
  File "C:\Users\Кадзицу\Desktop\cartel_auto\handlers\errors\error_handler.py", line 58, in errors_handler
    logging.exception(f'Update: {update} \n{exception}')
                                ^^^^^^^^
  File "C:\Users\Кадзицу\AppData\Roaming\Python\Python314\site-packages\aiogram\types\base.py", line 204, in __str__
    return self.as_json()
           ~~~~~~~~~~~~^^
  File "C:\Users\Кадзицу\AppData\Roaming\Python\Python314\site-packages\aiogram\types\base.py", line 192, in as_json
    return json.dumps(self.to_python())
                      ~~~~~~~~~~~~~~^^
  File "C:\Users\Кадзицу\AppData\Roaming\Python\Python314\site-packages\aiogram\types\base.py", line 169, in to_python
    value = self.props[name].export(self)
  File "C:\Users\Кадзицу\AppData\Roaming\Python\Python314\site-packages\aiogram\types\fields.py", line 95, in export
    return self.serialize(self.get_value(instance))
           ~~~~~~~~~~~~~~^^^^^^^^^^^^^^^^^^^^^^^^^^
  File "C:\Users\Кадзицу\AppData\Roaming\Python\Python314\site-packages\aiogram\types\fields.py", line 105, in serialize
    return value.to_python()
           ~~~~~~~~~~~~~~~^^
  File "C:\Users\Кадзицу\AppData\Roaming\Python\Python314\site-packages\aiogram\types\base.py", line 169, in to_python
    value = self.props[name].export(self)
  File "C:\Users\Кадзицу\AppData\Roaming\Python\Python314\site-packages\aiogram\types\fields.py", line 95, in export
    return self.serialize(self.get_value(instance))
           ~~~~~~~~~~~~~~^^^^^^^^^^^^^^^^^^^^^^^^^^
  File "C:\Users\Кадзицу\AppData\Roaming\Python\Python314\site-packages\aiogram\types\fields.py", line 105, in serialize
    return value.to_python()
           ~~~~~~~~~~~~~~~^^
  File "C:\Users\Кадзицу\AppData\Roaming\Python\Python314\site-packages\aiogram\types\base.py", line 169, in to_python
    value = self.props[name].export(self)
  File "C:\Users\Кадзицу\AppData\Roaming\Python\Python314\site-packages\aiogram\types\fields.py", line 95, in export
    return self.serialize(self.get_value(instance))
           ~~~~~~~~~~~~~~^^^^^^^^^^^^^^^^^^^^^^^^^^
  File "C:\Users\Кадзицу\AppData\Roaming\Python\Python314\site-packages\aiogram\types\fields.py", line 178, in serialize
    return round(value.timestamp())
                 ~~~~~~~~~~~~~~~^^
OSError: [Errno 22] Invalid argument
04/09/2026 08:35:58 AM : base_events.py line - 1875 : default_exception_handler : asyncio : ERROR : Task exception was never retrieved
future: <Task finished name='Task-32' coro=<Dispatcher._process_polling_updates() done, defined at C:\Users\Кадзицу\AppData\Roaming\Python\Python314\site-packages\aiogram\dispatcher\dispatcher.py:395> exception=OSError(22, 'Invalid argument')>
Traceback (most recent call last):
  File "C:\Users\Кадзицу\AppData\Roaming\Python\Python314\site-packages\aiogram\dispatcher\dispatcher.py", line 298, in process_update
    types.User.set_current(update.my_chat_member.from_user)
    ~~~~~~~~~~~~~~~~~~~~~~^^^^^^^^^^^^^^^^^^^^^^^^^^^^^^^^^
  File "C:\Users\Кадзицу\AppData\Roaming\Python\Python314\site-packages\aiogram\utils\mixins.py", line 49, in set_current
    raise TypeError(f'Value should be instance of {cls.__name__!r} not {type(value).__name__!r}')
TypeError: Value should be instance of 'User' not 'NoneType'

During handling of the above exception, another exception occurred:

Traceback (most recent call last):
  File "C:\Users\Кадзицу\AppData\Roaming\Python\Python314\site-packages\aiogram\dispatcher\dispatcher.py", line 403, in _process_polling_updates
    for responses in itertools.chain.from_iterable(await self.process_updates(updates, fast)):
                                                   ^^^^^^^^^^^^^^^^^^^^^^^^^^^^^^^^^^^^^^^^^
  File "C:\Users\Кадзицу\AppData\Roaming\Python\Python314\site-packages\aiogram\dispatcher\dispatcher.py", line 232, in process_updates
    return await asyncio.gather(*tasks)
           ^^^^^^^^^^^^^^^^^^^^^^^^^^^^
  File "C:\Users\Кадзицу\AppData\Roaming\Python\Python314\site-packages\aiogram\dispatcher\handler.py", line 117, in notify
    response = await handler_obj.handler(*args, **partial_data)
               ^^^^^^^^^^^^^^^^^^^^^^^^^^^^^^^^^^^^^^^^^^^^^^^^
  File "C:\Users\Кадзицу\AppData\Roaming\Python\Python314\site-packages\aiogram\dispatcher\dispatcher.py", line 305, in process_update
    err = await self.errors_handlers.notify(update, e)
          ^^^^^^^^^^^^^^^^^^^^^^^^^^^^^^^^^^^^^^^^^^^^
  File "C:\Users\Кадзицу\AppData\Roaming\Python\Python314\site-packages\aiogram\dispatcher\handler.py", line 117, in notify
    response = await handler_obj.handler(*args, **partial_data)
               ^^^^^^^^^^^^^^^^^^^^^^^^^^^^^^^^^^^^^^^^^^^^^^^^
  File "C:\Users\Кадзицу\Desktop\cartel_auto\handlers\errors\error_handler.py", line 58, in errors_handler
    logging.exception(f'Update: {update} \n{exception}')
                                ^^^^^^^^
  File "C:\Users\Кадзицу\AppData\Roaming\Python\Python314\site-packages\aiogram\types\base.py", line 204, in __str__
    return self.as_json()
           ~~~~~~~~~~~~^^
  File "C:\Users\Кадзицу\AppData\Roaming\Python\Python314\site-packages\aiogram\types\base.py", line 192, in as_json
    return json.dumps(self.to_python())
                      ~~~~~~~~~~~~~~^^
  File "C:\Users\Кадзицу\AppData\Roaming\Python\Python314\site-packages\aiogram\types\base.py", line 169, in to_python
    value = self.props[name].export(self)
  File "C:\Users\Кадзицу\AppData\Roaming\Python\Python314\site-packages\aiogram\types\fields.py", line 95, in export
    return self.serialize(self.get_value(instance))
           ~~~~~~~~~~~~~~^^^^^^^^^^^^^^^^^^^^^^^^^^
  File "C:\Users\Кадзицу\AppData\Roaming\Python\Python314\site-packages\aiogram\types\fields.py", line 105, in serialize
    return value.to_python()
           ~~~~~~~~~~~~~~~^^
  File "C:\Users\Кадзицу\AppData\Roaming\Python\Python314\site-packages\aiogram\types\base.py", line 169, in to_python
    value = self.props[name].export(self)
  File "C:\Users\Кадзицу\AppData\Roaming\Python\Python314\site-packages\aiogram\types\fields.py", line 95, in export
    return self.serialize(self.get_value(instance))
           ~~~~~~~~~~~~~~^^^^^^^^^^^^^^^^^^^^^^^^^^
  File "C:\Users\Кадзицу\AppData\Roaming\Python\Python314\site-packages\aiogram\types\fields.py", line 105, in serialize
    return value.to_python()
           ~~~~~~~~~~~~~~~^^
  File "C:\Users\Кадзицу\AppData\Roaming\Python\Python314\site-packages\aiogram\types\base.py", line 169, in to_python
    value = self.props[name].export(self)
  File "C:\Users\Кадзицу\AppData\Roaming\Python\Python314\site-packages\aiogram\types\fields.py", line 95, in export
    return self.serialize(self.get_value(instance))
           ~~~~~~~~~~~~~~^^^^^^^^^^^^^^^^^^^^^^^^^^
  File "C:\Users\Кадзицу\AppData\Roaming\Python\Python314\site-packages\aiogram\types\fields.py", line 178, in serialize
    return round(value.timestamp())
                 ~~~~~~~~~~~~~~~^^
OSError: [Errno 22] Invalid argument
04/09/2026 08:35:59 AM : base_events.py line - 1875 : default_exception_handler : asyncio : ERROR : Task exception was never retrieved
future: <Task finished name='Task-35' coro=<Dispatcher._process_polling_updates() done, defined at C:\Users\Кадзицу\AppData\Roaming\Python\Python314\site-packages\aiogram\dispatcher\dispatcher.py:395> exception=OSError(22, 'Invalid argument')>
Traceback (most recent call last):
  File "C:\Users\Кадзицу\AppData\Roaming\Python\Python314\site-packages\aiogram\dispatcher\dispatcher.py", line 298, in process_update
    types.User.set_current(update.my_chat_member.from_user)
    ~~~~~~~~~~~~~~~~~~~~~~^^^^^^^^^^^^^^^^^^^^^^^^^^^^^^^^^
  File "C:\Users\Кадзицу\AppData\Roaming\Python\Python314\site-packages\aiogram\utils\mixins.py", line 49, in set_current
    raise TypeError(f'Value should be instance of {cls.__name__!r} not {type(value).__name__!r}')
TypeError: Value should be instance of 'User' not 'NoneType'

During handling of the above exception, another exception occurred:

Traceback (most recent call last):
  File "C:\Users\Кадзицу\AppData\Roaming\Python\Python314\site-packages\aiogram\dispatcher\dispatcher.py", line 403, in _process_polling_updates
    for responses in itertools.chain.from_iterable(await self.process_updates(updates, fast)):
                                                   ^^^^^^^^^^^^^^^^^^^^^^^^^^^^^^^^^^^^^^^^^
  File "C:\Users\Кадзицу\AppData\Roaming\Python\Python314\site-packages\aiogram\dispatcher\dispatcher.py", line 232, in process_updates
    return await asyncio.gather(*tasks)
           ^^^^^^^^^^^^^^^^^^^^^^^^^^^^
  File "C:\Users\Кадзицу\AppData\Roaming\Python\Python314\site-packages\aiogram\dispatcher\handler.py", line 117, in notify
    response = await handler_obj.handler(*args, **partial_data)
               ^^^^^^^^^^^^^^^^^^^^^^^^^^^^^^^^^^^^^^^^^^^^^^^^
  File "C:\Users\Кадзицу\AppData\Roaming\Python\Python314\site-packages\aiogram\dispatcher\dispatcher.py", line 305, in process_update
    err = await self.errors_handlers.notify(update, e)
          ^^^^^^^^^^^^^^^^^^^^^^^^^^^^^^^^^^^^^^^^^^^^
  File "C:\Users\Кадзицу\AppData\Roaming\Python\Python314\site-packages\aiogram\dispatcher\handler.py", line 117, in notify
    response = await handler_obj.handler(*args, **partial_data)
               ^^^^^^^^^^^^^^^^^^^^^^^^^^^^^^^^^^^^^^^^^^^^^^^^
  File "C:\Users\Кадзицу\Desktop\cartel_auto\handlers\errors\error_handler.py", line 58, in errors_handler
    logging.exception(f'Update: {update} \n{exception}')
                                ^^^^^^^^
  File "C:\Users\Кадзицу\AppData\Roaming\Python\Python314\site-packages\aiogram\types\base.py", line 204, in __str__
    return self.as_json()
           ~~~~~~~~~~~~^^
  File "C:\Users\Кадзицу\AppData\Roaming\Python\Python314\site-packages\aiogram\types\base.py", line 192, in as_json
    return json.dumps(self.to_python())
                      ~~~~~~~~~~~~~~^^
  File "C:\Users\Кадзицу\AppData\Roaming\Python\Python314\site-packages\aiogram\types\base.py", line 169, in to_python
    value = self.props[name].export(self)
  File "C:\Users\Кадзицу\AppData\Roaming\Python\Python314\site-packages\aiogram\types\fields.py", line 95, in export
    return self.serialize(self.get_value(instance))
           ~~~~~~~~~~~~~~^^^^^^^^^^^^^^^^^^^^^^^^^^
  File "C:\Users\Кадзицу\AppData\Roaming\Python\Python314\site-packages\aiogram\types\fields.py", line 105, in serialize
    return value.to_python()
           ~~~~~~~~~~~~~~~^^
  File "C:\Users\Кадзицу\AppData\Roaming\Python\Python314\site-packages\aiogram\types\base.py", line 169, in to_python
    value = self.props[name].export(self)
  File "C:\Users\Кадзицу\AppData\Roaming\Python\Python314\site-packages\aiogram\types\fields.py", line 95, in export
    return self.serialize(self.get_value(instance))
           ~~~~~~~~~~~~~~^^^^^^^^^^^^^^^^^^^^^^^^^^
  File "C:\Users\Кадзицу\AppData\Roaming\Python\Python314\site-packages\aiogram\types\fields.py", line 105, in serialize
    return value.to_python()
           ~~~~~~~~~~~~~~~^^
  File "C:\Users\Кадзицу\AppData\Roaming\Python\Python314\site-packages\aiogram\types\base.py", line 169, in to_python
    value = self.props[name].export(self)
  File "C:\Users\Кадзицу\AppData\Roaming\Python\Python314\site-packages\aiogram\types\fields.py", line 95, in export
    return self.serialize(self.get_value(instance))
           ~~~~~~~~~~~~~~^^^^^^^^^^^^^^^^^^^^^^^^^^
  File "C:\Users\Кадзицу\AppData\Roaming\Python\Python314\site-packages\aiogram\types\fields.py", line 178, in serialize
    return round(value.timestamp())
                 ~~~~~~~~~~~~~~~^^
OSError: [Errno 22] Invalid argument
04/09/2026 08:38:14 AM : executor.py line - 351 : _welcome : aiogram : INFO : Bot: Kitsune Shop [@egefergre_bot]
04/09/2026 08:38:14 AM : notify_admins.py line - 14 : on_startup_notify : root : ERROR : Chat not found
Traceback (most recent call last):
  File "C:\Users\Кадзицу\Desktop\cartel_auto\utils\notify_admins.py", line 11, in on_startup_notify
    await dp.bot.send_message(admin, "Бот Запущен")
  File "C:\Users\Кадзицу\AppData\Roaming\Python\Python314\site-packages\aiogram\bot\bot.py", line 318, in send_message
    result = await self.request(api.Methods.SEND_MESSAGE, payload)
             ^^^^^^^^^^^^^^^^^^^^^^^^^^^^^^^^^^^^^^^^^^^^^^^^^^^^^
  File "C:\Users\Кадзицу\AppData\Roaming\Python\Python314\site-packages\aiogram\bot\base.py", line 208, in request
    return await api.make_request(self.session, self.server, self.__token, method, data, files,
           ^^^^^^^^^^^^^^^^^^^^^^^^^^^^^^^^^^^^^^^^^^^^^^^^^^^^^^^^^^^^^^^^^^^^^^^^^^^^^^^^^^^^
                                  proxy=self.proxy, proxy_auth=self.proxy_auth, timeout=self.timeout, **kwargs)
                                  ^^^^^^^^^^^^^^^^^^^^^^^^^^^^^^^^^^^^^^^^^^^^^^^^^^^^^^^^^^^^^^^^^^^^^^^^^^^^^
  File "C:\Users\Кадзицу\AppData\Roaming\Python\Python314\site-packages\aiogram\bot\api.py", line 140, in make_request
    return check_result(method, response.content_type, response.status, await response.text())
  File "C:\Users\Кадзицу\AppData\Roaming\Python\Python314\site-packages\aiogram\bot\api.py", line 115, in check_result
    exceptions.BadRequest.detect(description)
    ~~~~~~~~~~~~~~~~~~~~~~~~~~~~^^^^^^^^^^^^^
  File "C:\Users\Кадзицу\AppData\Roaming\Python\Python314\site-packages\aiogram\utils\exceptions.py", line 140, in detect
    raise err(cls.text or description)
aiogram.utils.exceptions.ChatNotFound: Chat not found
04/09/2026 08:38:14 AM : dispatcher.py line - 351 : start_polling : aiogram.dispatcher.dispatcher : INFO : Start polling.
04/09/2026 08:38:15 AM : dispatcher.py line - 378 : start_polling : aiogram.dispatcher.dispatcher : ERROR : Cause exception while getting updates.
Traceback (most recent call last):
  File "C:\Users\Кадзицу\AppData\Roaming\Python\Python314\site-packages\aiogram\dispatcher\dispatcher.py", line 374, in start_polling
    updates = await self.bot.get_updates(limit=limit, offset=offset, timeout=timeout)
              ^^^^^^^^^^^^^^^^^^^^^^^^^^^^^^^^^^^^^^^^^^^^^^^^^^^^^^^^^^^^^^^^^^^^^^^
  File "C:\Users\Кадзицу\AppData\Roaming\Python\Python314\site-packages\aiogram\bot\bot.py", line 97, in get_updates
    result = await self.request(api.Methods.GET_UPDATES, payload)
             ^^^^^^^^^^^^^^^^^^^^^^^^^^^^^^^^^^^^^^^^^^^^^^^^^^^^
  File "C:\Users\Кадзицу\AppData\Roaming\Python\Python314\site-packages\aiogram\bot\base.py", line 208, in request
    return await api.make_request(self.session, self.server, self.__token, method, data, files,
           ^^^^^^^^^^^^^^^^^^^^^^^^^^^^^^^^^^^^^^^^^^^^^^^^^^^^^^^^^^^^^^^^^^^^^^^^^^^^^^^^^^^^
                                  proxy=self.proxy, proxy_auth=self.proxy_auth, timeout=self.timeout, **kwargs)
                                  ^^^^^^^^^^^^^^^^^^^^^^^^^^^^^^^^^^^^^^^^^^^^^^^^^^^^^^^^^^^^^^^^^^^^^^^^^^^^^
  File "C:\Users\Кадзицу\AppData\Roaming\Python\Python314\site-packages\aiogram\bot\api.py", line 140, in make_request
    return check_result(method, response.content_type, response.status, await response.text())
  File "C:\Users\Кадзицу\AppData\Roaming\Python\Python314\site-packages\aiogram\bot\api.py", line 119, in check_result
    exceptions.ConflictError.detect(description)
    ~~~~~~~~~~~~~~~~~~~~~~~~~~~~~~~^^^^^^^^^^^^^
  File "C:\Users\Кадзицу\AppData\Roaming\Python\Python314\site-packages\aiogram\utils\exceptions.py", line 140, in detect
    raise err(cls.text or description)
aiogram.utils.exceptions.TerminatedByOtherGetUpdates: Terminated by other getupdates request; make sure that only one bot instance is running
04/09/2026 08:38:20 AM : dispatcher.py line - 378 : start_polling : aiogram.dispatcher.dispatcher : ERROR : Cause exception while getting updates.
Traceback (most recent call last):
  File "C:\Users\Кадзицу\AppData\Roaming\Python\Python314\site-packages\aiogram\dispatcher\dispatcher.py", line 374, in start_polling
    updates = await self.bot.get_updates(limit=limit, offset=offset, timeout=timeout)
              ^^^^^^^^^^^^^^^^^^^^^^^^^^^^^^^^^^^^^^^^^^^^^^^^^^^^^^^^^^^^^^^^^^^^^^^
  File "C:\Users\Кадзицу\AppData\Roaming\Python\Python314\site-packages\aiogram\bot\bot.py", line 97, in get_updates
    result = await self.request(api.Methods.GET_UPDATES, payload)
             ^^^^^^^^^^^^^^^^^^^^^^^^^^^^^^^^^^^^^^^^^^^^^^^^^^^^
  File "C:\Users\Кадзицу\AppData\Roaming\Python\Python314\site-packages\aiogram\bot\base.py", line 208, in request
    return await api.make_request(self.session, self.server, self.__token, method, data, files,
           ^^^^^^^^^^^^^^^^^^^^^^^^^^^^^^^^^^^^^^^^^^^^^^^^^^^^^^^^^^^^^^^^^^^^^^^^^^^^^^^^^^^^
                                  proxy=self.proxy, proxy_auth=self.proxy_auth, timeout=self.timeout, **kwargs)
                                  ^^^^^^^^^^^^^^^^^^^^^^^^^^^^^^^^^^^^^^^^^^^^^^^^^^^^^^^^^^^^^^^^^^^^^^^^^^^^^
  File "C:\Users\Кадзицу\AppData\Roaming\Python\Python314\site-packages\aiogram\bot\api.py", line 140, in make_request
    return check_result(method, response.content_type, response.status, await response.text())
  File "C:\Users\Кадзицу\AppData\Roaming\Python\Python314\site-packages\aiogram\bot\api.py", line 119, in check_result
    exceptions.ConflictError.detect(description)
    ~~~~~~~~~~~~~~~~~~~~~~~~~~~~~~~^^^^^^^^^^^^^
  File "C:\Users\Кадзицу\AppData\Roaming\Python\Python314\site-packages\aiogram\utils\exceptions.py", line 140, in detect
    raise err(cls.text or description)
aiogram.utils.exceptions.TerminatedByOtherGetUpdates: Terminated by other getupdates request; make sure that only one bot instance is running
04/09/2026 08:38:25 AM : dispatcher.py line - 378 : start_polling : aiogram.dispatcher.dispatcher : ERROR : Cause exception while getting updates.
Traceback (most recent call last):
  File "C:\Users\Кадзицу\AppData\Roaming\Python\Python314\site-packages\aiogram\dispatcher\dispatcher.py", line 374, in start_polling
    updates = await self.bot.get_updates(limit=limit, offset=offset, timeout=timeout)
              ^^^^^^^^^^^^^^^^^^^^^^^^^^^^^^^^^^^^^^^^^^^^^^^^^^^^^^^^^^^^^^^^^^^^^^^
  File "C:\Users\Кадзицу\AppData\Roaming\Python\Python314\site-packages\aiogram\bot\bot.py", line 97, in get_updates
    result = await self.request(api.Methods.GET_UPDATES, payload)
             ^^^^^^^^^^^^^^^^^^^^^^^^^^^^^^^^^^^^^^^^^^^^^^^^^^^^
  File "C:\Users\Кадзицу\AppData\Roaming\Python\Python314\site-packages\aiogram\bot\base.py", line 208, in request
    return await api.make_request(self.session, self.server, self.__token, method, data, files,
           ^^^^^^^^^^^^^^^^^^^^^^^^^^^^^^^^^^^^^^^^^^^^^^^^^^^^^^^^^^^^^^^^^^^^^^^^^^^^^^^^^^^^
                                  proxy=self.proxy, proxy_auth=self.proxy_auth, timeout=self.timeout, **kwargs)
                                  ^^^^^^^^^^^^^^^^^^^^^^^^^^^^^^^^^^^^^^^^^^^^^^^^^^^^^^^^^^^^^^^^^^^^^^^^^^^^^
  File "C:\Users\Кадзицу\AppData\Roaming\Python\Python314\site-packages\aiogram\bot\api.py", line 140, in make_request
    return check_result(method, response.content_type, response.status, await response.text())
  File "C:\Users\Кадзицу\AppData\Roaming\Python\Python314\site-packages\aiogram\bot\api.py", line 119, in check_result
    exceptions.ConflictError.detect(description)
    ~~~~~~~~~~~~~~~~~~~~~~~~~~~~~~~^^^^^^^^^^^^^
  File "C:\Users\Кадзицу\AppData\Roaming\Python\Python314\site-packages\aiogram\utils\exceptions.py", line 140, in detect
    raise err(cls.text or description)
aiogram.utils.exceptions.TerminatedByOtherGetUpdates: Terminated by other getupdates request; make sure that only one bot instance is running
04/09/2026 08:38:30 AM : dispatcher.py line - 378 : start_polling : aiogram.dispatcher.dispatcher : ERROR : Cause exception while getting updates.
Traceback (most recent call last):
  File "C:\Users\Кадзицу\AppData\Roaming\Python\Python314\site-packages\aiogram\dispatcher\dispatcher.py", line 374, in start_polling
    updates = await self.bot.get_updates(limit=limit, offset=offset, timeout=timeout)
              ^^^^^^^^^^^^^^^^^^^^^^^^^^^^^^^^^^^^^^^^^^^^^^^^^^^^^^^^^^^^^^^^^^^^^^^
  File "C:\Users\Кадзицу\AppData\Roaming\Python\Python314\site-packages\aiogram\bot\bot.py", line 97, in get_updates
    result = await self.request(api.Methods.GET_UPDATES, payload)
             ^^^^^^^^^^^^^^^^^^^^^^^^^^^^^^^^^^^^^^^^^^^^^^^^^^^^
  File "C:\Users\Кадзицу\AppData\Roaming\Python\Python314\site-packages\aiogram\bot\base.py", line 208, in request
    return await api.make_request(self.session, self.server, self.__token, method, data, files,
           ^^^^^^^^^^^^^^^^^^^^^^^^^^^^^^^^^^^^^^^^^^^^^^^^^^^^^^^^^^^^^^^^^^^^^^^^^^^^^^^^^^^^
                                  proxy=self.proxy, proxy_auth=self.proxy_auth, timeout=self.timeout, **kwargs)
                                  ^^^^^^^^^^^^^^^^^^^^^^^^^^^^^^^^^^^^^^^^^^^^^^^^^^^^^^^^^^^^^^^^^^^^^^^^^^^^^
  File "C:\Users\Кадзицу\AppData\Roaming\Python\Python314\site-packages\aiogram\bot\api.py", line 140, in make_request
    return check_result(method, response.content_type, response.status, await response.text())
  File "C:\Users\Кадзицу\AppData\Roaming\Python\Python314\site-packages\aiogram\bot\api.py", line 119, in check_result
    exceptions.ConflictError.detect(description)
    ~~~~~~~~~~~~~~~~~~~~~~~~~~~~~~~^^^^^^^^^^^^^
  File "C:\Users\Кадзицу\AppData\Roaming\Python\Python314\site-packages\aiogram\utils\exceptions.py", line 140, in detect
    raise err(cls.text or description)
aiogram.utils.exceptions.TerminatedByOtherGetUpdates: Terminated by other getupdates request; make sure that only one bot instance is running
04/09/2026 08:38:36 AM : dispatcher.py line - 378 : start_polling : aiogram.dispatcher.dispatcher : ERROR : Cause exception while getting updates.
Traceback (most recent call last):
  File "C:\Users\Кадзицу\AppData\Roaming\Python\Python314\site-packages\aiogram\dispatcher\dispatcher.py", line 374, in start_polling
    updates = await self.bot.get_updates(limit=limit, offset=offset, timeout=timeout)
              ^^^^^^^^^^^^^^^^^^^^^^^^^^^^^^^^^^^^^^^^^^^^^^^^^^^^^^^^^^^^^^^^^^^^^^^
  File "C:\Users\Кадзицу\AppData\Roaming\Python\Python314\site-packages\aiogram\bot\bot.py", line 97, in get_updates
    result = await self.request(api.Methods.GET_UPDATES, payload)
             ^^^^^^^^^^^^^^^^^^^^^^^^^^^^^^^^^^^^^^^^^^^^^^^^^^^^
  File "C:\Users\Кадзицу\AppData\Roaming\Python\Python314\site-packages\aiogram\bot\base.py", line 208, in request
    return await api.make_request(self.session, self.server, self.__token, method, data, files,
           ^^^^^^^^^^^^^^^^^^^^^^^^^^^^^^^^^^^^^^^^^^^^^^^^^^^^^^^^^^^^^^^^^^^^^^^^^^^^^^^^^^^^
                                  proxy=self.proxy, proxy_auth=self.proxy_auth, timeout=self.timeout, **kwargs)
                                  ^^^^^^^^^^^^^^^^^^^^^^^^^^^^^^^^^^^^^^^^^^^^^^^^^^^^^^^^^^^^^^^^^^^^^^^^^^^^^
  File "C:\Users\Кадзицу\AppData\Roaming\Python\Python314\site-packages\aiogram\bot\api.py", line 140, in make_request
    return check_result(method, response.content_type, response.status, await response.text())
  File "C:\Users\Кадзицу\AppData\Roaming\Python\Python314\site-packages\aiogram\bot\api.py", line 119, in check_result
    exceptions.ConflictError.detect(description)
    ~~~~~~~~~~~~~~~~~~~~~~~~~~~~~~~^^^^^^^^^^^^^
  File "C:\Users\Кадзицу\AppData\Roaming\Python\Python314\site-packages\aiogram\utils\exceptions.py", line 140, in detect
    raise err(cls.text or description)
aiogram.utils.exceptions.TerminatedByOtherGetUpdates: Terminated by other getupdates request; make sure that only one bot instance is running
04/09/2026 08:38:41 AM : dispatcher.py line - 378 : start_polling : aiogram.dispatcher.dispatcher : ERROR : Cause exception while getting updates.
Traceback (most recent call last):
  File "C:\Users\Кадзицу\AppData\Roaming\Python\Python314\site-packages\aiogram\dispatcher\dispatcher.py", line 374, in start_polling
    updates = await self.bot.get_updates(limit=limit, offset=offset, timeout=timeout)
              ^^^^^^^^^^^^^^^^^^^^^^^^^^^^^^^^^^^^^^^^^^^^^^^^^^^^^^^^^^^^^^^^^^^^^^^
  File "C:\Users\Кадзицу\AppData\Roaming\Python\Python314\site-packages\aiogram\bot\bot.py", line 97, in get_updates
    result = await self.request(api.Methods.GET_UPDATES, payload)
             ^^^^^^^^^^^^^^^^^^^^^^^^^^^^^^^^^^^^^^^^^^^^^^^^^^^^
  File "C:\Users\Кадзицу\AppData\Roaming\Python\Python314\site-packages\aiogram\bot\base.py", line 208, in request
    return await api.make_request(self.session, self.server, self.__token, method, data, files,
           ^^^^^^^^^^^^^^^^^^^^^^^^^^^^^^^^^^^^^^^^^^^^^^^^^^^^^^^^^^^^^^^^^^^^^^^^^^^^^^^^^^^^
                                  proxy=self.proxy, proxy_auth=self.proxy_auth, timeout=self.timeout, **kwargs)
                                  ^^^^^^^^^^^^^^^^^^^^^^^^^^^^^^^^^^^^^^^^^^^^^^^^^^^^^^^^^^^^^^^^^^^^^^^^^^^^^
  File "C:\Users\Кадзицу\AppData\Roaming\Python\Python314\site-packages\aiogram\bot\api.py", line 140, in make_request
    return check_result(method, response.content_type, response.status, await response.text())
  File "C:\Users\Кадзицу\AppData\Roaming\Python\Python314\site-packages\aiogram\bot\api.py", line 119, in check_result
    exceptions.ConflictError.detect(description)
    ~~~~~~~~~~~~~~~~~~~~~~~~~~~~~~~^^^^^^^^^^^^^
  File "C:\Users\Кадзицу\AppData\Roaming\Python\Python314\site-packages\aiogram\utils\exceptions.py", line 140, in detect
    raise err(cls.text or description)
aiogram.utils.exceptions.TerminatedByOtherGetUpdates: Terminated by other getupdates request; make sure that only one bot instance is running
04/09/2026 08:38:46 AM : dispatcher.py line - 378 : start_polling : aiogram.dispatcher.dispatcher : ERROR : Cause exception while getting updates.
Traceback (most recent call last):
  File "C:\Users\Кадзицу\AppData\Roaming\Python\Python314\site-packages\aiogram\dispatcher\dispatcher.py", line 374, in start_polling
    updates = await self.bot.get_updates(limit=limit, offset=offset, timeout=timeout)
              ^^^^^^^^^^^^^^^^^^^^^^^^^^^^^^^^^^^^^^^^^^^^^^^^^^^^^^^^^^^^^^^^^^^^^^^
  File "C:\Users\Кадзицу\AppData\Roaming\Python\Python314\site-packages\aiogram\bot\bot.py", line 97, in get_updates
    result = await self.request(api.Methods.GET_UPDATES, payload)
             ^^^^^^^^^^^^^^^^^^^^^^^^^^^^^^^^^^^^^^^^^^^^^^^^^^^^
  File "C:\Users\Кадзицу\AppData\Roaming\Python\Python314\site-packages\aiogram\bot\base.py", line 208, in request
    return await api.make_request(self.session, self.server, self.__token, method, data, files,
           ^^^^^^^^^^^^^^^^^^^^^^^^^^^^^^^^^^^^^^^^^^^^^^^^^^^^^^^^^^^^^^^^^^^^^^^^^^^^^^^^^^^^
                                  proxy=self.proxy, proxy_auth=self.proxy_auth, timeout=self.timeout, **kwargs)
                                  ^^^^^^^^^^^^^^^^^^^^^^^^^^^^^^^^^^^^^^^^^^^^^^^^^^^^^^^^^^^^^^^^^^^^^^^^^^^^^
  File "C:\Users\Кадзицу\AppData\Roaming\Python\Python314\site-packages\aiogram\bot\api.py", line 140, in make_request
    return check_result(method, response.content_type, response.status, await response.text())
  File "C:\Users\Кадзицу\AppData\Roaming\Python\Python314\site-packages\aiogram\bot\api.py", line 119, in check_result
    exceptions.ConflictError.detect(description)
    ~~~~~~~~~~~~~~~~~~~~~~~~~~~~~~~^^^^^^^^^^^^^
  File "C:\Users\Кадзицу\AppData\Roaming\Python\Python314\site-packages\aiogram\utils\exceptions.py", line 140, in detect
    raise err(cls.text or description)
aiogram.utils.exceptions.TerminatedByOtherGetUpdates: Terminated by other getupdates request; make sure that only one bot instance is running
04/09/2026 08:38:51 AM : baza.py line - 205 : get_samples : root : ERROR : no such column: samples
Traceback (most recent call last):
  File "C:\Users\Кадзицу\Desktop\cartel_auto\utils\db_api\baza.py", line 202, in get_samples
    samples = q.execute("SELECT samples FROM admin_settings").fetchone()[0]
              ~~~~~~~~~^^^^^^^^^^^^^^^^^^^^^^^^^^^^^^^^^^^^^^
sqlite3.OperationalError: no such column: samples
04/09/2026 08:38:51 AM : error_handler.py line - 65 : errors_handler : root : ERROR : Update: {"update_id": 657816133, "message": {"message_id": 103, "from": {"id": 5989855758, "is_bot": false, "first_name": "\U0001f968 Мрамор", "username": "marble_soul", "language_code": "ru", "is_premium": true}, "chat": {"id": 5989855758, "first_name": "\U0001f968 Мрамор", "username": "marble_soul", "type": "private"}, "date": 1775698784, "text": "\U0001f381 Пробник 0.5 кг — бесплатно (за отзыв)"}} 
'<=' not supported between instances of 'NoneType' and 'int'
Traceback (most recent call last):
  File "C:\Users\Кадзицу\AppData\Roaming\Python\Python314\site-packages\aiogram\dispatcher\dispatcher.py", line 253, in process_update
    return await self.message_handlers.notify(update.message)
           ^^^^^^^^^^^^^^^^^^^^^^^^^^^^^^^^^^^^^^^^^^^^^^^^^^
  File "C:\Users\Кадзицу\AppData\Roaming\Python\Python314\site-packages\aiogram\dispatcher\handler.py", line 117, in notify
    response = await handler_obj.handler(*args, **partial_data)
               ^^^^^^^^^^^^^^^^^^^^^^^^^^^^^^^^^^^^^^^^^^^^^^^^
  File "C:\Users\Кадзицу\Desktop\cartel_auto\handlers\users\echo.py", line 67, in bot_send_rayon_info
    if samples <= 0:
       ^^^^^^^^^^^^
TypeError: '<=' not supported between instances of 'NoneType' and 'int'
04/09/2026 08:38:51 AM : base_events.py line - 1875 : default_exception_handler : asyncio : ERROR : Task exception was never retrieved
future: <Task finished name='Task-18' coro=<Dispatcher._process_polling_updates() done, defined at C:\Users\Кадзицу\AppData\Roaming\Python\Python314\site-packages\aiogram\dispatcher\dispatcher.py:395> exception=TypeError("'<=' not supported between instances of 'NoneType' and 'int'")>
Traceback (most recent call last):
  File "C:\Users\Кадзицу\AppData\Roaming\Python\Python314\site-packages\aiogram\dispatcher\dispatcher.py", line 403, in _process_polling_updates
    for responses in itertools.chain.from_iterable(await self.process_updates(updates, fast)):
                                                   ^^^^^^^^^^^^^^^^^^^^^^^^^^^^^^^^^^^^^^^^^
  File "C:\Users\Кадзицу\AppData\Roaming\Python\Python314\site-packages\aiogram\dispatcher\dispatcher.py", line 232, in process_updates
    return await asyncio.gather(*tasks)
           ^^^^^^^^^^^^^^^^^^^^^^^^^^^^
  File "C:\Users\Кадзицу\AppData\Roaming\Python\Python314\site-packages\aiogram\dispatcher\handler.py", line 117, in notify
    response = await handler_obj.handler(*args, **partial_data)
               ^^^^^^^^^^^^^^^^^^^^^^^^^^^^^^^^^^^^^^^^^^^^^^^^
  File "C:\Users\Кадзицу\AppData\Roaming\Python\Python314\site-packages\aiogram\dispatcher\dispatcher.py", line 253, in process_update
    return await self.message_handlers.notify(update.message)
           ^^^^^^^^^^^^^^^^^^^^^^^^^^^^^^^^^^^^^^^^^^^^^^^^^^
  File "C:\Users\Кадзицу\AppData\Roaming\Python\Python314\site-packages\aiogram\dispatcher\handler.py", line 117, in notify
    response = await handler_obj.handler(*args, **partial_data)
               ^^^^^^^^^^^^^^^^^^^^^^^^^^^^^^^^^^^^^^^^^^^^^^^^
  File "C:\Users\Кадзицу\Desktop\cartel_auto\handlers\users\echo.py", line 67, in bot_send_rayon_info
    if samples <= 0:
       ^^^^^^^^^^^^
TypeError: '<=' not supported between instances of 'NoneType' and 'int'
04/09/2026 08:38:52 AM : dispatcher.py line - 378 : start_polling : aiogram.dispatcher.dispatcher : ERROR : Cause exception while getting updates.
Traceback (most recent call last):
  File "C:\Users\Кадзицу\AppData\Roaming\Python\Python314\site-packages\aiogram\dispatcher\dispatcher.py", line 374, in start_polling
    updates = await self.bot.get_updates(limit=limit, offset=offset, timeout=timeout)
              ^^^^^^^^^^^^^^^^^^^^^^^^^^^^^^^^^^^^^^^^^^^^^^^^^^^^^^^^^^^^^^^^^^^^^^^
  File "C:\Users\Кадзицу\AppData\Roaming\Python\Python314\site-packages\aiogram\bot\bot.py", line 97, in get_updates
    result = await self.request(api.Methods.GET_UPDATES, payload)
             ^^^^^^^^^^^^^^^^^^^^^^^^^^^^^^^^^^^^^^^^^^^^^^^^^^^^
  File "C:\Users\Кадзицу\AppData\Roaming\Python\Python314\site-packages\aiogram\bot\base.py", line 208, in request
    return await api.make_request(self.session, self.server, self.__token, method, data, files,
           ^^^^^^^^^^^^^^^^^^^^^^^^^^^^^^^^^^^^^^^^^^^^^^^^^^^^^^^^^^^^^^^^^^^^^^^^^^^^^^^^^^^^
                                  proxy=self.proxy, proxy_auth=self.proxy_auth, timeout=self.timeout, **kwargs)
                                  ^^^^^^^^^^^^^^^^^^^^^^^^^^^^^^^^^^^^^^^^^^^^^^^^^^^^^^^^^^^^^^^^^^^^^^^^^^^^^
  File "C:\Users\Кадзицу\AppData\Roaming\Python\Python314\site-packages\aiogram\bot\api.py", line 140, in make_request
    return check_result(method, response.content_type, response.status, await response.text())
  File "C:\Users\Кадзицу\AppData\Roaming\Python\Python314\site-packages\aiogram\bot\api.py", line 119, in check_result
    exceptions.ConflictError.detect(description)
    ~~~~~~~~~~~~~~~~~~~~~~~~~~~~~~~^^^^^^^^^^^^^
  File "C:\Users\Кадзицу\AppData\Roaming\Python\Python314\site-packages\aiogram\utils\exceptions.py", line 140, in detect
    raise err(cls.text or description)
aiogram.utils.exceptions.TerminatedByOtherGetUpdates: Terminated by other getupdates request; make sure that only one bot instance is running
04/09/2026 08:38:57 AM : dispatcher.py line - 378 : start_polling : aiogram.dispatcher.dispatcher : ERROR : Cause exception while getting updates.
Traceback (most recent call last):
  File "C:\Users\Кадзицу\AppData\Roaming\Python\Python314\site-packages\aiogram\dispatcher\dispatcher.py", line 374, in start_polling
    updates = await self.bot.get_updates(limit=limit, offset=offset, timeout=timeout)
              ^^^^^^^^^^^^^^^^^^^^^^^^^^^^^^^^^^^^^^^^^^^^^^^^^^^^^^^^^^^^^^^^^^^^^^^
  File "C:\Users\Кадзицу\AppData\Roaming\Python\Python314\site-packages\aiogram\bot\bot.py", line 97, in get_updates
    result = await self.request(api.Methods.GET_UPDATES, payload)
             ^^^^^^^^^^^^^^^^^^^^^^^^^^^^^^^^^^^^^^^^^^^^^^^^^^^^
  File "C:\Users\Кадзицу\AppData\Roaming\Python\Python314\site-packages\aiogram\bot\base.py", line 208, in request
    return await api.make_request(self.session, self.server, self.__token, method, data, files,
           ^^^^^^^^^^^^^^^^^^^^^^^^^^^^^^^^^^^^^^^^^^^^^^^^^^^^^^^^^^^^^^^^^^^^^^^^^^^^^^^^^^^^
                                  proxy=self.proxy, proxy_auth=self.proxy_auth, timeout=self.timeout, **kwargs)
                                  ^^^^^^^^^^^^^^^^^^^^^^^^^^^^^^^^^^^^^^^^^^^^^^^^^^^^^^^^^^^^^^^^^^^^^^^^^^^^^
  File "C:\Users\Кадзицу\AppData\Roaming\Python\Python314\site-packages\aiogram\bot\api.py", line 140, in make_request
    return check_result(method, response.content_type, response.status, await response.text())
  File "C:\Users\Кадзицу\AppData\Roaming\Python\Python314\site-packages\aiogram\bot\api.py", line 119, in check_result
    exceptions.ConflictError.detect(description)
    ~~~~~~~~~~~~~~~~~~~~~~~~~~~~~~~^^^^^^^^^^^^^
  File "C:\Users\Кадзицу\AppData\Roaming\Python\Python314\site-packages\aiogram\utils\exceptions.py", line 140, in detect
    raise err(cls.text or description)
aiogram.utils.exceptions.TerminatedByOtherGetUpdates: Terminated by other getupdates request; make sure that only one bot instance is running
04/09/2026 08:39:02 AM : dispatcher.py line - 378 : start_polling : aiogram.dispatcher.dispatcher : ERROR : Cause exception while getting updates.
Traceback (most recent call last):
  File "C:\Users\Кадзицу\AppData\Roaming\Python\Python314\site-packages\aiogram\dispatcher\dispatcher.py", line 374, in start_polling
    updates = await self.bot.get_updates(limit=limit, offset=offset, timeout=timeout)
              ^^^^^^^^^^^^^^^^^^^^^^^^^^^^^^^^^^^^^^^^^^^^^^^^^^^^^^^^^^^^^^^^^^^^^^^
  File "C:\Users\Кадзицу\AppData\Roaming\Python\Python314\site-packages\aiogram\bot\bot.py", line 97, in get_updates
    result = await self.request(api.Methods.GET_UPDATES, payload)
             ^^^^^^^^^^^^^^^^^^^^^^^^^^^^^^^^^^^^^^^^^^^^^^^^^^^^
  File "C:\Users\Кадзицу\AppData\Roaming\Python\Python314\site-packages\aiogram\bot\base.py", line 208, in request
    return await api.make_request(self.session, self.server, self.__token, method, data, files,
           ^^^^^^^^^^^^^^^^^^^^^^^^^^^^^^^^^^^^^^^^^^^^^^^^^^^^^^^^^^^^^^^^^^^^^^^^^^^^^^^^^^^^
                                  proxy=self.proxy, proxy_auth=self.proxy_auth, timeout=self.timeout, **kwargs)
                                  ^^^^^^^^^^^^^^^^^^^^^^^^^^^^^^^^^^^^^^^^^^^^^^^^^^^^^^^^^^^^^^^^^^^^^^^^^^^^^
  File "C:\Users\Кадзицу\AppData\Roaming\Python\Python314\site-packages\aiogram\bot\api.py", line 140, in make_request
    return check_result(method, response.content_type, response.status, await response.text())
  File "C:\Users\Кадзицу\AppData\Roaming\Python\Python314\site-packages\aiogram\bot\api.py", line 119, in check_result
    exceptions.ConflictError.detect(description)
    ~~~~~~~~~~~~~~~~~~~~~~~~~~~~~~~^^^^^^^^^^^^^
  File "C:\Users\Кадзицу\AppData\Roaming\Python\Python314\site-packages\aiogram\utils\exceptions.py", line 140, in detect
    raise err(cls.text or description)
aiogram.utils.exceptions.TerminatedByOtherGetUpdates: Terminated by other getupdates request; make sure that only one bot instance is running
04/09/2026 08:39:08 AM : dispatcher.py line - 378 : start_polling : aiogram.dispatcher.dispatcher : ERROR : Cause exception while getting updates.
Traceback (most recent call last):
  File "C:\Users\Кадзицу\AppData\Roaming\Python\Python314\site-packages\aiogram\dispatcher\dispatcher.py", line 374, in start_polling
    updates = await self.bot.get_updates(limit=limit, offset=offset, timeout=timeout)
              ^^^^^^^^^^^^^^^^^^^^^^^^^^^^^^^^^^^^^^^^^^^^^^^^^^^^^^^^^^^^^^^^^^^^^^^
  File "C:\Users\Кадзицу\AppData\Roaming\Python\Python314\site-packages\aiogram\bot\bot.py", line 97, in get_updates
    result = await self.request(api.Methods.GET_UPDATES, payload)
             ^^^^^^^^^^^^^^^^^^^^^^^^^^^^^^^^^^^^^^^^^^^^^^^^^^^^
  File "C:\Users\Кадзицу\AppData\Roaming\Python\Python314\site-packages\aiogram\bot\base.py", line 208, in request
    return await api.make_request(self.session, self.server, self.__token, method, data, files,
           ^^^^^^^^^^^^^^^^^^^^^^^^^^^^^^^^^^^^^^^^^^^^^^^^^^^^^^^^^^^^^^^^^^^^^^^^^^^^^^^^^^^^
                                  proxy=self.proxy, proxy_auth=self.proxy_auth, timeout=self.timeout, **kwargs)
                                  ^^^^^^^^^^^^^^^^^^^^^^^^^^^^^^^^^^^^^^^^^^^^^^^^^^^^^^^^^^^^^^^^^^^^^^^^^^^^^
  File "C:\Users\Кадзицу\AppData\Roaming\Python\Python314\site-packages\aiogram\bot\api.py", line 140, in make_request
    return check_result(method, response.content_type, response.status, await response.text())
  File "C:\Users\Кадзицу\AppData\Roaming\Python\Python314\site-packages\aiogram\bot\api.py", line 119, in check_result
    exceptions.ConflictError.detect(description)
    ~~~~~~~~~~~~~~~~~~~~~~~~~~~~~~~^^^^^^^^^^^^^
  File "C:\Users\Кадзицу\AppData\Roaming\Python\Python314\site-packages\aiogram\utils\exceptions.py", line 140, in detect
    raise err(cls.text or description)
aiogram.utils.exceptions.TerminatedByOtherGetUpdates: Terminated by other getupdates request; make sure that only one bot instance is running
04/09/2026 08:39:13 AM : dispatcher.py line - 378 : start_polling : aiogram.dispatcher.dispatcher : ERROR : Cause exception while getting updates.
Traceback (most recent call last):
  File "C:\Users\Кадзицу\AppData\Roaming\Python\Python314\site-packages\aiogram\dispatcher\dispatcher.py", line 374, in start_polling
    updates = await self.bot.get_updates(limit=limit, offset=offset, timeout=timeout)
              ^^^^^^^^^^^^^^^^^^^^^^^^^^^^^^^^^^^^^^^^^^^^^^^^^^^^^^^^^^^^^^^^^^^^^^^
  File "C:\Users\Кадзицу\AppData\Roaming\Python\Python314\site-packages\aiogram\bot\bot.py", line 97, in get_updates
    result = await self.request(api.Methods.GET_UPDATES, payload)
             ^^^^^^^^^^^^^^^^^^^^^^^^^^^^^^^^^^^^^^^^^^^^^^^^^^^^
  File "C:\Users\Кадзицу\AppData\Roaming\Python\Python314\site-packages\aiogram\bot\base.py", line 208, in request
    return await api.make_request(self.session, self.server, self.__token, method, data, files,
           ^^^^^^^^^^^^^^^^^^^^^^^^^^^^^^^^^^^^^^^^^^^^^^^^^^^^^^^^^^^^^^^^^^^^^^^^^^^^^^^^^^^^
                                  proxy=self.proxy, proxy_auth=self.proxy_auth, timeout=self.timeout, **kwargs)
                                  ^^^^^^^^^^^^^^^^^^^^^^^^^^^^^^^^^^^^^^^^^^^^^^^^^^^^^^^^^^^^^^^^^^^^^^^^^^^^^
  File "C:\Users\Кадзицу\AppData\Roaming\Python\Python314\site-packages\aiogram\bot\api.py", line 140, in make_request
    return check_result(method, response.content_type, response.status, await response.text())
  File "C:\Users\Кадзицу\AppData\Roaming\Python\Python314\site-packages\aiogram\bot\api.py", line 119, in check_result
    exceptions.ConflictError.detect(description)
    ~~~~~~~~~~~~~~~~~~~~~~~~~~~~~~~^^^^^^^^^^^^^
  File "C:\Users\Кадзицу\AppData\Roaming\Python\Python314\site-packages\aiogram\utils\exceptions.py", line 140, in detect
    raise err(cls.text or description)
aiogram.utils.exceptions.TerminatedByOtherGetUpdates: Terminated by other getupdates request; make sure that only one bot instance is running
04/09/2026 08:39:18 AM : dispatcher.py line - 378 : start_polling : aiogram.dispatcher.dispatcher : ERROR : Cause exception while getting updates.
Traceback (most recent call last):
  File "C:\Users\Кадзицу\AppData\Roaming\Python\Python314\site-packages\aiogram\dispatcher\dispatcher.py", line 374, in start_polling
    updates = await self.bot.get_updates(limit=limit, offset=offset, timeout=timeout)
              ^^^^^^^^^^^^^^^^^^^^^^^^^^^^^^^^^^^^^^^^^^^^^^^^^^^^^^^^^^^^^^^^^^^^^^^
  File "C:\Users\Кадзицу\AppData\Roaming\Python\Python314\site-packages\aiogram\bot\bot.py", line 97, in get_updates
    result = await self.request(api.Methods.GET_UPDATES, payload)
             ^^^^^^^^^^^^^^^^^^^^^^^^^^^^^^^^^^^^^^^^^^^^^^^^^^^^
  File "C:\Users\Кадзицу\AppData\Roaming\Python\Python314\site-packages\aiogram\bot\base.py", line 208, in request
    return await api.make_request(self.session, self.server, self.__token, method, data, files,
           ^^^^^^^^^^^^^^^^^^^^^^^^^^^^^^^^^^^^^^^^^^^^^^^^^^^^^^^^^^^^^^^^^^^^^^^^^^^^^^^^^^^^
                                  proxy=self.proxy, proxy_auth=self.proxy_auth, timeout=self.timeout, **kwargs)
                                  ^^^^^^^^^^^^^^^^^^^^^^^^^^^^^^^^^^^^^^^^^^^^^^^^^^^^^^^^^^^^^^^^^^^^^^^^^^^^^
  File "C:\Users\Кадзицу\AppData\Roaming\Python\Python314\site-packages\aiogram\bot\api.py", line 140, in make_request
    return check_result(method, response.content_type, response.status, await response.text())
  File "C:\Users\Кадзицу\AppData\Roaming\Python\Python314\site-packages\aiogram\bot\api.py", line 119, in check_result
    exceptions.ConflictError.detect(description)
    ~~~~~~~~~~~~~~~~~~~~~~~~~~~~~~~^^^^^^^^^^^^^
  File "C:\Users\Кадзицу\AppData\Roaming\Python\Python314\site-packages\aiogram\utils\exceptions.py", line 140, in detect
    raise err(cls.text or description)
aiogram.utils.exceptions.TerminatedByOtherGetUpdates: Terminated by other getupdates request; make sure that only one bot instance is running
04/09/2026 08:39:23 AM : dispatcher.py line - 378 : start_polling : aiogram.dispatcher.dispatcher : ERROR : Cause exception while getting updates.
Traceback (most recent call last):
  File "C:\Users\Кадзицу\AppData\Roaming\Python\Python314\site-packages\aiogram\dispatcher\dispatcher.py", line 374, in start_polling
    updates = await self.bot.get_updates(limit=limit, offset=offset, timeout=timeout)
              ^^^^^^^^^^^^^^^^^^^^^^^^^^^^^^^^^^^^^^^^^^^^^^^^^^^^^^^^^^^^^^^^^^^^^^^
  File "C:\Users\Кадзицу\AppData\Roaming\Python\Python314\site-packages\aiogram\bot\bot.py", line 97, in get_updates
    result = await self.request(api.Methods.GET_UPDATES, payload)
             ^^^^^^^^^^^^^^^^^^^^^^^^^^^^^^^^^^^^^^^^^^^^^^^^^^^^
  File "C:\Users\Кадзицу\AppData\Roaming\Python\Python314\site-packages\aiogram\bot\base.py", line 208, in request
    return await api.make_request(self.session, self.server, self.__token, method, data, files,
           ^^^^^^^^^^^^^^^^^^^^^^^^^^^^^^^^^^^^^^^^^^^^^^^^^^^^^^^^^^^^^^^^^^^^^^^^^^^^^^^^^^^^
                                  proxy=self.proxy, proxy_auth=self.proxy_auth, timeout=self.timeout, **kwargs)
                                  ^^^^^^^^^^^^^^^^^^^^^^^^^^^^^^^^^^^^^^^^^^^^^^^^^^^^^^^^^^^^^^^^^^^^^^^^^^^^^
  File "C:\Users\Кадзицу\AppData\Roaming\Python\Python314\site-packages\aiogram\bot\api.py", line 140, in make_request
    return check_result(method, response.content_type, response.status, await response.text())
  File "C:\Users\Кадзицу\AppData\Roaming\Python\Python314\site-packages\aiogram\bot\api.py", line 119, in check_result
    exceptions.ConflictError.detect(description)
    ~~~~~~~~~~~~~~~~~~~~~~~~~~~~~~~^^^^^^^^^^^^^
  File "C:\Users\Кадзицу\AppData\Roaming\Python\Python314\site-packages\aiogram\utils\exceptions.py", line 140, in detect
    raise err(cls.text or description)
aiogram.utils.exceptions.TerminatedByOtherGetUpdates: Terminated by other getupdates request; make sure that only one bot instance is running
04/09/2026 08:39:29 AM : dispatcher.py line - 378 : start_polling : aiogram.dispatcher.dispatcher : ERROR : Cause exception while getting updates.
Traceback (most recent call last):
  File "C:\Users\Кадзицу\AppData\Roaming\Python\Python314\site-packages\aiogram\dispatcher\dispatcher.py", line 374, in start_polling
    updates = await self.bot.get_updates(limit=limit, offset=offset, timeout=timeout)
              ^^^^^^^^^^^^^^^^^^^^^^^^^^^^^^^^^^^^^^^^^^^^^^^^^^^^^^^^^^^^^^^^^^^^^^^
  File "C:\Users\Кадзицу\AppData\Roaming\Python\Python314\site-packages\aiogram\bot\bot.py", line 97, in get_updates
    result = await self.request(api.Methods.GET_UPDATES, payload)
             ^^^^^^^^^^^^^^^^^^^^^^^^^^^^^^^^^^^^^^^^^^^^^^^^^^^^
  File "C:\Users\Кадзицу\AppData\Roaming\Python\Python314\site-packages\aiogram\bot\base.py", line 208, in request
    return await api.make_request(self.session, self.server, self.__token, method, data, files,
           ^^^^^^^^^^^^^^^^^^^^^^^^^^^^^^^^^^^^^^^^^^^^^^^^^^^^^^^^^^^^^^^^^^^^^^^^^^^^^^^^^^^^
                                  proxy=self.proxy, proxy_auth=self.proxy_auth, timeout=self.timeout, **kwargs)
                                  ^^^^^^^^^^^^^^^^^^^^^^^^^^^^^^^^^^^^^^^^^^^^^^^^^^^^^^^^^^^^^^^^^^^^^^^^^^^^^
  File "C:\Users\Кадзицу\AppData\Roaming\Python\Python314\site-packages\aiogram\bot\api.py", line 140, in make_request
    return check_result(method, response.content_type, response.status, await response.text())
  File "C:\Users\Кадзицу\AppData\Roaming\Python\Python314\site-packages\aiogram\bot\api.py", line 119, in check_result
    exceptions.ConflictError.detect(description)
    ~~~~~~~~~~~~~~~~~~~~~~~~~~~~~~~^^^^^^^^^^^^^
  File "C:\Users\Кадзицу\AppData\Roaming\Python\Python314\site-packages\aiogram\utils\exceptions.py", line 140, in detect
    raise err(cls.text or description)
aiogram.utils.exceptions.TerminatedByOtherGetUpdates: Terminated by other getupdates request; make sure that only one bot instance is running
04/09/2026 08:39:34 AM : dispatcher.py line - 378 : start_polling : aiogram.dispatcher.dispatcher : ERROR : Cause exception while getting updates.
Traceback (most recent call last):
  File "C:\Users\Кадзицу\AppData\Roaming\Python\Python314\site-packages\aiogram\dispatcher\dispatcher.py", line 374, in start_polling
    updates = await self.bot.get_updates(limit=limit, offset=offset, timeout=timeout)
              ^^^^^^^^^^^^^^^^^^^^^^^^^^^^^^^^^^^^^^^^^^^^^^^^^^^^^^^^^^^^^^^^^^^^^^^
  File "C:\Users\Кадзицу\AppData\Roaming\Python\Python314\site-packages\aiogram\bot\bot.py", line 97, in get_updates
    result = await self.request(api.Methods.GET_UPDATES, payload)
             ^^^^^^^^^^^^^^^^^^^^^^^^^^^^^^^^^^^^^^^^^^^^^^^^^^^^
  File "C:\Users\Кадзицу\AppData\Roaming\Python\Python314\site-packages\aiogram\bot\base.py", line 208, in request
    return await api.make_request(self.session, self.server, self.__token, method, data, files,
           ^^^^^^^^^^^^^^^^^^^^^^^^^^^^^^^^^^^^^^^^^^^^^^^^^^^^^^^^^^^^^^^^^^^^^^^^^^^^^^^^^^^^
                                  proxy=self.proxy, proxy_auth=self.proxy_auth, timeout=self.timeout, **kwargs)
                                  ^^^^^^^^^^^^^^^^^^^^^^^^^^^^^^^^^^^^^^^^^^^^^^^^^^^^^^^^^^^^^^^^^^^^^^^^^^^^^
  File "C:\Users\Кадзицу\AppData\Roaming\Python\Python314\site-packages\aiogram\bot\api.py", line 140, in make_request
    return check_result(method, response.content_type, response.status, await response.text())
  File "C:\Users\Кадзицу\AppData\Roaming\Python\Python314\site-packages\aiogram\bot\api.py", line 119, in check_result
    exceptions.ConflictError.detect(description)
    ~~~~~~~~~~~~~~~~~~~~~~~~~~~~~~~^^^^^^^^^^^^^
  File "C:\Users\Кадзицу\AppData\Roaming\Python\Python314\site-packages\aiogram\utils\exceptions.py", line 140, in detect
    raise err(cls.text or description)
aiogram.utils.exceptions.TerminatedByOtherGetUpdates: Terminated by other getupdates request; make sure that only one bot instance is running
04/09/2026 08:39:39 AM : dispatcher.py line - 378 : start_polling : aiogram.dispatcher.dispatcher : ERROR : Cause exception while getting updates.
Traceback (most recent call last):
  File "C:\Users\Кадзицу\AppData\Roaming\Python\Python314\site-packages\aiogram\dispatcher\dispatcher.py", line 374, in start_polling
    updates = await self.bot.get_updates(limit=limit, offset=offset, timeout=timeout)
              ^^^^^^^^^^^^^^^^^^^^^^^^^^^^^^^^^^^^^^^^^^^^^^^^^^^^^^^^^^^^^^^^^^^^^^^
  File "C:\Users\Кадзицу\AppData\Roaming\Python\Python314\site-packages\aiogram\bot\bot.py", line 97, in get_updates
    result = await self.request(api.Methods.GET_UPDATES, payload)
             ^^^^^^^^^^^^^^^^^^^^^^^^^^^^^^^^^^^^^^^^^^^^^^^^^^^^
  File "C:\Users\Кадзицу\AppData\Roaming\Python\Python314\site-packages\aiogram\bot\base.py", line 208, in request
    return await api.make_request(self.session, self.server, self.__token, method, data, files,
           ^^^^^^^^^^^^^^^^^^^^^^^^^^^^^^^^^^^^^^^^^^^^^^^^^^^^^^^^^^^^^^^^^^^^^^^^^^^^^^^^^^^^
                                  proxy=self.proxy, proxy_auth=self.proxy_auth, timeout=self.timeout, **kwargs)
                                  ^^^^^^^^^^^^^^^^^^^^^^^^^^^^^^^^^^^^^^^^^^^^^^^^^^^^^^^^^^^^^^^^^^^^^^^^^^^^^
  File "C:\Users\Кадзицу\AppData\Roaming\Python\Python314\site-packages\aiogram\bot\api.py", line 140, in make_request
    return check_result(method, response.content_type, response.status, await response.text())
  File "C:\Users\Кадзицу\AppData\Roaming\Python\Python314\site-packages\aiogram\bot\api.py", line 119, in check_result
    exceptions.ConflictError.detect(description)
    ~~~~~~~~~~~~~~~~~~~~~~~~~~~~~~~^^^^^^^^^^^^^
  File "C:\Users\Кадзицу\AppData\Roaming\Python\Python314\site-packages\aiogram\utils\exceptions.py", line 140, in detect
    raise err(cls.text or description)
aiogram.utils.exceptions.TerminatedByOtherGetUpdates: Terminated by other getupdates request; make sure that only one bot instance is running
04/09/2026 08:39:45 AM : dispatcher.py line - 378 : start_polling : aiogram.dispatcher.dispatcher : ERROR : Cause exception while getting updates.
Traceback (most recent call last):
  File "C:\Users\Кадзицу\AppData\Roaming\Python\Python314\site-packages\aiogram\dispatcher\dispatcher.py", line 374, in start_polling
    updates = await self.bot.get_updates(limit=limit, offset=offset, timeout=timeout)
              ^^^^^^^^^^^^^^^^^^^^^^^^^^^^^^^^^^^^^^^^^^^^^^^^^^^^^^^^^^^^^^^^^^^^^^^
  File "C:\Users\Кадзицу\AppData\Roaming\Python\Python314\site-packages\aiogram\bot\bot.py", line 97, in get_updates
    result = await self.request(api.Methods.GET_UPDATES, payload)
             ^^^^^^^^^^^^^^^^^^^^^^^^^^^^^^^^^^^^^^^^^^^^^^^^^^^^
  File "C:\Users\Кадзицу\AppData\Roaming\Python\Python314\site-packages\aiogram\bot\base.py", line 208, in request
    return await api.make_request(self.session, self.server, self.__token, method, data, files,
           ^^^^^^^^^^^^^^^^^^^^^^^^^^^^^^^^^^^^^^^^^^^^^^^^^^^^^^^^^^^^^^^^^^^^^^^^^^^^^^^^^^^^
                                  proxy=self.proxy, proxy_auth=self.proxy_auth, timeout=self.timeout, **kwargs)
                                  ^^^^^^^^^^^^^^^^^^^^^^^^^^^^^^^^^^^^^^^^^^^^^^^^^^^^^^^^^^^^^^^^^^^^^^^^^^^^^
  File "C:\Users\Кадзицу\AppData\Roaming\Python\Python314\site-packages\aiogram\bot\api.py", line 140, in make_request
    return check_result(method, response.content_type, response.status, await response.text())
  File "C:\Users\Кадзицу\AppData\Roaming\Python\Python314\site-packages\aiogram\bot\api.py", line 119, in check_result
    exceptions.ConflictError.detect(description)
    ~~~~~~~~~~~~~~~~~~~~~~~~~~~~~~~^^^^^^^^^^^^^
  File "C:\Users\Кадзицу\AppData\Roaming\Python\Python314\site-packages\aiogram\utils\exceptions.py", line 140, in detect
    raise err(cls.text or description)
aiogram.utils.exceptions.TerminatedByOtherGetUpdates: Terminated by other getupdates request; make sure that only one bot instance is running
04/09/2026 08:39:50 AM : dispatcher.py line - 378 : start_polling : aiogram.dispatcher.dispatcher : ERROR : Cause exception while getting updates.
Traceback (most recent call last):
  File "C:\Users\Кадзицу\AppData\Roaming\Python\Python314\site-packages\aiogram\dispatcher\dispatcher.py", line 374, in start_polling
    updates = await self.bot.get_updates(limit=limit, offset=offset, timeout=timeout)
              ^^^^^^^^^^^^^^^^^^^^^^^^^^^^^^^^^^^^^^^^^^^^^^^^^^^^^^^^^^^^^^^^^^^^^^^
  File "C:\Users\Кадзицу\AppData\Roaming\Python\Python314\site-packages\aiogram\bot\bot.py", line 97, in get_updates
    result = await self.request(api.Methods.GET_UPDATES, payload)
             ^^^^^^^^^^^^^^^^^^^^^^^^^^^^^^^^^^^^^^^^^^^^^^^^^^^^
  File "C:\Users\Кадзицу\AppData\Roaming\Python\Python314\site-packages\aiogram\bot\base.py", line 208, in request
    return await api.make_request(self.session, self.server, self.__token, method, data, files,
           ^^^^^^^^^^^^^^^^^^^^^^^^^^^^^^^^^^^^^^^^^^^^^^^^^^^^^^^^^^^^^^^^^^^^^^^^^^^^^^^^^^^^
                                  proxy=self.proxy, proxy_auth=self.proxy_auth, timeout=self.timeout, **kwargs)
                                  ^^^^^^^^^^^^^^^^^^^^^^^^^^^^^^^^^^^^^^^^^^^^^^^^^^^^^^^^^^^^^^^^^^^^^^^^^^^^^
  File "C:\Users\Кадзицу\AppData\Roaming\Python\Python314\site-packages\aiogram\bot\api.py", line 140, in make_request
    return check_result(method, response.content_type, response.status, await response.text())
  File "C:\Users\Кадзицу\AppData\Roaming\Python\Python314\site-packages\aiogram\bot\api.py", line 119, in check_result
    exceptions.ConflictError.detect(description)
    ~~~~~~~~~~~~~~~~~~~~~~~~~~~~~~~^^^^^^^^^^^^^
  File "C:\Users\Кадзицу\AppData\Roaming\Python\Python314\site-packages\aiogram\utils\exceptions.py", line 140, in detect
    raise err(cls.text or description)
aiogram.utils.exceptions.TerminatedByOtherGetUpdates: Terminated by other getupdates request; make sure that only one bot instance is running
04/09/2026 08:39:55 AM : dispatcher.py line - 378 : start_polling : aiogram.dispatcher.dispatcher : ERROR : Cause exception while getting updates.
Traceback (most recent call last):
  File "C:\Users\Кадзицу\AppData\Roaming\Python\Python314\site-packages\aiogram\dispatcher\dispatcher.py", line 374, in start_polling
    updates = await self.bot.get_updates(limit=limit, offset=offset, timeout=timeout)
              ^^^^^^^^^^^^^^^^^^^^^^^^^^^^^^^^^^^^^^^^^^^^^^^^^^^^^^^^^^^^^^^^^^^^^^^
  File "C:\Users\Кадзицу\AppData\Roaming\Python\Python314\site-packages\aiogram\bot\bot.py", line 97, in get_updates
    result = await self.request(api.Methods.GET_UPDATES, payload)
             ^^^^^^^^^^^^^^^^^^^^^^^^^^^^^^^^^^^^^^^^^^^^^^^^^^^^
  File "C:\Users\Кадзицу\AppData\Roaming\Python\Python314\site-packages\aiogram\bot\base.py", line 208, in request
    return await api.make_request(self.session, self.server, self.__token, method, data, files,
           ^^^^^^^^^^^^^^^^^^^^^^^^^^^^^^^^^^^^^^^^^^^^^^^^^^^^^^^^^^^^^^^^^^^^^^^^^^^^^^^^^^^^
                                  proxy=self.proxy, proxy_auth=self.proxy_auth, timeout=self.timeout, **kwargs)
                                  ^^^^^^^^^^^^^^^^^^^^^^^^^^^^^^^^^^^^^^^^^^^^^^^^^^^^^^^^^^^^^^^^^^^^^^^^^^^^^
  File "C:\Users\Кадзицу\AppData\Roaming\Python\Python314\site-packages\aiogram\bot\api.py", line 140, in make_request
    return check_result(method, response.content_type, response.status, await response.text())
  File "C:\Users\Кадзицу\AppData\Roaming\Python\Python314\site-packages\aiogram\bot\api.py", line 119, in check_result
    exceptions.ConflictError.detect(description)
    ~~~~~~~~~~~~~~~~~~~~~~~~~~~~~~~^^^^^^^^^^^^^
  File "C:\Users\Кадзицу\AppData\Roaming\Python\Python314\site-packages\aiogram\utils\exceptions.py", line 140, in detect
    raise err(cls.text or description)
aiogram.utils.exceptions.TerminatedByOtherGetUpdates: Terminated by other getupdates request; make sure that only one bot instance is running
04/09/2026 08:40:00 AM : dispatcher.py line - 378 : start_polling : aiogram.dispatcher.dispatcher : ERROR : Cause exception while getting updates.
Traceback (most recent call last):
  File "C:\Users\Кадзицу\AppData\Roaming\Python\Python314\site-packages\aiogram\dispatcher\dispatcher.py", line 374, in start_polling
    updates = await self.bot.get_updates(limit=limit, offset=offset, timeout=timeout)
              ^^^^^^^^^^^^^^^^^^^^^^^^^^^^^^^^^^^^^^^^^^^^^^^^^^^^^^^^^^^^^^^^^^^^^^^
  File "C:\Users\Кадзицу\AppData\Roaming\Python\Python314\site-packages\aiogram\bot\bot.py", line 97, in get_updates
    result = await self.request(api.Methods.GET_UPDATES, payload)
             ^^^^^^^^^^^^^^^^^^^^^^^^^^^^^^^^^^^^^^^^^^^^^^^^^^^^
  File "C:\Users\Кадзицу\AppData\Roaming\Python\Python314\site-packages\aiogram\bot\base.py", line 208, in request
    return await api.make_request(self.session, self.server, self.__token, method, data, files,
           ^^^^^^^^^^^^^^^^^^^^^^^^^^^^^^^^^^^^^^^^^^^^^^^^^^^^^^^^^^^^^^^^^^^^^^^^^^^^^^^^^^^^
                                  proxy=self.proxy, proxy_auth=self.proxy_auth, timeout=self.timeout, **kwargs)
                                  ^^^^^^^^^^^^^^^^^^^^^^^^^^^^^^^^^^^^^^^^^^^^^^^^^^^^^^^^^^^^^^^^^^^^^^^^^^^^^
  File "C:\Users\Кадзицу\AppData\Roaming\Python\Python314\site-packages\aiogram\bot\api.py", line 140, in make_request
    return check_result(method, response.content_type, response.status, await response.text())
  File "C:\Users\Кадзицу\AppData\Roaming\Python\Python314\site-packages\aiogram\bot\api.py", line 119, in check_result
    exceptions.ConflictError.detect(description)
    ~~~~~~~~~~~~~~~~~~~~~~~~~~~~~~~^^^^^^^^^^^^^
  File "C:\Users\Кадзицу\AppData\Roaming\Python\Python314\site-packages\aiogram\utils\exceptions.py", line 140, in detect
    raise err(cls.text or description)
aiogram.utils.exceptions.TerminatedByOtherGetUpdates: Terminated by other getupdates request; make sure that only one bot instance is running
04/09/2026 08:40:05 AM : dispatcher.py line - 378 : start_polling : aiogram.dispatcher.dispatcher : ERROR : Cause exception while getting updates.
Traceback (most recent call last):
  File "C:\Users\Кадзицу\AppData\Roaming\Python\Python314\site-packages\aiogram\dispatcher\dispatcher.py", line 374, in start_polling
    updates = await self.bot.get_updates(limit=limit, offset=offset, timeout=timeout)
              ^^^^^^^^^^^^^^^^^^^^^^^^^^^^^^^^^^^^^^^^^^^^^^^^^^^^^^^^^^^^^^^^^^^^^^^
  File "C:\Users\Кадзицу\AppData\Roaming\Python\Python314\site-packages\aiogram\bot\bot.py", line 97, in get_updates
    result = await self.request(api.Methods.GET_UPDATES, payload)
             ^^^^^^^^^^^^^^^^^^^^^^^^^^^^^^^^^^^^^^^^^^^^^^^^^^^^
  File "C:\Users\Кадзицу\AppData\Roaming\Python\Python314\site-packages\aiogram\bot\base.py", line 208, in request
    return await api.make_request(self.session, self.server, self.__token, method, data, files,
           ^^^^^^^^^^^^^^^^^^^^^^^^^^^^^^^^^^^^^^^^^^^^^^^^^^^^^^^^^^^^^^^^^^^^^^^^^^^^^^^^^^^^
                                  proxy=self.proxy, proxy_auth=self.proxy_auth, timeout=self.timeout, **kwargs)
                                  ^^^^^^^^^^^^^^^^^^^^^^^^^^^^^^^^^^^^^^^^^^^^^^^^^^^^^^^^^^^^^^^^^^^^^^^^^^^^^
  File "C:\Users\Кадзицу\AppData\Roaming\Python\Python314\site-packages\aiogram\bot\api.py", line 140, in make_request
    return check_result(method, response.content_type, response.status, await response.text())
  File "C:\Users\Кадзицу\AppData\Roaming\Python\Python314\site-packages\aiogram\bot\api.py", line 119, in check_result
    exceptions.ConflictError.detect(description)
    ~~~~~~~~~~~~~~~~~~~~~~~~~~~~~~~^^^^^^^^^^^^^
  File "C:\Users\Кадзицу\AppData\Roaming\Python\Python314\site-packages\aiogram\utils\exceptions.py", line 140, in detect
    raise err(cls.text or description)
aiogram.utils.exceptions.TerminatedByOtherGetUpdates: Terminated by other getupdates request; make sure that only one bot instance is running
04/09/2026 08:40:11 AM : dispatcher.py line - 378 : start_polling : aiogram.dispatcher.dispatcher : ERROR : Cause exception while getting updates.
Traceback (most recent call last):
  File "C:\Users\Кадзицу\AppData\Roaming\Python\Python314\site-packages\aiogram\dispatcher\dispatcher.py", line 374, in start_polling
    updates = await self.bot.get_updates(limit=limit, offset=offset, timeout=timeout)
              ^^^^^^^^^^^^^^^^^^^^^^^^^^^^^^^^^^^^^^^^^^^^^^^^^^^^^^^^^^^^^^^^^^^^^^^
  File "C:\Users\Кадзицу\AppData\Roaming\Python\Python314\site-packages\aiogram\bot\bot.py", line 97, in get_updates
    result = await self.request(api.Methods.GET_UPDATES, payload)
             ^^^^^^^^^^^^^^^^^^^^^^^^^^^^^^^^^^^^^^^^^^^^^^^^^^^^
  File "C:\Users\Кадзицу\AppData\Roaming\Python\Python314\site-packages\aiogram\bot\base.py", line 208, in request
    return await api.make_request(self.session, self.server, self.__token, method, data, files,
           ^^^^^^^^^^^^^^^^^^^^^^^^^^^^^^^^^^^^^^^^^^^^^^^^^^^^^^^^^^^^^^^^^^^^^^^^^^^^^^^^^^^^
                                  proxy=self.proxy, proxy_auth=self.proxy_auth, timeout=self.timeout, **kwargs)
                                  ^^^^^^^^^^^^^^^^^^^^^^^^^^^^^^^^^^^^^^^^^^^^^^^^^^^^^^^^^^^^^^^^^^^^^^^^^^^^^
  File "C:\Users\Кадзицу\AppData\Roaming\Python\Python314\site-packages\aiogram\bot\api.py", line 140, in make_request
    return check_result(method, response.content_type, response.status, await response.text())
  File "C:\Users\Кадзицу\AppData\Roaming\Python\Python314\site-packages\aiogram\bot\api.py", line 119, in check_result
    exceptions.ConflictError.detect(description)
    ~~~~~~~~~~~~~~~~~~~~~~~~~~~~~~~^^^^^^^^^^^^^
  File "C:\Users\Кадзицу\AppData\Roaming\Python\Python314\site-packages\aiogram\utils\exceptions.py", line 140, in detect
    raise err(cls.text or description)
aiogram.utils.exceptions.TerminatedByOtherGetUpdates: Terminated by other getupdates request; make sure that only one bot instance is running
04/09/2026 08:40:16 AM : dispatcher.py line - 378 : start_polling : aiogram.dispatcher.dispatcher : ERROR : Cause exception while getting updates.
Traceback (most recent call last):
  File "C:\Users\Кадзицу\AppData\Roaming\Python\Python314\site-packages\aiogram\dispatcher\dispatcher.py", line 374, in start_polling
    updates = await self.bot.get_updates(limit=limit, offset=offset, timeout=timeout)
              ^^^^^^^^^^^^^^^^^^^^^^^^^^^^^^^^^^^^^^^^^^^^^^^^^^^^^^^^^^^^^^^^^^^^^^^
  File "C:\Users\Кадзицу\AppData\Roaming\Python\Python314\site-packages\aiogram\bot\bot.py", line 97, in get_updates
    result = await self.request(api.Methods.GET_UPDATES, payload)
             ^^^^^^^^^^^^^^^^^^^^^^^^^^^^^^^^^^^^^^^^^^^^^^^^^^^^
  File "C:\Users\Кадзицу\AppData\Roaming\Python\Python314\site-packages\aiogram\bot\base.py", line 208, in request
    return await api.make_request(self.session, self.server, self.__token, method, data, files,
           ^^^^^^^^^^^^^^^^^^^^^^^^^^^^^^^^^^^^^^^^^^^^^^^^^^^^^^^^^^^^^^^^^^^^^^^^^^^^^^^^^^^^
                                  proxy=self.proxy, proxy_auth=self.proxy_auth, timeout=self.timeout, **kwargs)
                                  ^^^^^^^^^^^^^^^^^^^^^^^^^^^^^^^^^^^^^^^^^^^^^^^^^^^^^^^^^^^^^^^^^^^^^^^^^^^^^
  File "C:\Users\Кадзицу\AppData\Roaming\Python\Python314\site-packages\aiogram\bot\api.py", line 140, in make_request
    return check_result(method, response.content_type, response.status, await response.text())
  File "C:\Users\Кадзицу\AppData\Roaming\Python\Python314\site-packages\aiogram\bot\api.py", line 119, in check_result
    exceptions.ConflictError.detect(description)
    ~~~~~~~~~~~~~~~~~~~~~~~~~~~~~~~^^^^^^^^^^^^^
  File "C:\Users\Кадзицу\AppData\Roaming\Python\Python314\site-packages\aiogram\utils\exceptions.py", line 140, in detect
    raise err(cls.text or description)
aiogram.utils.exceptions.TerminatedByOtherGetUpdates: Terminated by other getupdates request; make sure that only one bot instance is running
04/09/2026 08:40:21 AM : dispatcher.py line - 378 : start_polling : aiogram.dispatcher.dispatcher : ERROR : Cause exception while getting updates.
Traceback (most recent call last):
  File "C:\Users\Кадзицу\AppData\Roaming\Python\Python314\site-packages\aiogram\dispatcher\dispatcher.py", line 374, in start_polling
    updates = await self.bot.get_updates(limit=limit, offset=offset, timeout=timeout)
              ^^^^^^^^^^^^^^^^^^^^^^^^^^^^^^^^^^^^^^^^^^^^^^^^^^^^^^^^^^^^^^^^^^^^^^^
  File "C:\Users\Кадзицу\AppData\Roaming\Python\Python314\site-packages\aiogram\bot\bot.py", line 97, in get_updates
    result = await self.request(api.Methods.GET_UPDATES, payload)
             ^^^^^^^^^^^^^^^^^^^^^^^^^^^^^^^^^^^^^^^^^^^^^^^^^^^^
  File "C:\Users\Кадзицу\AppData\Roaming\Python\Python314\site-packages\aiogram\bot\base.py", line 208, in request
    return await api.make_request(self.session, self.server, self.__token, method, data, files,
           ^^^^^^^^^^^^^^^^^^^^^^^^^^^^^^^^^^^^^^^^^^^^^^^^^^^^^^^^^^^^^^^^^^^^^^^^^^^^^^^^^^^^
                                  proxy=self.proxy, proxy_auth=self.proxy_auth, timeout=self.timeout, **kwargs)
                                  ^^^^^^^^^^^^^^^^^^^^^^^^^^^^^^^^^^^^^^^^^^^^^^^^^^^^^^^^^^^^^^^^^^^^^^^^^^^^^
  File "C:\Users\Кадзицу\AppData\Roaming\Python\Python314\site-packages\aiogram\bot\api.py", line 140, in make_request
    return check_result(method, response.content_type, response.status, await response.text())
  File "C:\Users\Кадзицу\AppData\Roaming\Python\Python314\site-packages\aiogram\bot\api.py", line 119, in check_result
    exceptions.ConflictError.detect(description)
    ~~~~~~~~~~~~~~~~~~~~~~~~~~~~~~~^^^^^^^^^^^^^
  File "C:\Users\Кадзицу\AppData\Roaming\Python\Python314\site-packages\aiogram\utils\exceptions.py", line 140, in detect
    raise err(cls.text or description)
aiogram.utils.exceptions.TerminatedByOtherGetUpdates: Terminated by other getupdates request; make sure that only one bot instance is running
04/09/2026 08:40:27 AM : dispatcher.py line - 378 : start_polling : aiogram.dispatcher.dispatcher : ERROR : Cause exception while getting updates.
Traceback (most recent call last):
  File "C:\Users\Кадзицу\AppData\Roaming\Python\Python314\site-packages\aiogram\dispatcher\dispatcher.py", line 374, in start_polling
    updates = await self.bot.get_updates(limit=limit, offset=offset, timeout=timeout)
              ^^^^^^^^^^^^^^^^^^^^^^^^^^^^^^^^^^^^^^^^^^^^^^^^^^^^^^^^^^^^^^^^^^^^^^^
  File "C:\Users\Кадзицу\AppData\Roaming\Python\Python314\site-packages\aiogram\bot\bot.py", line 97, in get_updates
    result = await self.request(api.Methods.GET_UPDATES, payload)
             ^^^^^^^^^^^^^^^^^^^^^^^^^^^^^^^^^^^^^^^^^^^^^^^^^^^^
  File "C:\Users\Кадзицу\AppData\Roaming\Python\Python314\site-packages\aiogram\bot\base.py", line 208, in request
    return await api.make_request(self.session, self.server, self.__token, method, data, files,
           ^^^^^^^^^^^^^^^^^^^^^^^^^^^^^^^^^^^^^^^^^^^^^^^^^^^^^^^^^^^^^^^^^^^^^^^^^^^^^^^^^^^^
                                  proxy=self.proxy, proxy_auth=self.proxy_auth, timeout=self.timeout, **kwargs)
                                  ^^^^^^^^^^^^^^^^^^^^^^^^^^^^^^^^^^^^^^^^^^^^^^^^^^^^^^^^^^^^^^^^^^^^^^^^^^^^^
  File "C:\Users\Кадзицу\AppData\Roaming\Python\Python314\site-packages\aiogram\bot\api.py", line 140, in make_request
    return check_result(method, response.content_type, response.status, await response.text())
  File "C:\Users\Кадзицу\AppData\Roaming\Python\Python314\site-packages\aiogram\bot\api.py", line 119, in check_result
    exceptions.ConflictError.detect(description)
    ~~~~~~~~~~~~~~~~~~~~~~~~~~~~~~~^^^^^^^^^^^^^
  File "C:\Users\Кадзицу\AppData\Roaming\Python\Python314\site-packages\aiogram\utils\exceptions.py", line 140, in detect
    raise err(cls.text or description)
aiogram.utils.exceptions.TerminatedByOtherGetUpdates: Terminated by other getupdates request; make sure that only one bot instance is running
04/09/2026 08:40:32 AM : dispatcher.py line - 378 : start_polling : aiogram.dispatcher.dispatcher : ERROR : Cause exception while getting updates.
Traceback (most recent call last):
  File "C:\Users\Кадзицу\AppData\Roaming\Python\Python314\site-packages\aiogram\dispatcher\dispatcher.py", line 374, in start_polling
    updates = await self.bot.get_updates(limit=limit, offset=offset, timeout=timeout)
              ^^^^^^^^^^^^^^^^^^^^^^^^^^^^^^^^^^^^^^^^^^^^^^^^^^^^^^^^^^^^^^^^^^^^^^^
  File "C:\Users\Кадзицу\AppData\Roaming\Python\Python314\site-packages\aiogram\bot\bot.py", line 97, in get_updates
    result = await self.request(api.Methods.GET_UPDATES, payload)
             ^^^^^^^^^^^^^^^^^^^^^^^^^^^^^^^^^^^^^^^^^^^^^^^^^^^^
  File "C:\Users\Кадзицу\AppData\Roaming\Python\Python314\site-packages\aiogram\bot\base.py", line 208, in request
    return await api.make_request(self.session, self.server, self.__token, method, data, files,
           ^^^^^^^^^^^^^^^^^^^^^^^^^^^^^^^^^^^^^^^^^^^^^^^^^^^^^^^^^^^^^^^^^^^^^^^^^^^^^^^^^^^^
                                  proxy=self.proxy, proxy_auth=self.proxy_auth, timeout=self.timeout, **kwargs)
                                  ^^^^^^^^^^^^^^^^^^^^^^^^^^^^^^^^^^^^^^^^^^^^^^^^^^^^^^^^^^^^^^^^^^^^^^^^^^^^^
  File "C:\Users\Кадзицу\AppData\Roaming\Python\Python314\site-packages\aiogram\bot\api.py", line 140, in make_request
    return check_result(method, response.content_type, response.status, await response.text())
  File "C:\Users\Кадзицу\AppData\Roaming\Python\Python314\site-packages\aiogram\bot\api.py", line 119, in check_result
    exceptions.ConflictError.detect(description)
    ~~~~~~~~~~~~~~~~~~~~~~~~~~~~~~~^^^^^^^^^^^^^
  File "C:\Users\Кадзицу\AppData\Roaming\Python\Python314\site-packages\aiogram\utils\exceptions.py", line 140, in detect
    raise err(cls.text or description)
aiogram.utils.exceptions.TerminatedByOtherGetUpdates: Terminated by other getupdates request; make sure that only one bot instance is running
04/09/2026 08:40:37 AM : dispatcher.py line - 378 : start_polling : aiogram.dispatcher.dispatcher : ERROR : Cause exception while getting updates.
Traceback (most recent call last):
  File "C:\Users\Кадзицу\AppData\Roaming\Python\Python314\site-packages\aiogram\dispatcher\dispatcher.py", line 374, in start_polling
    updates = await self.bot.get_updates(limit=limit, offset=offset, timeout=timeout)
              ^^^^^^^^^^^^^^^^^^^^^^^^^^^^^^^^^^^^^^^^^^^^^^^^^^^^^^^^^^^^^^^^^^^^^^^
  File "C:\Users\Кадзицу\AppData\Roaming\Python\Python314\site-packages\aiogram\bot\bot.py", line 97, in get_updates
    result = await self.request(api.Methods.GET_UPDATES, payload)
             ^^^^^^^^^^^^^^^^^^^^^^^^^^^^^^^^^^^^^^^^^^^^^^^^^^^^
  File "C:\Users\Кадзицу\AppData\Roaming\Python\Python314\site-packages\aiogram\bot\base.py", line 208, in request
    return await api.make_request(self.session, self.server, self.__token, method, data, files,
           ^^^^^^^^^^^^^^^^^^^^^^^^^^^^^^^^^^^^^^^^^^^^^^^^^^^^^^^^^^^^^^^^^^^^^^^^^^^^^^^^^^^^
                                  proxy=self.proxy, proxy_auth=self.proxy_auth, timeout=self.timeout, **kwargs)
                                  ^^^^^^^^^^^^^^^^^^^^^^^^^^^^^^^^^^^^^^^^^^^^^^^^^^^^^^^^^^^^^^^^^^^^^^^^^^^^^
  File "C:\Users\Кадзицу\AppData\Roaming\Python\Python314\site-packages\aiogram\bot\api.py", line 140, in make_request
    return check_result(method, response.content_type, response.status, await response.text())
  File "C:\Users\Кадзицу\AppData\Roaming\Python\Python314\site-packages\aiogram\bot\api.py", line 119, in check_result
    exceptions.ConflictError.detect(description)
    ~~~~~~~~~~~~~~~~~~~~~~~~~~~~~~~^^^^^^^^^^^^^
  File "C:\Users\Кадзицу\AppData\Roaming\Python\Python314\site-packages\aiogram\utils\exceptions.py", line 140, in detect
    raise err(cls.text or description)
aiogram.utils.exceptions.TerminatedByOtherGetUpdates: Terminated by other getupdates request; make sure that only one bot instance is running
04/09/2026 08:40:42 AM : dispatcher.py line - 378 : start_polling : aiogram.dispatcher.dispatcher : ERROR : Cause exception while getting updates.
Traceback (most recent call last):
  File "C:\Users\Кадзицу\AppData\Roaming\Python\Python314\site-packages\aiogram\dispatcher\dispatcher.py", line 374, in start_polling
    updates = await self.bot.get_updates(limit=limit, offset=offset, timeout=timeout)
              ^^^^^^^^^^^^^^^^^^^^^^^^^^^^^^^^^^^^^^^^^^^^^^^^^^^^^^^^^^^^^^^^^^^^^^^
  File "C:\Users\Кадзицу\AppData\Roaming\Python\Python314\site-packages\aiogram\bot\bot.py", line 97, in get_updates
    result = await self.request(api.Methods.GET_UPDATES, payload)
             ^^^^^^^^^^^^^^^^^^^^^^^^^^^^^^^^^^^^^^^^^^^^^^^^^^^^
  File "C:\Users\Кадзицу\AppData\Roaming\Python\Python314\site-packages\aiogram\bot\base.py", line 208, in request
    return await api.make_request(self.session, self.server, self.__token, method, data, files,
           ^^^^^^^^^^^^^^^^^^^^^^^^^^^^^^^^^^^^^^^^^^^^^^^^^^^^^^^^^^^^^^^^^^^^^^^^^^^^^^^^^^^^
                                  proxy=self.proxy, proxy_auth=self.proxy_auth, timeout=self.timeout, **kwargs)
                                  ^^^^^^^^^^^^^^^^^^^^^^^^^^^^^^^^^^^^^^^^^^^^^^^^^^^^^^^^^^^^^^^^^^^^^^^^^^^^^
  File "C:\Users\Кадзицу\AppData\Roaming\Python\Python314\site-packages\aiogram\bot\api.py", line 140, in make_request
    return check_result(method, response.content_type, response.status, await response.text())
  File "C:\Users\Кадзицу\AppData\Roaming\Python\Python314\site-packages\aiogram\bot\api.py", line 119, in check_result
    exceptions.ConflictError.detect(description)
    ~~~~~~~~~~~~~~~~~~~~~~~~~~~~~~~^^^^^^^^^^^^^
  File "C:\Users\Кадзицу\AppData\Roaming\Python\Python314\site-packages\aiogram\utils\exceptions.py", line 140, in detect
    raise err(cls.text or description)
aiogram.utils.exceptions.TerminatedByOtherGetUpdates: Terminated by other getupdates request; make sure that only one bot instance is running
04/09/2026 08:40:48 AM : dispatcher.py line - 378 : start_polling : aiogram.dispatcher.dispatcher : ERROR : Cause exception while getting updates.
Traceback (most recent call last):
  File "C:\Users\Кадзицу\AppData\Roaming\Python\Python314\site-packages\aiogram\dispatcher\dispatcher.py", line 374, in start_polling
    updates = await self.bot.get_updates(limit=limit, offset=offset, timeout=timeout)
              ^^^^^^^^^^^^^^^^^^^^^^^^^^^^^^^^^^^^^^^^^^^^^^^^^^^^^^^^^^^^^^^^^^^^^^^
  File "C:\Users\Кадзицу\AppData\Roaming\Python\Python314\site-packages\aiogram\bot\bot.py", line 97, in get_updates
    result = await self.request(api.Methods.GET_UPDATES, payload)
             ^^^^^^^^^^^^^^^^^^^^^^^^^^^^^^^^^^^^^^^^^^^^^^^^^^^^
  File "C:\Users\Кадзицу\AppData\Roaming\Python\Python314\site-packages\aiogram\bot\base.py", line 208, in request
    return await api.make_request(self.session, self.server, self.__token, method, data, files,
           ^^^^^^^^^^^^^^^^^^^^^^^^^^^^^^^^^^^^^^^^^^^^^^^^^^^^^^^^^^^^^^^^^^^^^^^^^^^^^^^^^^^^
                                  proxy=self.proxy, proxy_auth=self.proxy_auth, timeout=self.timeout, **kwargs)
                                  ^^^^^^^^^^^^^^^^^^^^^^^^^^^^^^^^^^^^^^^^^^^^^^^^^^^^^^^^^^^^^^^^^^^^^^^^^^^^^
  File "C:\Users\Кадзицу\AppData\Roaming\Python\Python314\site-packages\aiogram\bot\api.py", line 140, in make_request
    return check_result(method, response.content_type, response.status, await response.text())
  File "C:\Users\Кадзицу\AppData\Roaming\Python\Python314\site-packages\aiogram\bot\api.py", line 119, in check_result
    exceptions.ConflictError.detect(description)
    ~~~~~~~~~~~~~~~~~~~~~~~~~~~~~~~^^^^^^^^^^^^^
  File "C:\Users\Кадзицу\AppData\Roaming\Python\Python314\site-packages\aiogram\utils\exceptions.py", line 140, in detect
    raise err(cls.text or description)
aiogram.utils.exceptions.TerminatedByOtherGetUpdates: Terminated by other getupdates request; make sure that only one bot instance is running
04/09/2026 08:40:54 AM : dispatcher.py line - 378 : start_polling : aiogram.dispatcher.dispatcher : ERROR : Cause exception while getting updates.
Traceback (most recent call last):
  File "C:\Users\Кадзицу\AppData\Roaming\Python\Python314\site-packages\aiogram\dispatcher\dispatcher.py", line 374, in start_polling
    updates = await self.bot.get_updates(limit=limit, offset=offset, timeout=timeout)
              ^^^^^^^^^^^^^^^^^^^^^^^^^^^^^^^^^^^^^^^^^^^^^^^^^^^^^^^^^^^^^^^^^^^^^^^
  File "C:\Users\Кадзицу\AppData\Roaming\Python\Python314\site-packages\aiogram\bot\bot.py", line 97, in get_updates
    result = await self.request(api.Methods.GET_UPDATES, payload)
             ^^^^^^^^^^^^^^^^^^^^^^^^^^^^^^^^^^^^^^^^^^^^^^^^^^^^
  File "C:\Users\Кадзицу\AppData\Roaming\Python\Python314\site-packages\aiogram\bot\base.py", line 208, in request
    return await api.make_request(self.session, self.server, self.__token, method, data, files,
           ^^^^^^^^^^^^^^^^^^^^^^^^^^^^^^^^^^^^^^^^^^^^^^^^^^^^^^^^^^^^^^^^^^^^^^^^^^^^^^^^^^^^
                                  proxy=self.proxy, proxy_auth=self.proxy_auth, timeout=self.timeout, **kwargs)
                                  ^^^^^^^^^^^^^^^^^^^^^^^^^^^^^^^^^^^^^^^^^^^^^^^^^^^^^^^^^^^^^^^^^^^^^^^^^^^^^
  File "C:\Users\Кадзицу\AppData\Roaming\Python\Python314\site-packages\aiogram\bot\api.py", line 140, in make_request
    return check_result(method, response.content_type, response.status, await response.text())
  File "C:\Users\Кадзицу\AppData\Roaming\Python\Python314\site-packages\aiogram\bot\api.py", line 119, in check_result
    exceptions.ConflictError.detect(description)
    ~~~~~~~~~~~~~~~~~~~~~~~~~~~~~~~^^^^^^^^^^^^^
  File "C:\Users\Кадзицу\AppData\Roaming\Python\Python314\site-packages\aiogram\utils\exceptions.py", line 140, in detect
    raise err(cls.text or description)
aiogram.utils.exceptions.TerminatedByOtherGetUpdates: Terminated by other getupdates request; make sure that only one bot instance is running
04/09/2026 08:40:59 AM : dispatcher.py line - 378 : start_polling : aiogram.dispatcher.dispatcher : ERROR : Cause exception while getting updates.
Traceback (most recent call last):
  File "C:\Users\Кадзицу\AppData\Roaming\Python\Python314\site-packages\aiogram\dispatcher\dispatcher.py", line 374, in start_polling
    updates = await self.bot.get_updates(limit=limit, offset=offset, timeout=timeout)
              ^^^^^^^^^^^^^^^^^^^^^^^^^^^^^^^^^^^^^^^^^^^^^^^^^^^^^^^^^^^^^^^^^^^^^^^
  File "C:\Users\Кадзицу\AppData\Roaming\Python\Python314\site-packages\aiogram\bot\bot.py", line 97, in get_updates
    result = await self.request(api.Methods.GET_UPDATES, payload)
             ^^^^^^^^^^^^^^^^^^^^^^^^^^^^^^^^^^^^^^^^^^^^^^^^^^^^
  File "C:\Users\Кадзицу\AppData\Roaming\Python\Python314\site-packages\aiogram\bot\base.py", line 208, in request
    return await api.make_request(self.session, self.server, self.__token, method, data, files,
           ^^^^^^^^^^^^^^^^^^^^^^^^^^^^^^^^^^^^^^^^^^^^^^^^^^^^^^^^^^^^^^^^^^^^^^^^^^^^^^^^^^^^
                                  proxy=self.proxy, proxy_auth=self.proxy_auth, timeout=self.timeout, **kwargs)
                                  ^^^^^^^^^^^^^^^^^^^^^^^^^^^^^^^^^^^^^^^^^^^^^^^^^^^^^^^^^^^^^^^^^^^^^^^^^^^^^
  File "C:\Users\Кадзицу\AppData\Roaming\Python\Python314\site-packages\aiogram\bot\api.py", line 140, in make_request
    return check_result(method, response.content_type, response.status, await response.text())
  File "C:\Users\Кадзицу\AppData\Roaming\Python\Python314\site-packages\aiogram\bot\api.py", line 119, in check_result
    exceptions.ConflictError.detect(description)
    ~~~~~~~~~~~~~~~~~~~~~~~~~~~~~~~^^^^^^^^^^^^^
  File "C:\Users\Кадзицу\AppData\Roaming\Python\Python314\site-packages\aiogram\utils\exceptions.py", line 140, in detect
    raise err(cls.text or description)
aiogram.utils.exceptions.TerminatedByOtherGetUpdates: Terminated by other getupdates request; make sure that only one bot instance is running
04/09/2026 08:41:04 AM : dispatcher.py line - 378 : start_polling : aiogram.dispatcher.dispatcher : ERROR : Cause exception while getting updates.
Traceback (most recent call last):
  File "C:\Users\Кадзицу\AppData\Roaming\Python\Python314\site-packages\aiogram\dispatcher\dispatcher.py", line 374, in start_polling
    updates = await self.bot.get_updates(limit=limit, offset=offset, timeout=timeout)
              ^^^^^^^^^^^^^^^^^^^^^^^^^^^^^^^^^^^^^^^^^^^^^^^^^^^^^^^^^^^^^^^^^^^^^^^
  File "C:\Users\Кадзицу\AppData\Roaming\Python\Python314\site-packages\aiogram\bot\bot.py", line 97, in get_updates
    result = await self.request(api.Methods.GET_UPDATES, payload)
             ^^^^^^^^^^^^^^^^^^^^^^^^^^^^^^^^^^^^^^^^^^^^^^^^^^^^
  File "C:\Users\Кадзицу\AppData\Roaming\Python\Python314\site-packages\aiogram\bot\base.py", line 208, in request
    return await api.make_request(self.session, self.server, self.__token, method, data, files,
           ^^^^^^^^^^^^^^^^^^^^^^^^^^^^^^^^^^^^^^^^^^^^^^^^^^^^^^^^^^^^^^^^^^^^^^^^^^^^^^^^^^^^
                                  proxy=self.proxy, proxy_auth=self.proxy_auth, timeout=self.timeout, **kwargs)
                                  ^^^^^^^^^^^^^^^^^^^^^^^^^^^^^^^^^^^^^^^^^^^^^^^^^^^^^^^^^^^^^^^^^^^^^^^^^^^^^
  File "C:\Users\Кадзицу\AppData\Roaming\Python\Python314\site-packages\aiogram\bot\api.py", line 140, in make_request
    return check_result(method, response.content_type, response.status, await response.text())
  File "C:\Users\Кадзицу\AppData\Roaming\Python\Python314\site-packages\aiogram\bot\api.py", line 119, in check_result
    exceptions.ConflictError.detect(description)
    ~~~~~~~~~~~~~~~~~~~~~~~~~~~~~~~^^^^^^^^^^^^^
  File "C:\Users\Кадзицу\AppData\Roaming\Python\Python314\site-packages\aiogram\utils\exceptions.py", line 140, in detect
    raise err(cls.text or description)
aiogram.utils.exceptions.TerminatedByOtherGetUpdates: Terminated by other getupdates request; make sure that only one bot instance is running
04/09/2026 08:41:09 AM : dispatcher.py line - 378 : start_polling : aiogram.dispatcher.dispatcher : ERROR : Cause exception while getting updates.
Traceback (most recent call last):
  File "C:\Users\Кадзицу\AppData\Roaming\Python\Python314\site-packages\aiogram\dispatcher\dispatcher.py", line 374, in start_polling
    updates = await self.bot.get_updates(limit=limit, offset=offset, timeout=timeout)
              ^^^^^^^^^^^^^^^^^^^^^^^^^^^^^^^^^^^^^^^^^^^^^^^^^^^^^^^^^^^^^^^^^^^^^^^
  File "C:\Users\Кадзицу\AppData\Roaming\Python\Python314\site-packages\aiogram\bot\bot.py", line 97, in get_updates
    result = await self.request(api.Methods.GET_UPDATES, payload)
             ^^^^^^^^^^^^^^^^^^^^^^^^^^^^^^^^^^^^^^^^^^^^^^^^^^^^
  File "C:\Users\Кадзицу\AppData\Roaming\Python\Python314\site-packages\aiogram\bot\base.py", line 208, in request
    return await api.make_request(self.session, self.server, self.__token, method, data, files,
           ^^^^^^^^^^^^^^^^^^^^^^^^^^^^^^^^^^^^^^^^^^^^^^^^^^^^^^^^^^^^^^^^^^^^^^^^^^^^^^^^^^^^
                                  proxy=self.proxy, proxy_auth=self.proxy_auth, timeout=self.timeout, **kwargs)
                                  ^^^^^^^^^^^^^^^^^^^^^^^^^^^^^^^^^^^^^^^^^^^^^^^^^^^^^^^^^^^^^^^^^^^^^^^^^^^^^
  File "C:\Users\Кадзицу\AppData\Roaming\Python\Python314\site-packages\aiogram\bot\api.py", line 140, in make_request
    return check_result(method, response.content_type, response.status, await response.text())
  File "C:\Users\Кадзицу\AppData\Roaming\Python\Python314\site-packages\aiogram\bot\api.py", line 119, in check_result
    exceptions.ConflictError.detect(description)
    ~~~~~~~~~~~~~~~~~~~~~~~~~~~~~~~^^^^^^^^^^^^^
  File "C:\Users\Кадзицу\AppData\Roaming\Python\Python314\site-packages\aiogram\utils\exceptions.py", line 140, in detect
    raise err(cls.text or description)
aiogram.utils.exceptions.TerminatedByOtherGetUpdates: Terminated by other getupdates request; make sure that only one bot instance is running
04/09/2026 08:41:14 AM : dispatcher.py line - 378 : start_polling : aiogram.dispatcher.dispatcher : ERROR : Cause exception while getting updates.
Traceback (most recent call last):
  File "C:\Users\Кадзицу\AppData\Roaming\Python\Python314\site-packages\aiogram\dispatcher\dispatcher.py", line 374, in start_polling
    updates = await self.bot.get_updates(limit=limit, offset=offset, timeout=timeout)
              ^^^^^^^^^^^^^^^^^^^^^^^^^^^^^^^^^^^^^^^^^^^^^^^^^^^^^^^^^^^^^^^^^^^^^^^
  File "C:\Users\Кадзицу\AppData\Roaming\Python\Python314\site-packages\aiogram\bot\bot.py", line 97, in get_updates
    result = await self.request(api.Methods.GET_UPDATES, payload)
             ^^^^^^^^^^^^^^^^^^^^^^^^^^^^^^^^^^^^^^^^^^^^^^^^^^^^
  File "C:\Users\Кадзицу\AppData\Roaming\Python\Python314\site-packages\aiogram\bot\base.py", line 208, in request
    return await api.make_request(self.session, self.server, self.__token, method, data, files,
           ^^^^^^^^^^^^^^^^^^^^^^^^^^^^^^^^^^^^^^^^^^^^^^^^^^^^^^^^^^^^^^^^^^^^^^^^^^^^^^^^^^^^
                                  proxy=self.proxy, proxy_auth=self.proxy_auth, timeout=self.timeout, **kwargs)
                                  ^^^^^^^^^^^^^^^^^^^^^^^^^^^^^^^^^^^^^^^^^^^^^^^^^^^^^^^^^^^^^^^^^^^^^^^^^^^^^
  File "C:\Users\Кадзицу\AppData\Roaming\Python\Python314\site-packages\aiogram\bot\api.py", line 140, in make_request
    return check_result(method, response.content_type, response.status, await response.text())
  File "C:\Users\Кадзицу\AppData\Roaming\Python\Python314\site-packages\aiogram\bot\api.py", line 119, in check_result
    exceptions.ConflictError.detect(description)
    ~~~~~~~~~~~~~~~~~~~~~~~~~~~~~~~^^^^^^^^^^^^^
  File "C:\Users\Кадзицу\AppData\Roaming\Python\Python314\site-packages\aiogram\utils\exceptions.py", line 140, in detect
    raise err(cls.text or description)
aiogram.utils.exceptions.TerminatedByOtherGetUpdates: Terminated by other getupdates request; make sure that only one bot instance is running
04/09/2026 08:41:20 AM : dispatcher.py line - 378 : start_polling : aiogram.dispatcher.dispatcher : ERROR : Cause exception while getting updates.
Traceback (most recent call last):
  File "C:\Users\Кадзицу\AppData\Roaming\Python\Python314\site-packages\aiogram\dispatcher\dispatcher.py", line 374, in start_polling
    updates = await self.bot.get_updates(limit=limit, offset=offset, timeout=timeout)
              ^^^^^^^^^^^^^^^^^^^^^^^^^^^^^^^^^^^^^^^^^^^^^^^^^^^^^^^^^^^^^^^^^^^^^^^
  File "C:\Users\Кадзицу\AppData\Roaming\Python\Python314\site-packages\aiogram\bot\bot.py", line 97, in get_updates
    result = await self.request(api.Methods.GET_UPDATES, payload)
             ^^^^^^^^^^^^^^^^^^^^^^^^^^^^^^^^^^^^^^^^^^^^^^^^^^^^
  File "C:\Users\Кадзицу\AppData\Roaming\Python\Python314\site-packages\aiogram\bot\base.py", line 208, in request
    return await api.make_request(self.session, self.server, self.__token, method, data, files,
           ^^^^^^^^^^^^^^^^^^^^^^^^^^^^^^^^^^^^^^^^^^^^^^^^^^^^^^^^^^^^^^^^^^^^^^^^^^^^^^^^^^^^
                                  proxy=self.proxy, proxy_auth=self.proxy_auth, timeout=self.timeout, **kwargs)
                                  ^^^^^^^^^^^^^^^^^^^^^^^^^^^^^^^^^^^^^^^^^^^^^^^^^^^^^^^^^^^^^^^^^^^^^^^^^^^^^
  File "C:\Users\Кадзицу\AppData\Roaming\Python\Python314\site-packages\aiogram\bot\api.py", line 140, in make_request
    return check_result(method, response.content_type, response.status, await response.text())
  File "C:\Users\Кадзицу\AppData\Roaming\Python\Python314\site-packages\aiogram\bot\api.py", line 119, in check_result
    exceptions.ConflictError.detect(description)
    ~~~~~~~~~~~~~~~~~~~~~~~~~~~~~~~^^^^^^^^^^^^^
  File "C:\Users\Кадзицу\AppData\Roaming\Python\Python314\site-packages\aiogram\utils\exceptions.py", line 140, in detect
    raise err(cls.text or description)
aiogram.utils.exceptions.TerminatedByOtherGetUpdates: Terminated by other getupdates request; make sure that only one bot instance is running
04/09/2026 08:41:25 AM : dispatcher.py line - 378 : start_polling : aiogram.dispatcher.dispatcher : ERROR : Cause exception while getting updates.
Traceback (most recent call last):
  File "C:\Users\Кадзицу\AppData\Roaming\Python\Python314\site-packages\aiogram\dispatcher\dispatcher.py", line 374, in start_polling
    updates = await self.bot.get_updates(limit=limit, offset=offset, timeout=timeout)
              ^^^^^^^^^^^^^^^^^^^^^^^^^^^^^^^^^^^^^^^^^^^^^^^^^^^^^^^^^^^^^^^^^^^^^^^
  File "C:\Users\Кадзицу\AppData\Roaming\Python\Python314\site-packages\aiogram\bot\bot.py", line 97, in get_updates
    result = await self.request(api.Methods.GET_UPDATES, payload)
             ^^^^^^^^^^^^^^^^^^^^^^^^^^^^^^^^^^^^^^^^^^^^^^^^^^^^
  File "C:\Users\Кадзицу\AppData\Roaming\Python\Python314\site-packages\aiogram\bot\base.py", line 208, in request
    return await api.make_request(self.session, self.server, self.__token, method, data, files,
           ^^^^^^^^^^^^^^^^^^^^^^^^^^^^^^^^^^^^^^^^^^^^^^^^^^^^^^^^^^^^^^^^^^^^^^^^^^^^^^^^^^^^
                                  proxy=self.proxy, proxy_auth=self.proxy_auth, timeout=self.timeout, **kwargs)
                                  ^^^^^^^^^^^^^^^^^^^^^^^^^^^^^^^^^^^^^^^^^^^^^^^^^^^^^^^^^^^^^^^^^^^^^^^^^^^^^
  File "C:\Users\Кадзицу\AppData\Roaming\Python\Python314\site-packages\aiogram\bot\api.py", line 140, in make_request
    return check_result(method, response.content_type, response.status, await response.text())
  File "C:\Users\Кадзицу\AppData\Roaming\Python\Python314\site-packages\aiogram\bot\api.py", line 119, in check_result
    exceptions.ConflictError.detect(description)
    ~~~~~~~~~~~~~~~~~~~~~~~~~~~~~~~^^^^^^^^^^^^^
  File "C:\Users\Кадзицу\AppData\Roaming\Python\Python314\site-packages\aiogram\utils\exceptions.py", line 140, in detect
    raise err(cls.text or description)
aiogram.utils.exceptions.TerminatedByOtherGetUpdates: Terminated by other getupdates request; make sure that only one bot instance is running
04/09/2026 08:41:30 AM : dispatcher.py line - 378 : start_polling : aiogram.dispatcher.dispatcher : ERROR : Cause exception while getting updates.
Traceback (most recent call last):
  File "C:\Users\Кадзицу\AppData\Roaming\Python\Python314\site-packages\aiogram\dispatcher\dispatcher.py", line 374, in start_polling
    updates = await self.bot.get_updates(limit=limit, offset=offset, timeout=timeout)
              ^^^^^^^^^^^^^^^^^^^^^^^^^^^^^^^^^^^^^^^^^^^^^^^^^^^^^^^^^^^^^^^^^^^^^^^
  File "C:\Users\Кадзицу\AppData\Roaming\Python\Python314\site-packages\aiogram\bot\bot.py", line 97, in get_updates
    result = await self.request(api.Methods.GET_UPDATES, payload)
             ^^^^^^^^^^^^^^^^^^^^^^^^^^^^^^^^^^^^^^^^^^^^^^^^^^^^
  File "C:\Users\Кадзицу\AppData\Roaming\Python\Python314\site-packages\aiogram\bot\base.py", line 208, in request
    return await api.make_request(self.session, self.server, self.__token, method, data, files,
           ^^^^^^^^^^^^^^^^^^^^^^^^^^^^^^^^^^^^^^^^^^^^^^^^^^^^^^^^^^^^^^^^^^^^^^^^^^^^^^^^^^^^
                                  proxy=self.proxy, proxy_auth=self.proxy_auth, timeout=self.timeout, **kwargs)
                                  ^^^^^^^^^^^^^^^^^^^^^^^^^^^^^^^^^^^^^^^^^^^^^^^^^^^^^^^^^^^^^^^^^^^^^^^^^^^^^
  File "C:\Users\Кадзицу\AppData\Roaming\Python\Python314\site-packages\aiogram\bot\api.py", line 140, in make_request
    return check_result(method, response.content_type, response.status, await response.text())
  File "C:\Users\Кадзицу\AppData\Roaming\Python\Python314\site-packages\aiogram\bot\api.py", line 119, in check_result
    exceptions.ConflictError.detect(description)
    ~~~~~~~~~~~~~~~~~~~~~~~~~~~~~~~^^^^^^^^^^^^^
  File "C:\Users\Кадзицу\AppData\Roaming\Python\Python314\site-packages\aiogram\utils\exceptions.py", line 140, in detect
    raise err(cls.text or description)
aiogram.utils.exceptions.TerminatedByOtherGetUpdates: Terminated by other getupdates request; make sure that only one bot instance is running
04/09/2026 08:41:35 AM : dispatcher.py line - 378 : start_polling : aiogram.dispatcher.dispatcher : ERROR : Cause exception while getting updates.
Traceback (most recent call last):
  File "C:\Users\Кадзицу\AppData\Roaming\Python\Python314\site-packages\aiogram\dispatcher\dispatcher.py", line 374, in start_polling
    updates = await self.bot.get_updates(limit=limit, offset=offset, timeout=timeout)
              ^^^^^^^^^^^^^^^^^^^^^^^^^^^^^^^^^^^^^^^^^^^^^^^^^^^^^^^^^^^^^^^^^^^^^^^
  File "C:\Users\Кадзицу\AppData\Roaming\Python\Python314\site-packages\aiogram\bot\bot.py", line 97, in get_updates
    result = await self.request(api.Methods.GET_UPDATES, payload)
             ^^^^^^^^^^^^^^^^^^^^^^^^^^^^^^^^^^^^^^^^^^^^^^^^^^^^
  File "C:\Users\Кадзицу\AppData\Roaming\Python\Python314\site-packages\aiogram\bot\base.py", line 208, in request
    return await api.make_request(self.session, self.server, self.__token, method, data, files,
           ^^^^^^^^^^^^^^^^^^^^^^^^^^^^^^^^^^^^^^^^^^^^^^^^^^^^^^^^^^^^^^^^^^^^^^^^^^^^^^^^^^^^
                                  proxy=self.proxy, proxy_auth=self.proxy_auth, timeout=self.timeout, **kwargs)
                                  ^^^^^^^^^^^^^^^^^^^^^^^^^^^^^^^^^^^^^^^^^^^^^^^^^^^^^^^^^^^^^^^^^^^^^^^^^^^^^
  File "C:\Users\Кадзицу\AppData\Roaming\Python\Python314\site-packages\aiogram\bot\api.py", line 140, in make_request
    return check_result(method, response.content_type, response.status, await response.text())
  File "C:\Users\Кадзицу\AppData\Roaming\Python\Python314\site-packages\aiogram\bot\api.py", line 119, in check_result
    exceptions.ConflictError.detect(description)
    ~~~~~~~~~~~~~~~~~~~~~~~~~~~~~~~^^^^^^^^^^^^^
  File "C:\Users\Кадзицу\AppData\Roaming\Python\Python314\site-packages\aiogram\utils\exceptions.py", line 140, in detect
    raise err(cls.text or description)
aiogram.utils.exceptions.TerminatedByOtherGetUpdates: Terminated by other getupdates request; make sure that only one bot instance is running
04/09/2026 08:41:41 AM : dispatcher.py line - 378 : start_polling : aiogram.dispatcher.dispatcher : ERROR : Cause exception while getting updates.
Traceback (most recent call last):
  File "C:\Users\Кадзицу\AppData\Roaming\Python\Python314\site-packages\aiogram\dispatcher\dispatcher.py", line 374, in start_polling
    updates = await self.bot.get_updates(limit=limit, offset=offset, timeout=timeout)
              ^^^^^^^^^^^^^^^^^^^^^^^^^^^^^^^^^^^^^^^^^^^^^^^^^^^^^^^^^^^^^^^^^^^^^^^
  File "C:\Users\Кадзицу\AppData\Roaming\Python\Python314\site-packages\aiogram\bot\bot.py", line 97, in get_updates
    result = await self.request(api.Methods.GET_UPDATES, payload)
             ^^^^^^^^^^^^^^^^^^^^^^^^^^^^^^^^^^^^^^^^^^^^^^^^^^^^
  File "C:\Users\Кадзицу\AppData\Roaming\Python\Python314\site-packages\aiogram\bot\base.py", line 208, in request
    return await api.make_request(self.session, self.server, self.__token, method, data, files,
           ^^^^^^^^^^^^^^^^^^^^^^^^^^^^^^^^^^^^^^^^^^^^^^^^^^^^^^^^^^^^^^^^^^^^^^^^^^^^^^^^^^^^
                                  proxy=self.proxy, proxy_auth=self.proxy_auth, timeout=self.timeout, **kwargs)
                                  ^^^^^^^^^^^^^^^^^^^^^^^^^^^^^^^^^^^^^^^^^^^^^^^^^^^^^^^^^^^^^^^^^^^^^^^^^^^^^
  File "C:\Users\Кадзицу\AppData\Roaming\Python\Python314\site-packages\aiogram\bot\api.py", line 140, in make_request
    return check_result(method, response.content_type, response.status, await response.text())
  File "C:\Users\Кадзицу\AppData\Roaming\Python\Python314\site-packages\aiogram\bot\api.py", line 119, in check_result
    exceptions.ConflictError.detect(description)
    ~~~~~~~~~~~~~~~~~~~~~~~~~~~~~~~^^^^^^^^^^^^^
  File "C:\Users\Кадзицу\AppData\Roaming\Python\Python314\site-packages\aiogram\utils\exceptions.py", line 140, in detect
    raise err(cls.text or description)
aiogram.utils.exceptions.TerminatedByOtherGetUpdates: Terminated by other getupdates request; make sure that only one bot instance is running
04/09/2026 08:41:42 AM : dispatcher.py line - 421 : stop_polling : aiogram.dispatcher.dispatcher : INFO : Stop polling...
04/09/2026 08:41:42 AM : executor.py line - 318 : start_polling : aiogram : WARNING : Goodbye!
04/09/2026 08:41:50 AM : baza.py line - 205 : get_samples : root : ERROR : no such column: samples
Traceback (most recent call last):
  File "C:\Users\Кадзицу\Desktop\cartel_auto\utils\db_api\baza.py", line 202, in get_samples
    samples = q.execute("SELECT samples FROM admin_settings").fetchone()[0]
              ~~~~~~~~~^^^^^^^^^^^^^^^^^^^^^^^^^^^^^^^^^^^^^^
sqlite3.OperationalError: no such column: samples
04/09/2026 08:41:50 AM : error_handler.py line - 65 : errors_handler : root : ERROR : Update: {"update_id": 657816148, "message": {"message_id": 127, "from": {"id": 5989855758, "is_bot": false, "first_name": "\U0001f968 Мрамор", "username": "marble_soul", "language_code": "ru", "is_premium": true}, "chat": {"id": 5989855758, "first_name": "\U0001f968 Мрамор", "username": "marble_soul", "type": "private"}, "date": 1775698962, "text": "\U0001f381 Пробник 0.5 кг — бесплатно (за отзыв)"}} 
'<=' not supported between instances of 'NoneType' and 'int'
Traceback (most recent call last):
  File "C:\Users\Кадзицу\AppData\Roaming\Python\Python314\site-packages\aiogram\dispatcher\dispatcher.py", line 253, in process_update
    return await self.message_handlers.notify(update.message)
           ^^^^^^^^^^^^^^^^^^^^^^^^^^^^^^^^^^^^^^^^^^^^^^^^^^
  File "C:\Users\Кадзицу\AppData\Roaming\Python\Python314\site-packages\aiogram\dispatcher\handler.py", line 117, in notify
    response = await handler_obj.handler(*args, **partial_data)
               ^^^^^^^^^^^^^^^^^^^^^^^^^^^^^^^^^^^^^^^^^^^^^^^^
  File "C:\Users\Кадзицу\Desktop\cartel_auto\handlers\users\echo.py", line 67, in bot_send_rayon_info
    if samples <= 0:
       ^^^^^^^^^^^^
TypeError: '<=' not supported between instances of 'NoneType' and 'int'
04/09/2026 08:41:50 AM : base_events.py line - 1875 : default_exception_handler : asyncio : ERROR : Task exception was never retrieved
future: <Task finished name='Task-82' coro=<Dispatcher._process_polling_updates() done, defined at C:\Users\Кадзицу\AppData\Roaming\Python\Python314\site-packages\aiogram\dispatcher\dispatcher.py:395> exception=TypeError("'<=' not supported between instances of 'NoneType' and 'int'")>
Traceback (most recent call last):
  File "C:\Users\Кадзицу\AppData\Roaming\Python\Python314\site-packages\aiogram\dispatcher\dispatcher.py", line 403, in _process_polling_updates
    for responses in itertools.chain.from_iterable(await self.process_updates(updates, fast)):
                                                   ^^^^^^^^^^^^^^^^^^^^^^^^^^^^^^^^^^^^^^^^^
  File "C:\Users\Кадзицу\AppData\Roaming\Python\Python314\site-packages\aiogram\dispatcher\dispatcher.py", line 232, in process_updates
    return await asyncio.gather(*tasks)
           ^^^^^^^^^^^^^^^^^^^^^^^^^^^^
  File "C:\Users\Кадзицу\AppData\Roaming\Python\Python314\site-packages\aiogram\dispatcher\handler.py", line 117, in notify
    response = await handler_obj.handler(*args, **partial_data)
               ^^^^^^^^^^^^^^^^^^^^^^^^^^^^^^^^^^^^^^^^^^^^^^^^
  File "C:\Users\Кадзицу\AppData\Roaming\Python\Python314\site-packages\aiogram\dispatcher\dispatcher.py", line 253, in process_update
    return await self.message_handlers.notify(update.message)
           ^^^^^^^^^^^^^^^^^^^^^^^^^^^^^^^^^^^^^^^^^^^^^^^^^^
  File "C:\Users\Кадзицу\AppData\Roaming\Python\Python314\site-packages\aiogram\dispatcher\handler.py", line 117, in notify
    response = await handler_obj.handler(*args, **partial_data)
               ^^^^^^^^^^^^^^^^^^^^^^^^^^^^^^^^^^^^^^^^^^^^^^^^
  File "C:\Users\Кадзицу\Desktop\cartel_auto\handlers\users\echo.py", line 67, in bot_send_rayon_info
    if samples <= 0:
       ^^^^^^^^^^^^
TypeError: '<=' not supported between instances of 'NoneType' and 'int'
04/09/2026 08:49:44 AM : executor.py line - 351 : _welcome : aiogram : INFO : Bot: Kitsune Shop [@egefergre_bot]
04/09/2026 08:49:44 AM : notify_admins.py line - 14 : on_startup_notify : root : ERROR : Chat not found
Traceback (most recent call last):
  File "C:\Users\Кадзицу\Desktop\cartel_auto\utils\notify_admins.py", line 11, in on_startup_notify
    await dp.bot.send_message(admin, "Бот Запущен")
  File "C:\Users\Кадзицу\AppData\Roaming\Python\Python314\site-packages\aiogram\bot\bot.py", line 318, in send_message
    result = await self.request(api.Methods.SEND_MESSAGE, payload)
             ^^^^^^^^^^^^^^^^^^^^^^^^^^^^^^^^^^^^^^^^^^^^^^^^^^^^^
  File "C:\Users\Кадзицу\AppData\Roaming\Python\Python314\site-packages\aiogram\bot\base.py", line 208, in request
    return await api.make_request(self.session, self.server, self.__token, method, data, files,
           ^^^^^^^^^^^^^^^^^^^^^^^^^^^^^^^^^^^^^^^^^^^^^^^^^^^^^^^^^^^^^^^^^^^^^^^^^^^^^^^^^^^^
                                  proxy=self.proxy, proxy_auth=self.proxy_auth, timeout=self.timeout, **kwargs)
                                  ^^^^^^^^^^^^^^^^^^^^^^^^^^^^^^^^^^^^^^^^^^^^^^^^^^^^^^^^^^^^^^^^^^^^^^^^^^^^^
  File "C:\Users\Кадзицу\AppData\Roaming\Python\Python314\site-packages\aiogram\bot\api.py", line 140, in make_request
    return check_result(method, response.content_type, response.status, await response.text())
  File "C:\Users\Кадзицу\AppData\Roaming\Python\Python314\site-packages\aiogram\bot\api.py", line 115, in check_result
    exceptions.BadRequest.detect(description)
    ~~~~~~~~~~~~~~~~~~~~~~~~~~~~^^^^^^^^^^^^^
  File "C:\Users\Кадзицу\AppData\Roaming\Python\Python314\site-packages\aiogram\utils\exceptions.py", line 140, in detect
    raise err(cls.text or description)
aiogram.utils.exceptions.ChatNotFound: Chat not found
04/09/2026 08:49:44 AM : dispatcher.py line - 351 : start_polling : aiogram.dispatcher.dispatcher : INFO : Start polling.
04/09/2026 08:49:45 AM : dispatcher.py line - 378 : start_polling : aiogram.dispatcher.dispatcher : ERROR : Cause exception while getting updates.
Traceback (most recent call last):
  File "C:\Users\Кадзицу\AppData\Roaming\Python\Python314\site-packages\aiogram\dispatcher\dispatcher.py", line 374, in start_polling
    updates = await self.bot.get_updates(limit=limit, offset=offset, timeout=timeout)
              ^^^^^^^^^^^^^^^^^^^^^^^^^^^^^^^^^^^^^^^^^^^^^^^^^^^^^^^^^^^^^^^^^^^^^^^
  File "C:\Users\Кадзицу\AppData\Roaming\Python\Python314\site-packages\aiogram\bot\bot.py", line 97, in get_updates
    result = await self.request(api.Methods.GET_UPDATES, payload)
             ^^^^^^^^^^^^^^^^^^^^^^^^^^^^^^^^^^^^^^^^^^^^^^^^^^^^
  File "C:\Users\Кадзицу\AppData\Roaming\Python\Python314\site-packages\aiogram\bot\base.py", line 208, in request
    return await api.make_request(self.session, self.server, self.__token, method, data, files,
           ^^^^^^^^^^^^^^^^^^^^^^^^^^^^^^^^^^^^^^^^^^^^^^^^^^^^^^^^^^^^^^^^^^^^^^^^^^^^^^^^^^^^
                                  proxy=self.proxy, proxy_auth=self.proxy_auth, timeout=self.timeout, **kwargs)
                                  ^^^^^^^^^^^^^^^^^^^^^^^^^^^^^^^^^^^^^^^^^^^^^^^^^^^^^^^^^^^^^^^^^^^^^^^^^^^^^
  File "C:\Users\Кадзицу\AppData\Roaming\Python\Python314\site-packages\aiogram\bot\api.py", line 140, in make_request
    return check_result(method, response.content_type, response.status, await response.text())
  File "C:\Users\Кадзицу\AppData\Roaming\Python\Python314\site-packages\aiogram\bot\api.py", line 119, in check_result
    exceptions.ConflictError.detect(description)
    ~~~~~~~~~~~~~~~~~~~~~~~~~~~~~~~^^^^^^^^^^^^^
  File "C:\Users\Кадзицу\AppData\Roaming\Python\Python314\site-packages\aiogram\utils\exceptions.py", line 140, in detect
    raise err(cls.text or description)
aiogram.utils.exceptions.TerminatedByOtherGetUpdates: Terminated by other getupdates request; make sure that only one bot instance is running
04/09/2026 08:49:50 AM : dispatcher.py line - 378 : start_polling : aiogram.dispatcher.dispatcher : ERROR : Cause exception while getting updates.
Traceback (most recent call last):
  File "C:\Users\Кадзицу\AppData\Roaming\Python\Python314\site-packages\aiogram\dispatcher\dispatcher.py", line 374, in start_polling
    updates = await self.bot.get_updates(limit=limit, offset=offset, timeout=timeout)
              ^^^^^^^^^^^^^^^^^^^^^^^^^^^^^^^^^^^^^^^^^^^^^^^^^^^^^^^^^^^^^^^^^^^^^^^
  File "C:\Users\Кадзицу\AppData\Roaming\Python\Python314\site-packages\aiogram\bot\bot.py", line 97, in get_updates
    result = await self.request(api.Methods.GET_UPDATES, payload)
             ^^^^^^^^^^^^^^^^^^^^^^^^^^^^^^^^^^^^^^^^^^^^^^^^^^^^
  File "C:\Users\Кадзицу\AppData\Roaming\Python\Python314\site-packages\aiogram\bot\base.py", line 208, in request
    return await api.make_request(self.session, self.server, self.__token, method, data, files,
           ^^^^^^^^^^^^^^^^^^^^^^^^^^^^^^^^^^^^^^^^^^^^^^^^^^^^^^^^^^^^^^^^^^^^^^^^^^^^^^^^^^^^
                                  proxy=self.proxy, proxy_auth=self.proxy_auth, timeout=self.timeout, **kwargs)
                                  ^^^^^^^^^^^^^^^^^^^^^^^^^^^^^^^^^^^^^^^^^^^^^^^^^^^^^^^^^^^^^^^^^^^^^^^^^^^^^
  File "C:\Users\Кадзицу\AppData\Roaming\Python\Python314\site-packages\aiogram\bot\api.py", line 140, in make_request
    return check_result(method, response.content_type, response.status, await response.text())
  File "C:\Users\Кадзицу\AppData\Roaming\Python\Python314\site-packages\aiogram\bot\api.py", line 119, in check_result
    exceptions.ConflictError.detect(description)
    ~~~~~~~~~~~~~~~~~~~~~~~~~~~~~~~^^^^^^^^^^^^^
  File "C:\Users\Кадзицу\AppData\Roaming\Python\Python314\site-packages\aiogram\utils\exceptions.py", line 140, in detect
    raise err(cls.text or description)
aiogram.utils.exceptions.TerminatedByOtherGetUpdates: Terminated by other getupdates request; make sure that only one bot instance is running
04/09/2026 08:49:50 AM : error_handler.py line - 65 : errors_handler : root : ERROR : Update: <aiogram.types.update.Update object at 0x000001D4D4F17B70> 
Value should be instance of 'User' not 'NoneType'
Traceback (most recent call last):
  File "C:\Users\Кадзицу\AppData\Roaming\Python\Python314\site-packages\aiogram\dispatcher\dispatcher.py", line 298, in process_update
    types.User.set_current(update.my_chat_member.from_user)
    ~~~~~~~~~~~~~~~~~~~~~~^^^^^^^^^^^^^^^^^^^^^^^^^^^^^^^^^
  File "C:\Users\Кадзицу\AppData\Roaming\Python\Python314\site-packages\aiogram\utils\mixins.py", line 49, in set_current
    raise TypeError(f'Value should be instance of {cls.__name__!r} not {type(value).__name__!r}')
TypeError: Value should be instance of 'User' not 'NoneType'
04/09/2026 08:49:50 AM : base_events.py line - 1875 : default_exception_handler : asyncio : ERROR : Task exception was never retrieved
future: <Task finished name='Task-128' coro=<Dispatcher._process_polling_updates() done, defined at C:\Users\Кадзицу\AppData\Roaming\Python\Python314\site-packages\aiogram\dispatcher\dispatcher.py:395> exception=TypeError("Value should be instance of 'User' not 'NoneType'")>
Traceback (most recent call last):
  File "C:\Users\Кадзицу\AppData\Roaming\Python\Python314\site-packages\aiogram\dispatcher\dispatcher.py", line 403, in _process_polling_updates
    for responses in itertools.chain.from_iterable(await self.process_updates(updates, fast)):
                                                   ^^^^^^^^^^^^^^^^^^^^^^^^^^^^^^^^^^^^^^^^^
  File "C:\Users\Кадзицу\AppData\Roaming\Python\Python314\site-packages\aiogram\dispatcher\dispatcher.py", line 232, in process_updates
    return await asyncio.gather(*tasks)
           ^^^^^^^^^^^^^^^^^^^^^^^^^^^^
  File "C:\Users\Кадзицу\AppData\Roaming\Python\Python314\site-packages\aiogram\dispatcher\handler.py", line 117, in notify
    response = await handler_obj.handler(*args, **partial_data)
               ^^^^^^^^^^^^^^^^^^^^^^^^^^^^^^^^^^^^^^^^^^^^^^^^
  File "C:\Users\Кадзицу\AppData\Roaming\Python\Python314\site-packages\aiogram\dispatcher\dispatcher.py", line 298, in process_update
    types.User.set_current(update.my_chat_member.from_user)
    ~~~~~~~~~~~~~~~~~~~~~~^^^^^^^^^^^^^^^^^^^^^^^^^^^^^^^^^
  File "C:\Users\Кадзицу\AppData\Roaming\Python\Python314\site-packages\aiogram\utils\mixins.py", line 49, in set_current
    raise TypeError(f'Value should be instance of {cls.__name__!r} not {type(value).__name__!r}')
TypeError: Value should be instance of 'User' not 'NoneType'
04/09/2026 08:49:52 AM : error_handler.py line - 65 : errors_handler : root : ERROR : Update: <aiogram.types.update.Update object at 0x000001D4D4E40190> 
Value should be instance of 'User' not 'NoneType'
Traceback (most recent call last):
  File "C:\Users\Кадзицу\AppData\Roaming\Python\Python314\site-packages\aiogram\dispatcher\dispatcher.py", line 298, in process_update
    types.User.set_current(update.my_chat_member.from_user)
    ~~~~~~~~~~~~~~~~~~~~~~^^^^^^^^^^^^^^^^^^^^^^^^^^^^^^^^^
  File "C:\Users\Кадзицу\AppData\Roaming\Python\Python314\site-packages\aiogram\utils\mixins.py", line 49, in set_current
    raise TypeError(f'Value should be instance of {cls.__name__!r} not {type(value).__name__!r}')
TypeError: Value should be instance of 'User' not 'NoneType'
04/09/2026 08:49:52 AM : base_events.py line - 1875 : default_exception_handler : asyncio : ERROR : Task exception was never retrieved
future: <Task finished name='Task-131' coro=<Dispatcher._process_polling_updates() done, defined at C:\Users\Кадзицу\AppData\Roaming\Python\Python314\site-packages\aiogram\dispatcher\dispatcher.py:395> exception=TypeError("Value should be instance of 'User' not 'NoneType'")>
Traceback (most recent call last):
  File "C:\Users\Кадзицу\AppData\Roaming\Python\Python314\site-packages\aiogram\dispatcher\dispatcher.py", line 403, in _process_polling_updates
    for responses in itertools.chain.from_iterable(await self.process_updates(updates, fast)):
                                                   ^^^^^^^^^^^^^^^^^^^^^^^^^^^^^^^^^^^^^^^^^
  File "C:\Users\Кадзицу\AppData\Roaming\Python\Python314\site-packages\aiogram\dispatcher\dispatcher.py", line 232, in process_updates
    return await asyncio.gather(*tasks)
           ^^^^^^^^^^^^^^^^^^^^^^^^^^^^
  File "C:\Users\Кадзицу\AppData\Roaming\Python\Python314\site-packages\aiogram\dispatcher\handler.py", line 117, in notify
    response = await handler_obj.handler(*args, **partial_data)
               ^^^^^^^^^^^^^^^^^^^^^^^^^^^^^^^^^^^^^^^^^^^^^^^^
  File "C:\Users\Кадзицу\AppData\Roaming\Python\Python314\site-packages\aiogram\dispatcher\dispatcher.py", line 298, in process_update
    types.User.set_current(update.my_chat_member.from_user)
    ~~~~~~~~~~~~~~~~~~~~~~^^^^^^^^^^^^^^^^^^^^^^^^^^^^^^^^^
  File "C:\Users\Кадзицу\AppData\Roaming\Python\Python314\site-packages\aiogram\utils\mixins.py", line 49, in set_current
    raise TypeError(f'Value should be instance of {cls.__name__!r} not {type(value).__name__!r}')
TypeError: Value should be instance of 'User' not 'NoneType'
04/09/2026 08:49:55 AM : dispatcher.py line - 378 : start_polling : aiogram.dispatcher.dispatcher : ERROR : Cause exception while getting updates.
Traceback (most recent call last):
  File "C:\Users\Кадзицу\AppData\Roaming\Python\Python314\site-packages\aiogram\dispatcher\dispatcher.py", line 374, in start_polling
    updates = await self.bot.get_updates(limit=limit, offset=offset, timeout=timeout)
              ^^^^^^^^^^^^^^^^^^^^^^^^^^^^^^^^^^^^^^^^^^^^^^^^^^^^^^^^^^^^^^^^^^^^^^^
  File "C:\Users\Кадзицу\AppData\Roaming\Python\Python314\site-packages\aiogram\bot\bot.py", line 97, in get_updates
    result = await self.request(api.Methods.GET_UPDATES, payload)
             ^^^^^^^^^^^^^^^^^^^^^^^^^^^^^^^^^^^^^^^^^^^^^^^^^^^^
  File "C:\Users\Кадзицу\AppData\Roaming\Python\Python314\site-packages\aiogram\bot\base.py", line 208, in request
    return await api.make_request(self.session, self.server, self.__token, method, data, files,
           ^^^^^^^^^^^^^^^^^^^^^^^^^^^^^^^^^^^^^^^^^^^^^^^^^^^^^^^^^^^^^^^^^^^^^^^^^^^^^^^^^^^^
                                  proxy=self.proxy, proxy_auth=self.proxy_auth, timeout=self.timeout, **kwargs)
                                  ^^^^^^^^^^^^^^^^^^^^^^^^^^^^^^^^^^^^^^^^^^^^^^^^^^^^^^^^^^^^^^^^^^^^^^^^^^^^^
  File "C:\Users\Кадзицу\AppData\Roaming\Python\Python314\site-packages\aiogram\bot\api.py", line 140, in make_request
    return check_result(method, response.content_type, response.status, await response.text())
  File "C:\Users\Кадзицу\AppData\Roaming\Python\Python314\site-packages\aiogram\bot\api.py", line 119, in check_result
    exceptions.ConflictError.detect(description)
    ~~~~~~~~~~~~~~~~~~~~~~~~~~~~~~~^^^^^^^^^^^^^
  File "C:\Users\Кадзицу\AppData\Roaming\Python\Python314\site-packages\aiogram\utils\exceptions.py", line 140, in detect
    raise err(cls.text or description)
aiogram.utils.exceptions.TerminatedByOtherGetUpdates: Terminated by other getupdates request; make sure that only one bot instance is running
04/09/2026 08:50:00 AM : dispatcher.py line - 378 : start_polling : aiogram.dispatcher.dispatcher : ERROR : Cause exception while getting updates.
Traceback (most recent call last):
  File "C:\Users\Кадзицу\AppData\Roaming\Python\Python314\site-packages\aiogram\dispatcher\dispatcher.py", line 374, in start_polling
    updates = await self.bot.get_updates(limit=limit, offset=offset, timeout=timeout)
              ^^^^^^^^^^^^^^^^^^^^^^^^^^^^^^^^^^^^^^^^^^^^^^^^^^^^^^^^^^^^^^^^^^^^^^^
  File "C:\Users\Кадзицу\AppData\Roaming\Python\Python314\site-packages\aiogram\bot\bot.py", line 97, in get_updates
    result = await self.request(api.Methods.GET_UPDATES, payload)
             ^^^^^^^^^^^^^^^^^^^^^^^^^^^^^^^^^^^^^^^^^^^^^^^^^^^^
  File "C:\Users\Кадзицу\AppData\Roaming\Python\Python314\site-packages\aiogram\bot\base.py", line 208, in request
    return await api.make_request(self.session, self.server, self.__token, method, data, files,
           ^^^^^^^^^^^^^^^^^^^^^^^^^^^^^^^^^^^^^^^^^^^^^^^^^^^^^^^^^^^^^^^^^^^^^^^^^^^^^^^^^^^^
                                  proxy=self.proxy, proxy_auth=self.proxy_auth, timeout=self.timeout, **kwargs)
                                  ^^^^^^^^^^^^^^^^^^^^^^^^^^^^^^^^^^^^^^^^^^^^^^^^^^^^^^^^^^^^^^^^^^^^^^^^^^^^^
  File "C:\Users\Кадзицу\AppData\Roaming\Python\Python314\site-packages\aiogram\bot\api.py", line 140, in make_request
    return check_result(method, response.content_type, response.status, await response.text())
  File "C:\Users\Кадзицу\AppData\Roaming\Python\Python314\site-packages\aiogram\bot\api.py", line 119, in check_result
    exceptions.ConflictError.detect(description)
    ~~~~~~~~~~~~~~~~~~~~~~~~~~~~~~~^^^^^^^^^^^^^
  File "C:\Users\Кадзицу\AppData\Roaming\Python\Python314\site-packages\aiogram\utils\exceptions.py", line 140, in detect
    raise err(cls.text or description)
aiogram.utils.exceptions.TerminatedByOtherGetUpdates: Terminated by other getupdates request; make sure that only one bot instance is running
04/09/2026 08:50:06 AM : dispatcher.py line - 378 : start_polling : aiogram.dispatcher.dispatcher : ERROR : Cause exception while getting updates.
Traceback (most recent call last):
  File "C:\Users\Кадзицу\AppData\Roaming\Python\Python314\site-packages\aiogram\dispatcher\dispatcher.py", line 374, in start_polling
    updates = await self.bot.get_updates(limit=limit, offset=offset, timeout=timeout)
              ^^^^^^^^^^^^^^^^^^^^^^^^^^^^^^^^^^^^^^^^^^^^^^^^^^^^^^^^^^^^^^^^^^^^^^^
  File "C:\Users\Кадзицу\AppData\Roaming\Python\Python314\site-packages\aiogram\bot\bot.py", line 97, in get_updates
    result = await self.request(api.Methods.GET_UPDATES, payload)
             ^^^^^^^^^^^^^^^^^^^^^^^^^^^^^^^^^^^^^^^^^^^^^^^^^^^^
  File "C:\Users\Кадзицу\AppData\Roaming\Python\Python314\site-packages\aiogram\bot\base.py", line 208, in request
    return await api.make_request(self.session, self.server, self.__token, method, data, files,
           ^^^^^^^^^^^^^^^^^^^^^^^^^^^^^^^^^^^^^^^^^^^^^^^^^^^^^^^^^^^^^^^^^^^^^^^^^^^^^^^^^^^^
                                  proxy=self.proxy, proxy_auth=self.proxy_auth, timeout=self.timeout, **kwargs)
                                  ^^^^^^^^^^^^^^^^^^^^^^^^^^^^^^^^^^^^^^^^^^^^^^^^^^^^^^^^^^^^^^^^^^^^^^^^^^^^^
  File "C:\Users\Кадзицу\AppData\Roaming\Python\Python314\site-packages\aiogram\bot\api.py", line 140, in make_request
    return check_result(method, response.content_type, response.status, await response.text())
  File "C:\Users\Кадзицу\AppData\Roaming\Python\Python314\site-packages\aiogram\bot\api.py", line 119, in check_result
    exceptions.ConflictError.detect(description)
    ~~~~~~~~~~~~~~~~~~~~~~~~~~~~~~~^^^^^^^^^^^^^
  File "C:\Users\Кадзицу\AppData\Roaming\Python\Python314\site-packages\aiogram\utils\exceptions.py", line 140, in detect
    raise err(cls.text or description)
aiogram.utils.exceptions.TerminatedByOtherGetUpdates: Terminated by other getupdates request; make sure that only one bot instance is running
04/09/2026 08:50:11 AM : dispatcher.py line - 378 : start_polling : aiogram.dispatcher.dispatcher : ERROR : Cause exception while getting updates.
Traceback (most recent call last):
  File "C:\Users\Кадзицу\AppData\Roaming\Python\Python314\site-packages\aiogram\dispatcher\dispatcher.py", line 374, in start_polling
    updates = await self.bot.get_updates(limit=limit, offset=offset, timeout=timeout)
              ^^^^^^^^^^^^^^^^^^^^^^^^^^^^^^^^^^^^^^^^^^^^^^^^^^^^^^^^^^^^^^^^^^^^^^^
  File "C:\Users\Кадзицу\AppData\Roaming\Python\Python314\site-packages\aiogram\bot\bot.py", line 97, in get_updates
    result = await self.request(api.Methods.GET_UPDATES, payload)
             ^^^^^^^^^^^^^^^^^^^^^^^^^^^^^^^^^^^^^^^^^^^^^^^^^^^^
  File "C:\Users\Кадзицу\AppData\Roaming\Python\Python314\site-packages\aiogram\bot\base.py", line 208, in request
    return await api.make_request(self.session, self.server, self.__token, method, data, files,
           ^^^^^^^^^^^^^^^^^^^^^^^^^^^^^^^^^^^^^^^^^^^^^^^^^^^^^^^^^^^^^^^^^^^^^^^^^^^^^^^^^^^^
                                  proxy=self.proxy, proxy_auth=self.proxy_auth, timeout=self.timeout, **kwargs)
                                  ^^^^^^^^^^^^^^^^^^^^^^^^^^^^^^^^^^^^^^^^^^^^^^^^^^^^^^^^^^^^^^^^^^^^^^^^^^^^^
  File "C:\Users\Кадзицу\AppData\Roaming\Python\Python314\site-packages\aiogram\bot\api.py", line 140, in make_request
    return check_result(method, response.content_type, response.status, await response.text())
  File "C:\Users\Кадзицу\AppData\Roaming\Python\Python314\site-packages\aiogram\bot\api.py", line 119, in check_result
    exceptions.ConflictError.detect(description)
    ~~~~~~~~~~~~~~~~~~~~~~~~~~~~~~~^^^^^^^^^^^^^
  File "C:\Users\Кадзицу\AppData\Roaming\Python\Python314\site-packages\aiogram\utils\exceptions.py", line 140, in detect
    raise err(cls.text or description)
aiogram.utils.exceptions.TerminatedByOtherGetUpdates: Terminated by other getupdates request; make sure that only one bot instance is running
04/09/2026 08:50:16 AM : dispatcher.py line - 378 : start_polling : aiogram.dispatcher.dispatcher : ERROR : Cause exception while getting updates.
Traceback (most recent call last):
  File "C:\Users\Кадзицу\AppData\Roaming\Python\Python314\site-packages\aiogram\dispatcher\dispatcher.py", line 374, in start_polling
    updates = await self.bot.get_updates(limit=limit, offset=offset, timeout=timeout)
              ^^^^^^^^^^^^^^^^^^^^^^^^^^^^^^^^^^^^^^^^^^^^^^^^^^^^^^^^^^^^^^^^^^^^^^^
  File "C:\Users\Кадзицу\AppData\Roaming\Python\Python314\site-packages\aiogram\bot\bot.py", line 97, in get_updates
    result = await self.request(api.Methods.GET_UPDATES, payload)
             ^^^^^^^^^^^^^^^^^^^^^^^^^^^^^^^^^^^^^^^^^^^^^^^^^^^^
  File "C:\Users\Кадзицу\AppData\Roaming\Python\Python314\site-packages\aiogram\bot\base.py", line 208, in request
    return await api.make_request(self.session, self.server, self.__token, method, data, files,
           ^^^^^^^^^^^^^^^^^^^^^^^^^^^^^^^^^^^^^^^^^^^^^^^^^^^^^^^^^^^^^^^^^^^^^^^^^^^^^^^^^^^^
                                  proxy=self.proxy, proxy_auth=self.proxy_auth, timeout=self.timeout, **kwargs)
                                  ^^^^^^^^^^^^^^^^^^^^^^^^^^^^^^^^^^^^^^^^^^^^^^^^^^^^^^^^^^^^^^^^^^^^^^^^^^^^^
  File "C:\Users\Кадзицу\AppData\Roaming\Python\Python314\site-packages\aiogram\bot\api.py", line 140, in make_request
    return check_result(method, response.content_type, response.status, await response.text())
  File "C:\Users\Кадзицу\AppData\Roaming\Python\Python314\site-packages\aiogram\bot\api.py", line 119, in check_result
    exceptions.ConflictError.detect(description)
    ~~~~~~~~~~~~~~~~~~~~~~~~~~~~~~~^^^^^^^^^^^^^
  File "C:\Users\Кадзицу\AppData\Roaming\Python\Python314\site-packages\aiogram\utils\exceptions.py", line 140, in detect
    raise err(cls.text or description)
aiogram.utils.exceptions.TerminatedByOtherGetUpdates: Terminated by other getupdates request; make sure that only one bot instance is running
04/09/2026 08:50:21 AM : dispatcher.py line - 378 : start_polling : aiogram.dispatcher.dispatcher : ERROR : Cause exception while getting updates.
Traceback (most recent call last):
  File "C:\Users\Кадзицу\AppData\Roaming\Python\Python314\site-packages\aiogram\dispatcher\dispatcher.py", line 374, in start_polling
    updates = await self.bot.get_updates(limit=limit, offset=offset, timeout=timeout)
              ^^^^^^^^^^^^^^^^^^^^^^^^^^^^^^^^^^^^^^^^^^^^^^^^^^^^^^^^^^^^^^^^^^^^^^^
  File "C:\Users\Кадзицу\AppData\Roaming\Python\Python314\site-packages\aiogram\bot\bot.py", line 97, in get_updates
    result = await self.request(api.Methods.GET_UPDATES, payload)
             ^^^^^^^^^^^^^^^^^^^^^^^^^^^^^^^^^^^^^^^^^^^^^^^^^^^^
  File "C:\Users\Кадзицу\AppData\Roaming\Python\Python314\site-packages\aiogram\bot\base.py", line 208, in request
    return await api.make_request(self.session, self.server, self.__token, method, data, files,
           ^^^^^^^^^^^^^^^^^^^^^^^^^^^^^^^^^^^^^^^^^^^^^^^^^^^^^^^^^^^^^^^^^^^^^^^^^^^^^^^^^^^^
                                  proxy=self.proxy, proxy_auth=self.proxy_auth, timeout=self.timeout, **kwargs)
                                  ^^^^^^^^^^^^^^^^^^^^^^^^^^^^^^^^^^^^^^^^^^^^^^^^^^^^^^^^^^^^^^^^^^^^^^^^^^^^^
  File "C:\Users\Кадзицу\AppData\Roaming\Python\Python314\site-packages\aiogram\bot\api.py", line 140, in make_request
    return check_result(method, response.content_type, response.status, await response.text())
  File "C:\Users\Кадзицу\AppData\Roaming\Python\Python314\site-packages\aiogram\bot\api.py", line 119, in check_result
    exceptions.ConflictError.detect(description)
    ~~~~~~~~~~~~~~~~~~~~~~~~~~~~~~~^^^^^^^^^^^^^
  File "C:\Users\Кадзицу\AppData\Roaming\Python\Python314\site-packages\aiogram\utils\exceptions.py", line 140, in detect
    raise err(cls.text or description)
aiogram.utils.exceptions.TerminatedByOtherGetUpdates: Terminated by other getupdates request; make sure that only one bot instance is running
04/09/2026 08:50:27 AM : dispatcher.py line - 378 : start_polling : aiogram.dispatcher.dispatcher : ERROR : Cause exception while getting updates.
Traceback (most recent call last):
  File "C:\Users\Кадзицу\AppData\Roaming\Python\Python314\site-packages\aiogram\dispatcher\dispatcher.py", line 374, in start_polling
    updates = await self.bot.get_updates(limit=limit, offset=offset, timeout=timeout)
              ^^^^^^^^^^^^^^^^^^^^^^^^^^^^^^^^^^^^^^^^^^^^^^^^^^^^^^^^^^^^^^^^^^^^^^^
  File "C:\Users\Кадзицу\AppData\Roaming\Python\Python314\site-packages\aiogram\bot\bot.py", line 97, in get_updates
    result = await self.request(api.Methods.GET_UPDATES, payload)
             ^^^^^^^^^^^^^^^^^^^^^^^^^^^^^^^^^^^^^^^^^^^^^^^^^^^^
  File "C:\Users\Кадзицу\AppData\Roaming\Python\Python314\site-packages\aiogram\bot\base.py", line 208, in request
    return await api.make_request(self.session, self.server, self.__token, method, data, files,
           ^^^^^^^^^^^^^^^^^^^^^^^^^^^^^^^^^^^^^^^^^^^^^^^^^^^^^^^^^^^^^^^^^^^^^^^^^^^^^^^^^^^^
                                  proxy=self.proxy, proxy_auth=self.proxy_auth, timeout=self.timeout, **kwargs)
                                  ^^^^^^^^^^^^^^^^^^^^^^^^^^^^^^^^^^^^^^^^^^^^^^^^^^^^^^^^^^^^^^^^^^^^^^^^^^^^^
  File "C:\Users\Кадзицу\AppData\Roaming\Python\Python314\site-packages\aiogram\bot\api.py", line 140, in make_request
    return check_result(method, response.content_type, response.status, await response.text())
  File "C:\Users\Кадзицу\AppData\Roaming\Python\Python314\site-packages\aiogram\bot\api.py", line 119, in check_result
    exceptions.ConflictError.detect(description)
    ~~~~~~~~~~~~~~~~~~~~~~~~~~~~~~~^^^^^^^^^^^^^
  File "C:\Users\Кадзицу\AppData\Roaming\Python\Python314\site-packages\aiogram\utils\exceptions.py", line 140, in detect
    raise err(cls.text or description)
aiogram.utils.exceptions.TerminatedByOtherGetUpdates: Terminated by other getupdates request; make sure that only one bot instance is running
04/09/2026 08:50:32 AM : dispatcher.py line - 378 : start_polling : aiogram.dispatcher.dispatcher : ERROR : Cause exception while getting updates.
Traceback (most recent call last):
  File "C:\Users\Кадзицу\AppData\Roaming\Python\Python314\site-packages\aiogram\dispatcher\dispatcher.py", line 374, in start_polling
    updates = await self.bot.get_updates(limit=limit, offset=offset, timeout=timeout)
              ^^^^^^^^^^^^^^^^^^^^^^^^^^^^^^^^^^^^^^^^^^^^^^^^^^^^^^^^^^^^^^^^^^^^^^^
  File "C:\Users\Кадзицу\AppData\Roaming\Python\Python314\site-packages\aiogram\bot\bot.py", line 97, in get_updates
    result = await self.request(api.Methods.GET_UPDATES, payload)
             ^^^^^^^^^^^^^^^^^^^^^^^^^^^^^^^^^^^^^^^^^^^^^^^^^^^^
  File "C:\Users\Кадзицу\AppData\Roaming\Python\Python314\site-packages\aiogram\bot\base.py", line 208, in request
    return await api.make_request(self.session, self.server, self.__token, method, data, files,
           ^^^^^^^^^^^^^^^^^^^^^^^^^^^^^^^^^^^^^^^^^^^^^^^^^^^^^^^^^^^^^^^^^^^^^^^^^^^^^^^^^^^^
                                  proxy=self.proxy, proxy_auth=self.proxy_auth, timeout=self.timeout, **kwargs)
                                  ^^^^^^^^^^^^^^^^^^^^^^^^^^^^^^^^^^^^^^^^^^^^^^^^^^^^^^^^^^^^^^^^^^^^^^^^^^^^^
  File "C:\Users\Кадзицу\AppData\Roaming\Python\Python314\site-packages\aiogram\bot\api.py", line 140, in make_request
    return check_result(method, response.content_type, response.status, await response.text())
  File "C:\Users\Кадзицу\AppData\Roaming\Python\Python314\site-packages\aiogram\bot\api.py", line 119, in check_result
    exceptions.ConflictError.detect(description)
    ~~~~~~~~~~~~~~~~~~~~~~~~~~~~~~~^^^^^^^^^^^^^
  File "C:\Users\Кадзицу\AppData\Roaming\Python\Python314\site-packages\aiogram\utils\exceptions.py", line 140, in detect
    raise err(cls.text or description)
aiogram.utils.exceptions.TerminatedByOtherGetUpdates: Terminated by other getupdates request; make sure that only one bot instance is running
04/09/2026 08:50:37 AM : dispatcher.py line - 378 : start_polling : aiogram.dispatcher.dispatcher : ERROR : Cause exception while getting updates.
Traceback (most recent call last):
  File "C:\Users\Кадзицу\AppData\Roaming\Python\Python314\site-packages\aiogram\dispatcher\dispatcher.py", line 374, in start_polling
    updates = await self.bot.get_updates(limit=limit, offset=offset, timeout=timeout)
              ^^^^^^^^^^^^^^^^^^^^^^^^^^^^^^^^^^^^^^^^^^^^^^^^^^^^^^^^^^^^^^^^^^^^^^^
  File "C:\Users\Кадзицу\AppData\Roaming\Python\Python314\site-packages\aiogram\bot\bot.py", line 97, in get_updates
    result = await self.request(api.Methods.GET_UPDATES, payload)
             ^^^^^^^^^^^^^^^^^^^^^^^^^^^^^^^^^^^^^^^^^^^^^^^^^^^^
  File "C:\Users\Кадзицу\AppData\Roaming\Python\Python314\site-packages\aiogram\bot\base.py", line 208, in request
    return await api.make_request(self.session, self.server, self.__token, method, data, files,
           ^^^^^^^^^^^^^^^^^^^^^^^^^^^^^^^^^^^^^^^^^^^^^^^^^^^^^^^^^^^^^^^^^^^^^^^^^^^^^^^^^^^^
                                  proxy=self.proxy, proxy_auth=self.proxy_auth, timeout=self.timeout, **kwargs)
                                  ^^^^^^^^^^^^^^^^^^^^^^^^^^^^^^^^^^^^^^^^^^^^^^^^^^^^^^^^^^^^^^^^^^^^^^^^^^^^^
  File "C:\Users\Кадзицу\AppData\Roaming\Python\Python314\site-packages\aiogram\bot\api.py", line 140, in make_request
    return check_result(method, response.content_type, response.status, await response.text())
  File "C:\Users\Кадзицу\AppData\Roaming\Python\Python314\site-packages\aiogram\bot\api.py", line 119, in check_result
    exceptions.ConflictError.detect(description)
    ~~~~~~~~~~~~~~~~~~~~~~~~~~~~~~~^^^^^^^^^^^^^
  File "C:\Users\Кадзицу\AppData\Roaming\Python\Python314\site-packages\aiogram\utils\exceptions.py", line 140, in detect
    raise err(cls.text or description)
aiogram.utils.exceptions.TerminatedByOtherGetUpdates: Terminated by other getupdates request; make sure that only one bot instance is running
04/09/2026 08:50:42 AM : dispatcher.py line - 378 : start_polling : aiogram.dispatcher.dispatcher : ERROR : Cause exception while getting updates.
Traceback (most recent call last):
  File "C:\Users\Кадзицу\AppData\Roaming\Python\Python314\site-packages\aiogram\dispatcher\dispatcher.py", line 374, in start_polling
    updates = await self.bot.get_updates(limit=limit, offset=offset, timeout=timeout)
              ^^^^^^^^^^^^^^^^^^^^^^^^^^^^^^^^^^^^^^^^^^^^^^^^^^^^^^^^^^^^^^^^^^^^^^^
  File "C:\Users\Кадзицу\AppData\Roaming\Python\Python314\site-packages\aiogram\bot\bot.py", line 97, in get_updates
    result = await self.request(api.Methods.GET_UPDATES, payload)
             ^^^^^^^^^^^^^^^^^^^^^^^^^^^^^^^^^^^^^^^^^^^^^^^^^^^^
  File "C:\Users\Кадзицу\AppData\Roaming\Python\Python314\site-packages\aiogram\bot\base.py", line 208, in request
    return await api.make_request(self.session, self.server, self.__token, method, data, files,
           ^^^^^^^^^^^^^^^^^^^^^^^^^^^^^^^^^^^^^^^^^^^^^^^^^^^^^^^^^^^^^^^^^^^^^^^^^^^^^^^^^^^^
                                  proxy=self.proxy, proxy_auth=self.proxy_auth, timeout=self.timeout, **kwargs)
                                  ^^^^^^^^^^^^^^^^^^^^^^^^^^^^^^^^^^^^^^^^^^^^^^^^^^^^^^^^^^^^^^^^^^^^^^^^^^^^^
  File "C:\Users\Кадзицу\AppData\Roaming\Python\Python314\site-packages\aiogram\bot\api.py", line 140, in make_request
    return check_result(method, response.content_type, response.status, await response.text())
  File "C:\Users\Кадзицу\AppData\Roaming\Python\Python314\site-packages\aiogram\bot\api.py", line 119, in check_result
    exceptions.ConflictError.detect(description)
    ~~~~~~~~~~~~~~~~~~~~~~~~~~~~~~~^^^^^^^^^^^^^
  File "C:\Users\Кадзицу\AppData\Roaming\Python\Python314\site-packages\aiogram\utils\exceptions.py", line 140, in detect
    raise err(cls.text or description)
aiogram.utils.exceptions.TerminatedByOtherGetUpdates: Terminated by other getupdates request; make sure that only one bot instance is running
04/09/2026 08:50:48 AM : dispatcher.py line - 378 : start_polling : aiogram.dispatcher.dispatcher : ERROR : Cause exception while getting updates.
Traceback (most recent call last):
  File "C:\Users\Кадзицу\AppData\Roaming\Python\Python314\site-packages\aiogram\dispatcher\dispatcher.py", line 374, in start_polling
    updates = await self.bot.get_updates(limit=limit, offset=offset, timeout=timeout)
              ^^^^^^^^^^^^^^^^^^^^^^^^^^^^^^^^^^^^^^^^^^^^^^^^^^^^^^^^^^^^^^^^^^^^^^^
  File "C:\Users\Кадзицу\AppData\Roaming\Python\Python314\site-packages\aiogram\bot\bot.py", line 97, in get_updates
    result = await self.request(api.Methods.GET_UPDATES, payload)
             ^^^^^^^^^^^^^^^^^^^^^^^^^^^^^^^^^^^^^^^^^^^^^^^^^^^^
  File "C:\Users\Кадзицу\AppData\Roaming\Python\Python314\site-packages\aiogram\bot\base.py", line 208, in request
    return await api.make_request(self.session, self.server, self.__token, method, data, files,
           ^^^^^^^^^^^^^^^^^^^^^^^^^^^^^^^^^^^^^^^^^^^^^^^^^^^^^^^^^^^^^^^^^^^^^^^^^^^^^^^^^^^^
                                  proxy=self.proxy, proxy_auth=self.proxy_auth, timeout=self.timeout, **kwargs)
                                  ^^^^^^^^^^^^^^^^^^^^^^^^^^^^^^^^^^^^^^^^^^^^^^^^^^^^^^^^^^^^^^^^^^^^^^^^^^^^^
  File "C:\Users\Кадзицу\AppData\Roaming\Python\Python314\site-packages\aiogram\bot\api.py", line 140, in make_request
    return check_result(method, response.content_type, response.status, await response.text())
  File "C:\Users\Кадзицу\AppData\Roaming\Python\Python314\site-packages\aiogram\bot\api.py", line 119, in check_result
    exceptions.ConflictError.detect(description)
    ~~~~~~~~~~~~~~~~~~~~~~~~~~~~~~~^^^^^^^^^^^^^
  File "C:\Users\Кадзицу\AppData\Roaming\Python\Python314\site-packages\aiogram\utils\exceptions.py", line 140, in detect
    raise err(cls.text or description)
aiogram.utils.exceptions.TerminatedByOtherGetUpdates: Terminated by other getupdates request; make sure that only one bot instance is running
04/09/2026 08:50:53 AM : dispatcher.py line - 378 : start_polling : aiogram.dispatcher.dispatcher : ERROR : Cause exception while getting updates.
Traceback (most recent call last):
  File "C:\Users\Кадзицу\AppData\Roaming\Python\Python314\site-packages\aiogram\dispatcher\dispatcher.py", line 374, in start_polling
    updates = await self.bot.get_updates(limit=limit, offset=offset, timeout=timeout)
              ^^^^^^^^^^^^^^^^^^^^^^^^^^^^^^^^^^^^^^^^^^^^^^^^^^^^^^^^^^^^^^^^^^^^^^^
  File "C:\Users\Кадзицу\AppData\Roaming\Python\Python314\site-packages\aiogram\bot\bot.py", line 97, in get_updates
    result = await self.request(api.Methods.GET_UPDATES, payload)
             ^^^^^^^^^^^^^^^^^^^^^^^^^^^^^^^^^^^^^^^^^^^^^^^^^^^^
  File "C:\Users\Кадзицу\AppData\Roaming\Python\Python314\site-packages\aiogram\bot\base.py", line 208, in request
    return await api.make_request(self.session, self.server, self.__token, method, data, files,
           ^^^^^^^^^^^^^^^^^^^^^^^^^^^^^^^^^^^^^^^^^^^^^^^^^^^^^^^^^^^^^^^^^^^^^^^^^^^^^^^^^^^^
                                  proxy=self.proxy, proxy_auth=self.proxy_auth, timeout=self.timeout, **kwargs)
                                  ^^^^^^^^^^^^^^^^^^^^^^^^^^^^^^^^^^^^^^^^^^^^^^^^^^^^^^^^^^^^^^^^^^^^^^^^^^^^^
  File "C:\Users\Кадзицу\AppData\Roaming\Python\Python314\site-packages\aiogram\bot\api.py", line 140, in make_request
    return check_result(method, response.content_type, response.status, await response.text())
  File "C:\Users\Кадзицу\AppData\Roaming\Python\Python314\site-packages\aiogram\bot\api.py", line 119, in check_result
    exceptions.ConflictError.detect(description)
    ~~~~~~~~~~~~~~~~~~~~~~~~~~~~~~~^^^^^^^^^^^^^
  File "C:\Users\Кадзицу\AppData\Roaming\Python\Python314\site-packages\aiogram\utils\exceptions.py", line 140, in detect
    raise err(cls.text or description)
aiogram.utils.exceptions.TerminatedByOtherGetUpdates: Terminated by other getupdates request; make sure that only one bot instance is running
04/09/2026 08:50:58 AM : dispatcher.py line - 378 : start_polling : aiogram.dispatcher.dispatcher : ERROR : Cause exception while getting updates.
Traceback (most recent call last):
  File "C:\Users\Кадзицу\AppData\Roaming\Python\Python314\site-packages\aiogram\dispatcher\dispatcher.py", line 374, in start_polling
    updates = await self.bot.get_updates(limit=limit, offset=offset, timeout=timeout)
              ^^^^^^^^^^^^^^^^^^^^^^^^^^^^^^^^^^^^^^^^^^^^^^^^^^^^^^^^^^^^^^^^^^^^^^^
  File "C:\Users\Кадзицу\AppData\Roaming\Python\Python314\site-packages\aiogram\bot\bot.py", line 97, in get_updates
    result = await self.request(api.Methods.GET_UPDATES, payload)
             ^^^^^^^^^^^^^^^^^^^^^^^^^^^^^^^^^^^^^^^^^^^^^^^^^^^^
  File "C:\Users\Кадзицу\AppData\Roaming\Python\Python314\site-packages\aiogram\bot\base.py", line 208, in request
    return await api.make_request(self.session, self.server, self.__token, method, data, files,
           ^^^^^^^^^^^^^^^^^^^^^^^^^^^^^^^^^^^^^^^^^^^^^^^^^^^^^^^^^^^^^^^^^^^^^^^^^^^^^^^^^^^^
                                  proxy=self.proxy, proxy_auth=self.proxy_auth, timeout=self.timeout, **kwargs)
                                  ^^^^^^^^^^^^^^^^^^^^^^^^^^^^^^^^^^^^^^^^^^^^^^^^^^^^^^^^^^^^^^^^^^^^^^^^^^^^^
  File "C:\Users\Кадзицу\AppData\Roaming\Python\Python314\site-packages\aiogram\bot\api.py", line 140, in make_request
    return check_result(method, response.content_type, response.status, await response.text())
  File "C:\Users\Кадзицу\AppData\Roaming\Python\Python314\site-packages\aiogram\bot\api.py", line 119, in check_result
    exceptions.ConflictError.detect(description)
    ~~~~~~~~~~~~~~~~~~~~~~~~~~~~~~~^^^^^^^^^^^^^
  File "C:\Users\Кадзицу\AppData\Roaming\Python\Python314\site-packages\aiogram\utils\exceptions.py", line 140, in detect
    raise err(cls.text or description)
aiogram.utils.exceptions.TerminatedByOtherGetUpdates: Terminated by other getupdates request; make sure that only one bot instance is running
04/09/2026 08:51:04 AM : dispatcher.py line - 378 : start_polling : aiogram.dispatcher.dispatcher : ERROR : Cause exception while getting updates.
Traceback (most recent call last):
  File "C:\Users\Кадзицу\AppData\Roaming\Python\Python314\site-packages\aiogram\dispatcher\dispatcher.py", line 374, in start_polling
    updates = await self.bot.get_updates(limit=limit, offset=offset, timeout=timeout)
              ^^^^^^^^^^^^^^^^^^^^^^^^^^^^^^^^^^^^^^^^^^^^^^^^^^^^^^^^^^^^^^^^^^^^^^^
  File "C:\Users\Кадзицу\AppData\Roaming\Python\Python314\site-packages\aiogram\bot\bot.py", line 97, in get_updates
    result = await self.request(api.Methods.GET_UPDATES, payload)
             ^^^^^^^^^^^^^^^^^^^^^^^^^^^^^^^^^^^^^^^^^^^^^^^^^^^^
  File "C:\Users\Кадзицу\AppData\Roaming\Python\Python314\site-packages\aiogram\bot\base.py", line 208, in request
    return await api.make_request(self.session, self.server, self.__token, method, data, files,
           ^^^^^^^^^^^^^^^^^^^^^^^^^^^^^^^^^^^^^^^^^^^^^^^^^^^^^^^^^^^^^^^^^^^^^^^^^^^^^^^^^^^^
                                  proxy=self.proxy, proxy_auth=self.proxy_auth, timeout=self.timeout, **kwargs)
                                  ^^^^^^^^^^^^^^^^^^^^^^^^^^^^^^^^^^^^^^^^^^^^^^^^^^^^^^^^^^^^^^^^^^^^^^^^^^^^^
  File "C:\Users\Кадзицу\AppData\Roaming\Python\Python314\site-packages\aiogram\bot\api.py", line 140, in make_request
    return check_result(method, response.content_type, response.status, await response.text())
  File "C:\Users\Кадзицу\AppData\Roaming\Python\Python314\site-packages\aiogram\bot\api.py", line 119, in check_result
    exceptions.ConflictError.detect(description)
    ~~~~~~~~~~~~~~~~~~~~~~~~~~~~~~~^^^^^^^^^^^^^
  File "C:\Users\Кадзицу\AppData\Roaming\Python\Python314\site-packages\aiogram\utils\exceptions.py", line 140, in detect
    raise err(cls.text or description)
aiogram.utils.exceptions.TerminatedByOtherGetUpdates: Terminated by other getupdates request; make sure that only one bot instance is running
04/09/2026 08:51:09 AM : dispatcher.py line - 378 : start_polling : aiogram.dispatcher.dispatcher : ERROR : Cause exception while getting updates.
Traceback (most recent call last):
  File "C:\Users\Кадзицу\AppData\Roaming\Python\Python314\site-packages\aiogram\dispatcher\dispatcher.py", line 374, in start_polling
    updates = await self.bot.get_updates(limit=limit, offset=offset, timeout=timeout)
              ^^^^^^^^^^^^^^^^^^^^^^^^^^^^^^^^^^^^^^^^^^^^^^^^^^^^^^^^^^^^^^^^^^^^^^^
  File "C:\Users\Кадзицу\AppData\Roaming\Python\Python314\site-packages\aiogram\bot\bot.py", line 97, in get_updates
    result = await self.request(api.Methods.GET_UPDATES, payload)
             ^^^^^^^^^^^^^^^^^^^^^^^^^^^^^^^^^^^^^^^^^^^^^^^^^^^^
  File "C:\Users\Кадзицу\AppData\Roaming\Python\Python314\site-packages\aiogram\bot\base.py", line 208, in request
    return await api.make_request(self.session, self.server, self.__token, method, data, files,
           ^^^^^^^^^^^^^^^^^^^^^^^^^^^^^^^^^^^^^^^^^^^^^^^^^^^^^^^^^^^^^^^^^^^^^^^^^^^^^^^^^^^^
                                  proxy=self.proxy, proxy_auth=self.proxy_auth, timeout=self.timeout, **kwargs)
                                  ^^^^^^^^^^^^^^^^^^^^^^^^^^^^^^^^^^^^^^^^^^^^^^^^^^^^^^^^^^^^^^^^^^^^^^^^^^^^^
  File "C:\Users\Кадзицу\AppData\Roaming\Python\Python314\site-packages\aiogram\bot\api.py", line 140, in make_request
    return check_result(method, response.content_type, response.status, await response.text())
  File "C:\Users\Кадзицу\AppData\Roaming\Python\Python314\site-packages\aiogram\bot\api.py", line 119, in check_result
    exceptions.ConflictError.detect(description)
    ~~~~~~~~~~~~~~~~~~~~~~~~~~~~~~~^^^^^^^^^^^^^
  File "C:\Users\Кадзицу\AppData\Roaming\Python\Python314\site-packages\aiogram\utils\exceptions.py", line 140, in detect
    raise err(cls.text or description)
aiogram.utils.exceptions.TerminatedByOtherGetUpdates: Terminated by other getupdates request; make sure that only one bot instance is running
04/09/2026 08:51:14 AM : dispatcher.py line - 378 : start_polling : aiogram.dispatcher.dispatcher : ERROR : Cause exception while getting updates.
Traceback (most recent call last):
  File "C:\Users\Кадзицу\AppData\Roaming\Python\Python314\site-packages\aiogram\dispatcher\dispatcher.py", line 374, in start_polling
    updates = await self.bot.get_updates(limit=limit, offset=offset, timeout=timeout)
              ^^^^^^^^^^^^^^^^^^^^^^^^^^^^^^^^^^^^^^^^^^^^^^^^^^^^^^^^^^^^^^^^^^^^^^^
  File "C:\Users\Кадзицу\AppData\Roaming\Python\Python314\site-packages\aiogram\bot\bot.py", line 97, in get_updates
    result = await self.request(api.Methods.GET_UPDATES, payload)
             ^^^^^^^^^^^^^^^^^^^^^^^^^^^^^^^^^^^^^^^^^^^^^^^^^^^^
  File "C:\Users\Кадзицу\AppData\Roaming\Python\Python314\site-packages\aiogram\bot\base.py", line 208, in request
    return await api.make_request(self.session, self.server, self.__token, method, data, files,
           ^^^^^^^^^^^^^^^^^^^^^^^^^^^^^^^^^^^^^^^^^^^^^^^^^^^^^^^^^^^^^^^^^^^^^^^^^^^^^^^^^^^^
                                  proxy=self.proxy, proxy_auth=self.proxy_auth, timeout=self.timeout, **kwargs)
                                  ^^^^^^^^^^^^^^^^^^^^^^^^^^^^^^^^^^^^^^^^^^^^^^^^^^^^^^^^^^^^^^^^^^^^^^^^^^^^^
  File "C:\Users\Кадзицу\AppData\Roaming\Python\Python314\site-packages\aiogram\bot\api.py", line 140, in make_request
    return check_result(method, response.content_type, response.status, await response.text())
  File "C:\Users\Кадзицу\AppData\Roaming\Python\Python314\site-packages\aiogram\bot\api.py", line 119, in check_result
    exceptions.ConflictError.detect(description)
    ~~~~~~~~~~~~~~~~~~~~~~~~~~~~~~~^^^^^^^^^^^^^
  File "C:\Users\Кадзицу\AppData\Roaming\Python\Python314\site-packages\aiogram\utils\exceptions.py", line 140, in detect
    raise err(cls.text or description)
aiogram.utils.exceptions.TerminatedByOtherGetUpdates: Terminated by other getupdates request; make sure that only one bot instance is running
04/09/2026 08:51:20 AM : dispatcher.py line - 378 : start_polling : aiogram.dispatcher.dispatcher : ERROR : Cause exception while getting updates.
Traceback (most recent call last):
  File "C:\Users\Кадзицу\AppData\Roaming\Python\Python314\site-packages\aiogram\dispatcher\dispatcher.py", line 374, in start_polling
    updates = await self.bot.get_updates(limit=limit, offset=offset, timeout=timeout)
              ^^^^^^^^^^^^^^^^^^^^^^^^^^^^^^^^^^^^^^^^^^^^^^^^^^^^^^^^^^^^^^^^^^^^^^^
  File "C:\Users\Кадзицу\AppData\Roaming\Python\Python314\site-packages\aiogram\bot\bot.py", line 97, in get_updates
    result = await self.request(api.Methods.GET_UPDATES, payload)
             ^^^^^^^^^^^^^^^^^^^^^^^^^^^^^^^^^^^^^^^^^^^^^^^^^^^^
  File "C:\Users\Кадзицу\AppData\Roaming\Python\Python314\site-packages\aiogram\bot\base.py", line 208, in request
    return await api.make_request(self.session, self.server, self.__token, method, data, files,
           ^^^^^^^^^^^^^^^^^^^^^^^^^^^^^^^^^^^^^^^^^^^^^^^^^^^^^^^^^^^^^^^^^^^^^^^^^^^^^^^^^^^^
                                  proxy=self.proxy, proxy_auth=self.proxy_auth, timeout=self.timeout, **kwargs)
                                  ^^^^^^^^^^^^^^^^^^^^^^^^^^^^^^^^^^^^^^^^^^^^^^^^^^^^^^^^^^^^^^^^^^^^^^^^^^^^^
  File "C:\Users\Кадзицу\AppData\Roaming\Python\Python314\site-packages\aiogram\bot\api.py", line 140, in make_request
    return check_result(method, response.content_type, response.status, await response.text())
  File "C:\Users\Кадзицу\AppData\Roaming\Python\Python314\site-packages\aiogram\bot\api.py", line 119, in check_result
    exceptions.ConflictError.detect(description)
    ~~~~~~~~~~~~~~~~~~~~~~~~~~~~~~~^^^^^^^^^^^^^
  File "C:\Users\Кадзицу\AppData\Roaming\Python\Python314\site-packages\aiogram\utils\exceptions.py", line 140, in detect
    raise err(cls.text or description)
aiogram.utils.exceptions.TerminatedByOtherGetUpdates: Terminated by other getupdates request; make sure that only one bot instance is running
04/09/2026 08:51:24 AM : dispatcher.py line - 421 : stop_polling : aiogram.dispatcher.dispatcher : INFO : Stop polling...
04/09/2026 08:51:24 AM : dispatcher.py line - 378 : start_polling : aiogram.dispatcher.dispatcher : ERROR : Cause exception while getting updates.
Traceback (most recent call last):
  File "C:\Users\Кадзицу\AppData\Roaming\Python\Python314\site-packages\aiogram\bot\api.py", line 139, in make_request
    async with session.post(url, data=req, **kwargs) as response:
               ~~~~~~~~~~~~^^^^^^^^^^^^^^^^^^^^^^^^^
  File "C:\Users\Кадзицу\AppData\Roaming\Python\Python314\site-packages\aiohttp\client.py", line 1510, in __aenter__
    self._resp: _RetType = await self._coro
                           ^^^^^^^^^^^^^^^^
  File "C:\Users\Кадзицу\AppData\Roaming\Python\Python314\site-packages\aiohttp\client.py", line 779, in _request
    resp = await handler(req)
           ^^^^^^^^^^^^^^^^^^
  File "C:\Users\Кадзицу\AppData\Roaming\Python\Python314\site-packages\aiohttp\client.py", line 757, in _connect_and_send_request
    await resp.start(conn)
  File "C:\Users\Кадзицу\AppData\Roaming\Python\Python314\site-packages\aiohttp\client_reqrep.py", line 539, in start
    message, payload = await protocol.read()  # type: ignore[union-attr]
                       ^^^^^^^^^^^^^^^^^^^^^
  File "C:\Users\Кадзицу\AppData\Roaming\Python\Python314\site-packages\aiohttp\streams.py", line 703, in read
    await self._waiter
aiohttp.client_exceptions.ServerDisconnectedError: Server disconnected

During handling of the above exception, another exception occurred:

Traceback (most recent call last):
  File "C:\Users\Кадзицу\AppData\Roaming\Python\Python314\site-packages\aiogram\dispatcher\dispatcher.py", line 374, in start_polling
    updates = await self.bot.get_updates(limit=limit, offset=offset, timeout=timeout)
              ^^^^^^^^^^^^^^^^^^^^^^^^^^^^^^^^^^^^^^^^^^^^^^^^^^^^^^^^^^^^^^^^^^^^^^^
  File "C:\Users\Кадзицу\AppData\Roaming\Python\Python314\site-packages\aiogram\bot\bot.py", line 97, in get_updates
    result = await self.request(api.Methods.GET_UPDATES, payload)
             ^^^^^^^^^^^^^^^^^^^^^^^^^^^^^^^^^^^^^^^^^^^^^^^^^^^^
  File "C:\Users\Кадзицу\AppData\Roaming\Python\Python314\site-packages\aiogram\bot\base.py", line 208, in request
    return await api.make_request(self.session, self.server, self.__token, method, data, files,
           ^^^^^^^^^^^^^^^^^^^^^^^^^^^^^^^^^^^^^^^^^^^^^^^^^^^^^^^^^^^^^^^^^^^^^^^^^^^^^^^^^^^^
                                  proxy=self.proxy, proxy_auth=self.proxy_auth, timeout=self.timeout, **kwargs)
                                  ^^^^^^^^^^^^^^^^^^^^^^^^^^^^^^^^^^^^^^^^^^^^^^^^^^^^^^^^^^^^^^^^^^^^^^^^^^^^^
  File "C:\Users\Кадзицу\AppData\Roaming\Python\Python314\site-packages\aiogram\bot\api.py", line 142, in make_request
    raise exceptions.NetworkError(f"aiohttp client throws an error: {e.__class__.__name__}: {e}")
aiogram.utils.exceptions.NetworkError: Aiohttp client throws an error: ServerDisconnectedError: Server disconnected
04/09/2026 08:51:24 AM : executor.py line - 318 : start_polling : aiogram : WARNING : Goodbye!
04/09/2026 08:51:44 AM : executor.py line - 351 : _welcome : aiogram : INFO : Bot: Kitsune Shop [@egefergre_bot]
04/09/2026 08:51:44 AM : notify_admins.py line - 14 : on_startup_notify : root : ERROR : Chat not found
Traceback (most recent call last):
  File "C:\Users\Кадзицу\Desktop\cartel_auto\utils\notify_admins.py", line 11, in on_startup_notify
    await dp.bot.send_message(admin, "Бот Запущен")
  File "C:\Users\Кадзицу\AppData\Roaming\Python\Python314\site-packages\aiogram\bot\bot.py", line 318, in send_message
    result = await self.request(api.Methods.SEND_MESSAGE, payload)
             ^^^^^^^^^^^^^^^^^^^^^^^^^^^^^^^^^^^^^^^^^^^^^^^^^^^^^
  File "C:\Users\Кадзицу\AppData\Roaming\Python\Python314\site-packages\aiogram\bot\base.py", line 208, in request
    return await api.make_request(self.session, self.server, self.__token, method, data, files,
           ^^^^^^^^^^^^^^^^^^^^^^^^^^^^^^^^^^^^^^^^^^^^^^^^^^^^^^^^^^^^^^^^^^^^^^^^^^^^^^^^^^^^
                                  proxy=self.proxy, proxy_auth=self.proxy_auth, timeout=self.timeout, **kwargs)
                                  ^^^^^^^^^^^^^^^^^^^^^^^^^^^^^^^^^^^^^^^^^^^^^^^^^^^^^^^^^^^^^^^^^^^^^^^^^^^^^
  File "C:\Users\Кадзицу\AppData\Roaming\Python\Python314\site-packages\aiogram\bot\api.py", line 140, in make_request
    return check_result(method, response.content_type, response.status, await response.text())
  File "C:\Users\Кадзицу\AppData\Roaming\Python\Python314\site-packages\aiogram\bot\api.py", line 115, in check_result
    exceptions.BadRequest.detect(description)
    ~~~~~~~~~~~~~~~~~~~~~~~~~~~~^^^^^^^^^^^^^
  File "C:\Users\Кадзицу\AppData\Roaming\Python\Python314\site-packages\aiogram\utils\exceptions.py", line 140, in detect
    raise err(cls.text or description)
aiogram.utils.exceptions.ChatNotFound: Chat not found
04/09/2026 08:51:44 AM : dispatcher.py line - 351 : start_polling : aiogram.dispatcher.dispatcher : INFO : Start polling.
04/09/2026 08:51:45 AM : dispatcher.py line - 378 : start_polling : aiogram.dispatcher.dispatcher : ERROR : Cause exception while getting updates.
Traceback (most recent call last):
  File "C:\Users\Кадзицу\AppData\Roaming\Python\Python314\site-packages\aiogram\dispatcher\dispatcher.py", line 374, in start_polling
    updates = await self.bot.get_updates(limit=limit, offset=offset, timeout=timeout)
              ^^^^^^^^^^^^^^^^^^^^^^^^^^^^^^^^^^^^^^^^^^^^^^^^^^^^^^^^^^^^^^^^^^^^^^^
  File "C:\Users\Кадзицу\AppData\Roaming\Python\Python314\site-packages\aiogram\bot\bot.py", line 97, in get_updates
    result = await self.request(api.Methods.GET_UPDATES, payload)
             ^^^^^^^^^^^^^^^^^^^^^^^^^^^^^^^^^^^^^^^^^^^^^^^^^^^^
  File "C:\Users\Кадзицу\AppData\Roaming\Python\Python314\site-packages\aiogram\bot\base.py", line 208, in request
    return await api.make_request(self.session, self.server, self.__token, method, data, files,
           ^^^^^^^^^^^^^^^^^^^^^^^^^^^^^^^^^^^^^^^^^^^^^^^^^^^^^^^^^^^^^^^^^^^^^^^^^^^^^^^^^^^^
                                  proxy=self.proxy, proxy_auth=self.proxy_auth, timeout=self.timeout, **kwargs)
                                  ^^^^^^^^^^^^^^^^^^^^^^^^^^^^^^^^^^^^^^^^^^^^^^^^^^^^^^^^^^^^^^^^^^^^^^^^^^^^^
  File "C:\Users\Кадзицу\AppData\Roaming\Python\Python314\site-packages\aiogram\bot\api.py", line 140, in make_request
    return check_result(method, response.content_type, response.status, await response.text())
  File "C:\Users\Кадзицу\AppData\Roaming\Python\Python314\site-packages\aiogram\bot\api.py", line 119, in check_result
    exceptions.ConflictError.detect(description)
    ~~~~~~~~~~~~~~~~~~~~~~~~~~~~~~~^^^^^^^^^^^^^
  File "C:\Users\Кадзицу\AppData\Roaming\Python\Python314\site-packages\aiogram\utils\exceptions.py", line 140, in detect
    raise err(cls.text or description)
aiogram.utils.exceptions.TerminatedByOtherGetUpdates: Terminated by other getupdates request; make sure that only one bot instance is running
04/09/2026 08:51:47 AM : error_handler.py line - 65 : errors_handler : root : ERROR : Update: <aiogram.types.update.Update object at 0x000002087848B620> 
Value should be instance of 'User' not 'NoneType'
Traceback (most recent call last):
  File "C:\Users\Кадзицу\AppData\Roaming\Python\Python314\site-packages\aiogram\dispatcher\dispatcher.py", line 298, in process_update
    types.User.set_current(update.my_chat_member.from_user)
    ~~~~~~~~~~~~~~~~~~~~~~^^^^^^^^^^^^^^^^^^^^^^^^^^^^^^^^^
  File "C:\Users\Кадзицу\AppData\Roaming\Python\Python314\site-packages\aiogram\utils\mixins.py", line 49, in set_current
    raise TypeError(f'Value should be instance of {cls.__name__!r} not {type(value).__name__!r}')
TypeError: Value should be instance of 'User' not 'NoneType'
04/09/2026 08:51:47 AM : base_events.py line - 1875 : default_exception_handler : asyncio : ERROR : Task exception was never retrieved
future: <Task finished name='Task-9' coro=<Dispatcher._process_polling_updates() done, defined at C:\Users\Кадзицу\AppData\Roaming\Python\Python314\site-packages\aiogram\dispatcher\dispatcher.py:395> exception=TypeError("Value should be instance of 'User' not 'NoneType'")>
Traceback (most recent call last):
  File "C:\Users\Кадзицу\AppData\Roaming\Python\Python314\site-packages\aiogram\dispatcher\dispatcher.py", line 403, in _process_polling_updates
    for responses in itertools.chain.from_iterable(await self.process_updates(updates, fast)):
                                                   ^^^^^^^^^^^^^^^^^^^^^^^^^^^^^^^^^^^^^^^^^
  File "C:\Users\Кадзицу\AppData\Roaming\Python\Python314\site-packages\aiogram\dispatcher\dispatcher.py", line 232, in process_updates
    return await asyncio.gather(*tasks)
           ^^^^^^^^^^^^^^^^^^^^^^^^^^^^
  File "C:\Users\Кадзицу\AppData\Roaming\Python\Python314\site-packages\aiogram\dispatcher\handler.py", line 117, in notify
    response = await handler_obj.handler(*args, **partial_data)
               ^^^^^^^^^^^^^^^^^^^^^^^^^^^^^^^^^^^^^^^^^^^^^^^^
  File "C:\Users\Кадзицу\AppData\Roaming\Python\Python314\site-packages\aiogram\dispatcher\dispatcher.py", line 298, in process_update
    types.User.set_current(update.my_chat_member.from_user)
    ~~~~~~~~~~~~~~~~~~~~~~^^^^^^^^^^^^^^^^^^^^^^^^^^^^^^^^^
  File "C:\Users\Кадзицу\AppData\Roaming\Python\Python314\site-packages\aiogram\utils\mixins.py", line 49, in set_current
    raise TypeError(f'Value should be instance of {cls.__name__!r} not {type(value).__name__!r}')
TypeError: Value should be instance of 'User' not 'NoneType'
04/09/2026 08:51:48 AM : error_handler.py line - 65 : errors_handler : root : ERROR : Update: <aiogram.types.update.Update object at 0x000002087845B750> 
Value should be instance of 'User' not 'NoneType'
Traceback (most recent call last):
  File "C:\Users\Кадзицу\AppData\Roaming\Python\Python314\site-packages\aiogram\dispatcher\dispatcher.py", line 298, in process_update
    types.User.set_current(update.my_chat_member.from_user)
    ~~~~~~~~~~~~~~~~~~~~~~^^^^^^^^^^^^^^^^^^^^^^^^^^^^^^^^^
  File "C:\Users\Кадзицу\AppData\Roaming\Python\Python314\site-packages\aiogram\utils\mixins.py", line 49, in set_current
    raise TypeError(f'Value should be instance of {cls.__name__!r} not {type(value).__name__!r}')
TypeError: Value should be instance of 'User' not 'NoneType'
04/09/2026 08:51:48 AM : base_events.py line - 1875 : default_exception_handler : asyncio : ERROR : Task exception was never retrieved
future: <Task finished name='Task-12' coro=<Dispatcher._process_polling_updates() done, defined at C:\Users\Кадзицу\AppData\Roaming\Python\Python314\site-packages\aiogram\dispatcher\dispatcher.py:395> exception=TypeError("Value should be instance of 'User' not 'NoneType'")>
Traceback (most recent call last):
  File "C:\Users\Кадзицу\AppData\Roaming\Python\Python314\site-packages\aiogram\dispatcher\dispatcher.py", line 403, in _process_polling_updates
    for responses in itertools.chain.from_iterable(await self.process_updates(updates, fast)):
                                                   ^^^^^^^^^^^^^^^^^^^^^^^^^^^^^^^^^^^^^^^^^
  File "C:\Users\Кадзицу\AppData\Roaming\Python\Python314\site-packages\aiogram\dispatcher\dispatcher.py", line 232, in process_updates
    return await asyncio.gather(*tasks)
           ^^^^^^^^^^^^^^^^^^^^^^^^^^^^
  File "C:\Users\Кадзицу\AppData\Roaming\Python\Python314\site-packages\aiogram\dispatcher\handler.py", line 117, in notify
    response = await handler_obj.handler(*args, **partial_data)
               ^^^^^^^^^^^^^^^^^^^^^^^^^^^^^^^^^^^^^^^^^^^^^^^^
  File "C:\Users\Кадзицу\AppData\Roaming\Python\Python314\site-packages\aiogram\dispatcher\dispatcher.py", line 298, in process_update
    types.User.set_current(update.my_chat_member.from_user)
    ~~~~~~~~~~~~~~~~~~~~~~^^^^^^^^^^^^^^^^^^^^^^^^^^^^^^^^^
  File "C:\Users\Кадзицу\AppData\Roaming\Python\Python314\site-packages\aiogram\utils\mixins.py", line 49, in set_current
    raise TypeError(f'Value should be instance of {cls.__name__!r} not {type(value).__name__!r}')
TypeError: Value should be instance of 'User' not 'NoneType'
04/09/2026 08:51:50 AM : dispatcher.py line - 378 : start_polling : aiogram.dispatcher.dispatcher : ERROR : Cause exception while getting updates.
Traceback (most recent call last):
  File "C:\Users\Кадзицу\AppData\Roaming\Python\Python314\site-packages\aiogram\dispatcher\dispatcher.py", line 374, in start_polling
    updates = await self.bot.get_updates(limit=limit, offset=offset, timeout=timeout)
              ^^^^^^^^^^^^^^^^^^^^^^^^^^^^^^^^^^^^^^^^^^^^^^^^^^^^^^^^^^^^^^^^^^^^^^^
  File "C:\Users\Кадзицу\AppData\Roaming\Python\Python314\site-packages\aiogram\bot\bot.py", line 97, in get_updates
    result = await self.request(api.Methods.GET_UPDATES, payload)
             ^^^^^^^^^^^^^^^^^^^^^^^^^^^^^^^^^^^^^^^^^^^^^^^^^^^^
  File "C:\Users\Кадзицу\AppData\Roaming\Python\Python314\site-packages\aiogram\bot\base.py", line 208, in request
    return await api.make_request(self.session, self.server, self.__token, method, data, files,
           ^^^^^^^^^^^^^^^^^^^^^^^^^^^^^^^^^^^^^^^^^^^^^^^^^^^^^^^^^^^^^^^^^^^^^^^^^^^^^^^^^^^^
                                  proxy=self.proxy, proxy_auth=self.proxy_auth, timeout=self.timeout, **kwargs)
                                  ^^^^^^^^^^^^^^^^^^^^^^^^^^^^^^^^^^^^^^^^^^^^^^^^^^^^^^^^^^^^^^^^^^^^^^^^^^^^^
  File "C:\Users\Кадзицу\AppData\Roaming\Python\Python314\site-packages\aiogram\bot\api.py", line 140, in make_request
    return check_result(method, response.content_type, response.status, await response.text())
  File "C:\Users\Кадзицу\AppData\Roaming\Python\Python314\site-packages\aiogram\bot\api.py", line 119, in check_result
    exceptions.ConflictError.detect(description)
    ~~~~~~~~~~~~~~~~~~~~~~~~~~~~~~~^^^^^^^^^^^^^
  File "C:\Users\Кадзицу\AppData\Roaming\Python\Python314\site-packages\aiogram\utils\exceptions.py", line 140, in detect
    raise err(cls.text or description)
aiogram.utils.exceptions.TerminatedByOtherGetUpdates: Terminated by other getupdates request; make sure that only one bot instance is running
04/09/2026 08:51:55 AM : dispatcher.py line - 378 : start_polling : aiogram.dispatcher.dispatcher : ERROR : Cause exception while getting updates.
Traceback (most recent call last):
  File "C:\Users\Кадзицу\AppData\Roaming\Python\Python314\site-packages\aiogram\dispatcher\dispatcher.py", line 374, in start_polling
    updates = await self.bot.get_updates(limit=limit, offset=offset, timeout=timeout)
              ^^^^^^^^^^^^^^^^^^^^^^^^^^^^^^^^^^^^^^^^^^^^^^^^^^^^^^^^^^^^^^^^^^^^^^^
  File "C:\Users\Кадзицу\AppData\Roaming\Python\Python314\site-packages\aiogram\bot\bot.py", line 97, in get_updates
    result = await self.request(api.Methods.GET_UPDATES, payload)
             ^^^^^^^^^^^^^^^^^^^^^^^^^^^^^^^^^^^^^^^^^^^^^^^^^^^^
  File "C:\Users\Кадзицу\AppData\Roaming\Python\Python314\site-packages\aiogram\bot\base.py", line 208, in request
    return await api.make_request(self.session, self.server, self.__token, method, data, files,
           ^^^^^^^^^^^^^^^^^^^^^^^^^^^^^^^^^^^^^^^^^^^^^^^^^^^^^^^^^^^^^^^^^^^^^^^^^^^^^^^^^^^^
                                  proxy=self.proxy, proxy_auth=self.proxy_auth, timeout=self.timeout, **kwargs)
                                  ^^^^^^^^^^^^^^^^^^^^^^^^^^^^^^^^^^^^^^^^^^^^^^^^^^^^^^^^^^^^^^^^^^^^^^^^^^^^^
  File "C:\Users\Кадзицу\AppData\Roaming\Python\Python314\site-packages\aiogram\bot\api.py", line 140, in make_request
    return check_result(method, response.content_type, response.status, await response.text())
  File "C:\Users\Кадзицу\AppData\Roaming\Python\Python314\site-packages\aiogram\bot\api.py", line 119, in check_result
    exceptions.ConflictError.detect(description)
    ~~~~~~~~~~~~~~~~~~~~~~~~~~~~~~~^^^^^^^^^^^^^
  File "C:\Users\Кадзицу\AppData\Roaming\Python\Python314\site-packages\aiogram\utils\exceptions.py", line 140, in detect
    raise err(cls.text or description)
aiogram.utils.exceptions.TerminatedByOtherGetUpdates: Terminated by other getupdates request; make sure that only one bot instance is running
04/09/2026 08:52:00 AM : dispatcher.py line - 378 : start_polling : aiogram.dispatcher.dispatcher : ERROR : Cause exception while getting updates.
Traceback (most recent call last):
  File "C:\Users\Кадзицу\AppData\Roaming\Python\Python314\site-packages\aiogram\dispatcher\dispatcher.py", line 374, in start_polling
    updates = await self.bot.get_updates(limit=limit, offset=offset, timeout=timeout)
              ^^^^^^^^^^^^^^^^^^^^^^^^^^^^^^^^^^^^^^^^^^^^^^^^^^^^^^^^^^^^^^^^^^^^^^^
  File "C:\Users\Кадзицу\AppData\Roaming\Python\Python314\site-packages\aiogram\bot\bot.py", line 97, in get_updates
    result = await self.request(api.Methods.GET_UPDATES, payload)
             ^^^^^^^^^^^^^^^^^^^^^^^^^^^^^^^^^^^^^^^^^^^^^^^^^^^^
  File "C:\Users\Кадзицу\AppData\Roaming\Python\Python314\site-packages\aiogram\bot\base.py", line 208, in request
    return await api.make_request(self.session, self.server, self.__token, method, data, files,
           ^^^^^^^^^^^^^^^^^^^^^^^^^^^^^^^^^^^^^^^^^^^^^^^^^^^^^^^^^^^^^^^^^^^^^^^^^^^^^^^^^^^^
                                  proxy=self.proxy, proxy_auth=self.proxy_auth, timeout=self.timeout, **kwargs)
                                  ^^^^^^^^^^^^^^^^^^^^^^^^^^^^^^^^^^^^^^^^^^^^^^^^^^^^^^^^^^^^^^^^^^^^^^^^^^^^^
  File "C:\Users\Кадзицу\AppData\Roaming\Python\Python314\site-packages\aiogram\bot\api.py", line 140, in make_request
    return check_result(method, response.content_type, response.status, await response.text())
  File "C:\Users\Кадзицу\AppData\Roaming\Python\Python314\site-packages\aiogram\bot\api.py", line 119, in check_result
    exceptions.ConflictError.detect(description)
    ~~~~~~~~~~~~~~~~~~~~~~~~~~~~~~~^^^^^^^^^^^^^
  File "C:\Users\Кадзицу\AppData\Roaming\Python\Python314\site-packages\aiogram\utils\exceptions.py", line 140, in detect
    raise err(cls.text or description)
aiogram.utils.exceptions.TerminatedByOtherGetUpdates: Terminated by other getupdates request; make sure that only one bot instance is running
04/09/2026 08:52:06 AM : dispatcher.py line - 378 : start_polling : aiogram.dispatcher.dispatcher : ERROR : Cause exception while getting updates.
Traceback (most recent call last):
  File "C:\Users\Кадзицу\AppData\Roaming\Python\Python314\site-packages\aiogram\dispatcher\dispatcher.py", line 374, in start_polling
    updates = await self.bot.get_updates(limit=limit, offset=offset, timeout=timeout)
              ^^^^^^^^^^^^^^^^^^^^^^^^^^^^^^^^^^^^^^^^^^^^^^^^^^^^^^^^^^^^^^^^^^^^^^^
  File "C:\Users\Кадзицу\AppData\Roaming\Python\Python314\site-packages\aiogram\bot\bot.py", line 97, in get_updates
    result = await self.request(api.Methods.GET_UPDATES, payload)
             ^^^^^^^^^^^^^^^^^^^^^^^^^^^^^^^^^^^^^^^^^^^^^^^^^^^^
  File "C:\Users\Кадзицу\AppData\Roaming\Python\Python314\site-packages\aiogram\bot\base.py", line 208, in request
    return await api.make_request(self.session, self.server, self.__token, method, data, files,
           ^^^^^^^^^^^^^^^^^^^^^^^^^^^^^^^^^^^^^^^^^^^^^^^^^^^^^^^^^^^^^^^^^^^^^^^^^^^^^^^^^^^^
                                  proxy=self.proxy, proxy_auth=self.proxy_auth, timeout=self.timeout, **kwargs)
                                  ^^^^^^^^^^^^^^^^^^^^^^^^^^^^^^^^^^^^^^^^^^^^^^^^^^^^^^^^^^^^^^^^^^^^^^^^^^^^^
  File "C:\Users\Кадзицу\AppData\Roaming\Python\Python314\site-packages\aiogram\bot\api.py", line 140, in make_request
    return check_result(method, response.content_type, response.status, await response.text())
  File "C:\Users\Кадзицу\AppData\Roaming\Python\Python314\site-packages\aiogram\bot\api.py", line 119, in check_result
    exceptions.ConflictError.detect(description)
    ~~~~~~~~~~~~~~~~~~~~~~~~~~~~~~~^^^^^^^^^^^^^
  File "C:\Users\Кадзицу\AppData\Roaming\Python\Python314\site-packages\aiogram\utils\exceptions.py", line 140, in detect
    raise err(cls.text or description)
aiogram.utils.exceptions.TerminatedByOtherGetUpdates: Terminated by other getupdates request; make sure that only one bot instance is running
04/09/2026 08:52:11 AM : dispatcher.py line - 378 : start_polling : aiogram.dispatcher.dispatcher : ERROR : Cause exception while getting updates.
Traceback (most recent call last):
  File "C:\Users\Кадзицу\AppData\Roaming\Python\Python314\site-packages\aiogram\dispatcher\dispatcher.py", line 374, in start_polling
    updates = await self.bot.get_updates(limit=limit, offset=offset, timeout=timeout)
              ^^^^^^^^^^^^^^^^^^^^^^^^^^^^^^^^^^^^^^^^^^^^^^^^^^^^^^^^^^^^^^^^^^^^^^^
  File "C:\Users\Кадзицу\AppData\Roaming\Python\Python314\site-packages\aiogram\bot\bot.py", line 97, in get_updates
    result = await self.request(api.Methods.GET_UPDATES, payload)
             ^^^^^^^^^^^^^^^^^^^^^^^^^^^^^^^^^^^^^^^^^^^^^^^^^^^^
  File "C:\Users\Кадзицу\AppData\Roaming\Python\Python314\site-packages\aiogram\bot\base.py", line 208, in request
    return await api.make_request(self.session, self.server, self.__token, method, data, files,
           ^^^^^^^^^^^^^^^^^^^^^^^^^^^^^^^^^^^^^^^^^^^^^^^^^^^^^^^^^^^^^^^^^^^^^^^^^^^^^^^^^^^^
                                  proxy=self.proxy, proxy_auth=self.proxy_auth, timeout=self.timeout, **kwargs)
                                  ^^^^^^^^^^^^^^^^^^^^^^^^^^^^^^^^^^^^^^^^^^^^^^^^^^^^^^^^^^^^^^^^^^^^^^^^^^^^^
  File "C:\Users\Кадзицу\AppData\Roaming\Python\Python314\site-packages\aiogram\bot\api.py", line 140, in make_request
    return check_result(method, response.content_type, response.status, await response.text())
  File "C:\Users\Кадзицу\AppData\Roaming\Python\Python314\site-packages\aiogram\bot\api.py", line 119, in check_result
    exceptions.ConflictError.detect(description)
    ~~~~~~~~~~~~~~~~~~~~~~~~~~~~~~~^^^^^^^^^^^^^
  File "C:\Users\Кадзицу\AppData\Roaming\Python\Python314\site-packages\aiogram\utils\exceptions.py", line 140, in detect
    raise err(cls.text or description)
aiogram.utils.exceptions.TerminatedByOtherGetUpdates: Terminated by other getupdates request; make sure that only one bot instance is running
04/09/2026 08:52:16 AM : dispatcher.py line - 378 : start_polling : aiogram.dispatcher.dispatcher : ERROR : Cause exception while getting updates.
Traceback (most recent call last):
  File "C:\Users\Кадзицу\AppData\Roaming\Python\Python314\site-packages\aiogram\dispatcher\dispatcher.py", line 374, in start_polling
    updates = await self.bot.get_updates(limit=limit, offset=offset, timeout=timeout)
              ^^^^^^^^^^^^^^^^^^^^^^^^^^^^^^^^^^^^^^^^^^^^^^^^^^^^^^^^^^^^^^^^^^^^^^^
  File "C:\Users\Кадзицу\AppData\Roaming\Python\Python314\site-packages\aiogram\bot\bot.py", line 97, in get_updates
    result = await self.request(api.Methods.GET_UPDATES, payload)
             ^^^^^^^^^^^^^^^^^^^^^^^^^^^^^^^^^^^^^^^^^^^^^^^^^^^^
  File "C:\Users\Кадзицу\AppData\Roaming\Python\Python314\site-packages\aiogram\bot\base.py", line 208, in request
    return await api.make_request(self.session, self.server, self.__token, method, data, files,
           ^^^^^^^^^^^^^^^^^^^^^^^^^^^^^^^^^^^^^^^^^^^^^^^^^^^^^^^^^^^^^^^^^^^^^^^^^^^^^^^^^^^^
                                  proxy=self.proxy, proxy_auth=self.proxy_auth, timeout=self.timeout, **kwargs)
                                  ^^^^^^^^^^^^^^^^^^^^^^^^^^^^^^^^^^^^^^^^^^^^^^^^^^^^^^^^^^^^^^^^^^^^^^^^^^^^^
  File "C:\Users\Кадзицу\AppData\Roaming\Python\Python314\site-packages\aiogram\bot\api.py", line 140, in make_request
    return check_result(method, response.content_type, response.status, await response.text())
  File "C:\Users\Кадзицу\AppData\Roaming\Python\Python314\site-packages\aiogram\bot\api.py", line 119, in check_result
    exceptions.ConflictError.detect(description)
    ~~~~~~~~~~~~~~~~~~~~~~~~~~~~~~~^^^^^^^^^^^^^
  File "C:\Users\Кадзицу\AppData\Roaming\Python\Python314\site-packages\aiogram\utils\exceptions.py", line 140, in detect
    raise err(cls.text or description)
aiogram.utils.exceptions.TerminatedByOtherGetUpdates: Terminated by other getupdates request; make sure that only one bot instance is running
04/09/2026 08:52:21 AM : dispatcher.py line - 378 : start_polling : aiogram.dispatcher.dispatcher : ERROR : Cause exception while getting updates.
Traceback (most recent call last):
  File "C:\Users\Кадзицу\AppData\Roaming\Python\Python314\site-packages\aiogram\dispatcher\dispatcher.py", line 374, in start_polling
    updates = await self.bot.get_updates(limit=limit, offset=offset, timeout=timeout)
              ^^^^^^^^^^^^^^^^^^^^^^^^^^^^^^^^^^^^^^^^^^^^^^^^^^^^^^^^^^^^^^^^^^^^^^^
  File "C:\Users\Кадзицу\AppData\Roaming\Python\Python314\site-packages\aiogram\bot\bot.py", line 97, in get_updates
    result = await self.request(api.Methods.GET_UPDATES, payload)
             ^^^^^^^^^^^^^^^^^^^^^^^^^^^^^^^^^^^^^^^^^^^^^^^^^^^^
  File "C:\Users\Кадзицу\AppData\Roaming\Python\Python314\site-packages\aiogram\bot\base.py", line 208, in request
    return await api.make_request(self.session, self.server, self.__token, method, data, files,
           ^^^^^^^^^^^^^^^^^^^^^^^^^^^^^^^^^^^^^^^^^^^^^^^^^^^^^^^^^^^^^^^^^^^^^^^^^^^^^^^^^^^^
                                  proxy=self.proxy, proxy_auth=self.proxy_auth, timeout=self.timeout, **kwargs)
                                  ^^^^^^^^^^^^^^^^^^^^^^^^^^^^^^^^^^^^^^^^^^^^^^^^^^^^^^^^^^^^^^^^^^^^^^^^^^^^^
  File "C:\Users\Кадзицу\AppData\Roaming\Python\Python314\site-packages\aiogram\bot\api.py", line 140, in make_request
    return check_result(method, response.content_type, response.status, await response.text())
  File "C:\Users\Кадзицу\AppData\Roaming\Python\Python314\site-packages\aiogram\bot\api.py", line 119, in check_result
    exceptions.ConflictError.detect(description)
    ~~~~~~~~~~~~~~~~~~~~~~~~~~~~~~~^^^^^^^^^^^^^
  File "C:\Users\Кадзицу\AppData\Roaming\Python\Python314\site-packages\aiogram\utils\exceptions.py", line 140, in detect
    raise err(cls.text or description)
aiogram.utils.exceptions.TerminatedByOtherGetUpdates: Terminated by other getupdates request; make sure that only one bot instance is running
04/09/2026 08:52:27 AM : dispatcher.py line - 378 : start_polling : aiogram.dispatcher.dispatcher : ERROR : Cause exception while getting updates.
Traceback (most recent call last):
  File "C:\Users\Кадзицу\AppData\Roaming\Python\Python314\site-packages\aiogram\dispatcher\dispatcher.py", line 374, in start_polling
    updates = await self.bot.get_updates(limit=limit, offset=offset, timeout=timeout)
              ^^^^^^^^^^^^^^^^^^^^^^^^^^^^^^^^^^^^^^^^^^^^^^^^^^^^^^^^^^^^^^^^^^^^^^^
  File "C:\Users\Кадзицу\AppData\Roaming\Python\Python314\site-packages\aiogram\bot\bot.py", line 97, in get_updates
    result = await self.request(api.Methods.GET_UPDATES, payload)
             ^^^^^^^^^^^^^^^^^^^^^^^^^^^^^^^^^^^^^^^^^^^^^^^^^^^^
  File "C:\Users\Кадзицу\AppData\Roaming\Python\Python314\site-packages\aiogram\bot\base.py", line 208, in request
    return await api.make_request(self.session, self.server, self.__token, method, data, files,
           ^^^^^^^^^^^^^^^^^^^^^^^^^^^^^^^^^^^^^^^^^^^^^^^^^^^^^^^^^^^^^^^^^^^^^^^^^^^^^^^^^^^^
                                  proxy=self.proxy, proxy_auth=self.proxy_auth, timeout=self.timeout, **kwargs)
                                  ^^^^^^^^^^^^^^^^^^^^^^^^^^^^^^^^^^^^^^^^^^^^^^^^^^^^^^^^^^^^^^^^^^^^^^^^^^^^^
  File "C:\Users\Кадзицу\AppData\Roaming\Python\Python314\site-packages\aiogram\bot\api.py", line 140, in make_request
    return check_result(method, response.content_type, response.status, await response.text())
  File "C:\Users\Кадзицу\AppData\Roaming\Python\Python314\site-packages\aiogram\bot\api.py", line 119, in check_result
    exceptions.ConflictError.detect(description)
    ~~~~~~~~~~~~~~~~~~~~~~~~~~~~~~~^^^^^^^^^^^^^
  File "C:\Users\Кадзицу\AppData\Roaming\Python\Python314\site-packages\aiogram\utils\exceptions.py", line 140, in detect
    raise err(cls.text or description)
aiogram.utils.exceptions.TerminatedByOtherGetUpdates: Terminated by other getupdates request; make sure that only one bot instance is running
04/09/2026 08:52:32 AM : dispatcher.py line - 378 : start_polling : aiogram.dispatcher.dispatcher : ERROR : Cause exception while getting updates.
Traceback (most recent call last):
  File "C:\Users\Кадзицу\AppData\Roaming\Python\Python314\site-packages\aiogram\dispatcher\dispatcher.py", line 374, in start_polling
    updates = await self.bot.get_updates(limit=limit, offset=offset, timeout=timeout)
              ^^^^^^^^^^^^^^^^^^^^^^^^^^^^^^^^^^^^^^^^^^^^^^^^^^^^^^^^^^^^^^^^^^^^^^^
  File "C:\Users\Кадзицу\AppData\Roaming\Python\Python314\site-packages\aiogram\bot\bot.py", line 97, in get_updates
    result = await self.request(api.Methods.GET_UPDATES, payload)
             ^^^^^^^^^^^^^^^^^^^^^^^^^^^^^^^^^^^^^^^^^^^^^^^^^^^^
  File "C:\Users\Кадзицу\AppData\Roaming\Python\Python314\site-packages\aiogram\bot\base.py", line 208, in request
    return await api.make_request(self.session, self.server, self.__token, method, data, files,
           ^^^^^^^^^^^^^^^^^^^^^^^^^^^^^^^^^^^^^^^^^^^^^^^^^^^^^^^^^^^^^^^^^^^^^^^^^^^^^^^^^^^^
                                  proxy=self.proxy, proxy_auth=self.proxy_auth, timeout=self.timeout, **kwargs)
                                  ^^^^^^^^^^^^^^^^^^^^^^^^^^^^^^^^^^^^^^^^^^^^^^^^^^^^^^^^^^^^^^^^^^^^^^^^^^^^^
  File "C:\Users\Кадзицу\AppData\Roaming\Python\Python314\site-packages\aiogram\bot\api.py", line 140, in make_request
    return check_result(method, response.content_type, response.status, await response.text())
  File "C:\Users\Кадзицу\AppData\Roaming\Python\Python314\site-packages\aiogram\bot\api.py", line 119, in check_result
    exceptions.ConflictError.detect(description)
    ~~~~~~~~~~~~~~~~~~~~~~~~~~~~~~~^^^^^^^^^^^^^
  File "C:\Users\Кадзицу\AppData\Roaming\Python\Python314\site-packages\aiogram\utils\exceptions.py", line 140, in detect
    raise err(cls.text or description)
aiogram.utils.exceptions.TerminatedByOtherGetUpdates: Terminated by other getupdates request; make sure that only one bot instance is running
04/09/2026 08:52:37 AM : dispatcher.py line - 378 : start_polling : aiogram.dispatcher.dispatcher : ERROR : Cause exception while getting updates.
Traceback (most recent call last):
  File "C:\Users\Кадзицу\AppData\Roaming\Python\Python314\site-packages\aiogram\dispatcher\dispatcher.py", line 374, in start_polling
    updates = await self.bot.get_updates(limit=limit, offset=offset, timeout=timeout)
              ^^^^^^^^^^^^^^^^^^^^^^^^^^^^^^^^^^^^^^^^^^^^^^^^^^^^^^^^^^^^^^^^^^^^^^^
  File "C:\Users\Кадзицу\AppData\Roaming\Python\Python314\site-packages\aiogram\bot\bot.py", line 97, in get_updates
    result = await self.request(api.Methods.GET_UPDATES, payload)
             ^^^^^^^^^^^^^^^^^^^^^^^^^^^^^^^^^^^^^^^^^^^^^^^^^^^^
  File "C:\Users\Кадзицу\AppData\Roaming\Python\Python314\site-packages\aiogram\bot\base.py", line 208, in request
    return await api.make_request(self.session, self.server, self.__token, method, data, files,
           ^^^^^^^^^^^^^^^^^^^^^^^^^^^^^^^^^^^^^^^^^^^^^^^^^^^^^^^^^^^^^^^^^^^^^^^^^^^^^^^^^^^^
                                  proxy=self.proxy, proxy_auth=self.proxy_auth, timeout=self.timeout, **kwargs)
                                  ^^^^^^^^^^^^^^^^^^^^^^^^^^^^^^^^^^^^^^^^^^^^^^^^^^^^^^^^^^^^^^^^^^^^^^^^^^^^^
  File "C:\Users\Кадзицу\AppData\Roaming\Python\Python314\site-packages\aiogram\bot\api.py", line 140, in make_request
    return check_result(method, response.content_type, response.status, await response.text())
  File "C:\Users\Кадзицу\AppData\Roaming\Python\Python314\site-packages\aiogram\bot\api.py", line 119, in check_result
    exceptions.ConflictError.detect(description)
    ~~~~~~~~~~~~~~~~~~~~~~~~~~~~~~~^^^^^^^^^^^^^
  File "C:\Users\Кадзицу\AppData\Roaming\Python\Python314\site-packages\aiogram\utils\exceptions.py", line 140, in detect
    raise err(cls.text or description)
aiogram.utils.exceptions.TerminatedByOtherGetUpdates: Terminated by other getupdates request; make sure that only one bot instance is running
04/09/2026 08:52:42 AM : dispatcher.py line - 378 : start_polling : aiogram.dispatcher.dispatcher : ERROR : Cause exception while getting updates.
Traceback (most recent call last):
  File "C:\Users\Кадзицу\AppData\Roaming\Python\Python314\site-packages\aiogram\dispatcher\dispatcher.py", line 374, in start_polling
    updates = await self.bot.get_updates(limit=limit, offset=offset, timeout=timeout)
              ^^^^^^^^^^^^^^^^^^^^^^^^^^^^^^^^^^^^^^^^^^^^^^^^^^^^^^^^^^^^^^^^^^^^^^^
  File "C:\Users\Кадзицу\AppData\Roaming\Python\Python314\site-packages\aiogram\bot\bot.py", line 97, in get_updates
    result = await self.request(api.Methods.GET_UPDATES, payload)
             ^^^^^^^^^^^^^^^^^^^^^^^^^^^^^^^^^^^^^^^^^^^^^^^^^^^^
  File "C:\Users\Кадзицу\AppData\Roaming\Python\Python314\site-packages\aiogram\bot\base.py", line 208, in request
    return await api.make_request(self.session, self.server, self.__token, method, data, files,
           ^^^^^^^^^^^^^^^^^^^^^^^^^^^^^^^^^^^^^^^^^^^^^^^^^^^^^^^^^^^^^^^^^^^^^^^^^^^^^^^^^^^^
                                  proxy=self.proxy, proxy_auth=self.proxy_auth, timeout=self.timeout, **kwargs)
                                  ^^^^^^^^^^^^^^^^^^^^^^^^^^^^^^^^^^^^^^^^^^^^^^^^^^^^^^^^^^^^^^^^^^^^^^^^^^^^^
  File "C:\Users\Кадзицу\AppData\Roaming\Python\Python314\site-packages\aiogram\bot\api.py", line 140, in make_request
    return check_result(method, response.content_type, response.status, await response.text())
  File "C:\Users\Кадзицу\AppData\Roaming\Python\Python314\site-packages\aiogram\bot\api.py", line 119, in check_result
    exceptions.ConflictError.detect(description)
    ~~~~~~~~~~~~~~~~~~~~~~~~~~~~~~~^^^^^^^^^^^^^
  File "C:\Users\Кадзицу\AppData\Roaming\Python\Python314\site-packages\aiogram\utils\exceptions.py", line 140, in detect
    raise err(cls.text or description)
aiogram.utils.exceptions.TerminatedByOtherGetUpdates: Terminated by other getupdates request; make sure that only one bot instance is running
04/09/2026 08:52:48 AM : dispatcher.py line - 378 : start_polling : aiogram.dispatcher.dispatcher : ERROR : Cause exception while getting updates.
Traceback (most recent call last):
  File "C:\Users\Кадзицу\AppData\Roaming\Python\Python314\site-packages\aiogram\dispatcher\dispatcher.py", line 374, in start_polling
    updates = await self.bot.get_updates(limit=limit, offset=offset, timeout=timeout)
              ^^^^^^^^^^^^^^^^^^^^^^^^^^^^^^^^^^^^^^^^^^^^^^^^^^^^^^^^^^^^^^^^^^^^^^^
  File "C:\Users\Кадзицу\AppData\Roaming\Python\Python314\site-packages\aiogram\bot\bot.py", line 97, in get_updates
    result = await self.request(api.Methods.GET_UPDATES, payload)
             ^^^^^^^^^^^^^^^^^^^^^^^^^^^^^^^^^^^^^^^^^^^^^^^^^^^^
  File "C:\Users\Кадзицу\AppData\Roaming\Python\Python314\site-packages\aiogram\bot\base.py", line 208, in request
    return await api.make_request(self.session, self.server, self.__token, method, data, files,
           ^^^^^^^^^^^^^^^^^^^^^^^^^^^^^^^^^^^^^^^^^^^^^^^^^^^^^^^^^^^^^^^^^^^^^^^^^^^^^^^^^^^^
                                  proxy=self.proxy, proxy_auth=self.proxy_auth, timeout=self.timeout, **kwargs)
                                  ^^^^^^^^^^^^^^^^^^^^^^^^^^^^^^^^^^^^^^^^^^^^^^^^^^^^^^^^^^^^^^^^^^^^^^^^^^^^^
  File "C:\Users\Кадзицу\AppData\Roaming\Python\Python314\site-packages\aiogram\bot\api.py", line 140, in make_request
    return check_result(method, response.content_type, response.status, await response.text())
  File "C:\Users\Кадзицу\AppData\Roaming\Python\Python314\site-packages\aiogram\bot\api.py", line 119, in check_result
    exceptions.ConflictError.detect(description)
    ~~~~~~~~~~~~~~~~~~~~~~~~~~~~~~~^^^^^^^^^^^^^
  File "C:\Users\Кадзицу\AppData\Roaming\Python\Python314\site-packages\aiogram\utils\exceptions.py", line 140, in detect
    raise err(cls.text or description)
aiogram.utils.exceptions.TerminatedByOtherGetUpdates: Terminated by other getupdates request; make sure that only one bot instance is running
04/09/2026 08:52:53 AM : dispatcher.py line - 378 : start_polling : aiogram.dispatcher.dispatcher : ERROR : Cause exception while getting updates.
Traceback (most recent call last):
  File "C:\Users\Кадзицу\AppData\Roaming\Python\Python314\site-packages\aiogram\dispatcher\dispatcher.py", line 374, in start_polling
    updates = await self.bot.get_updates(limit=limit, offset=offset, timeout=timeout)
              ^^^^^^^^^^^^^^^^^^^^^^^^^^^^^^^^^^^^^^^^^^^^^^^^^^^^^^^^^^^^^^^^^^^^^^^
  File "C:\Users\Кадзицу\AppData\Roaming\Python\Python314\site-packages\aiogram\bot\bot.py", line 97, in get_updates
    result = await self.request(api.Methods.GET_UPDATES, payload)
             ^^^^^^^^^^^^^^^^^^^^^^^^^^^^^^^^^^^^^^^^^^^^^^^^^^^^
  File "C:\Users\Кадзицу\AppData\Roaming\Python\Python314\site-packages\aiogram\bot\base.py", line 208, in request
    return await api.make_request(self.session, self.server, self.__token, method, data, files,
           ^^^^^^^^^^^^^^^^^^^^^^^^^^^^^^^^^^^^^^^^^^^^^^^^^^^^^^^^^^^^^^^^^^^^^^^^^^^^^^^^^^^^
                                  proxy=self.proxy, proxy_auth=self.proxy_auth, timeout=self.timeout, **kwargs)
                                  ^^^^^^^^^^^^^^^^^^^^^^^^^^^^^^^^^^^^^^^^^^^^^^^^^^^^^^^^^^^^^^^^^^^^^^^^^^^^^
  File "C:\Users\Кадзицу\AppData\Roaming\Python\Python314\site-packages\aiogram\bot\api.py", line 140, in make_request
    return check_result(method, response.content_type, response.status, await response.text())
  File "C:\Users\Кадзицу\AppData\Roaming\Python\Python314\site-packages\aiogram\bot\api.py", line 119, in check_result
    exceptions.ConflictError.detect(description)
    ~~~~~~~~~~~~~~~~~~~~~~~~~~~~~~~^^^^^^^^^^^^^
  File "C:\Users\Кадзицу\AppData\Roaming\Python\Python314\site-packages\aiogram\utils\exceptions.py", line 140, in detect
    raise err(cls.text or description)
aiogram.utils.exceptions.TerminatedByOtherGetUpdates: Terminated by other getupdates request; make sure that only one bot instance is running
04/09/2026 08:52:58 AM : dispatcher.py line - 378 : start_polling : aiogram.dispatcher.dispatcher : ERROR : Cause exception while getting updates.
Traceback (most recent call last):
  File "C:\Users\Кадзицу\AppData\Roaming\Python\Python314\site-packages\aiogram\dispatcher\dispatcher.py", line 374, in start_polling
    updates = await self.bot.get_updates(limit=limit, offset=offset, timeout=timeout)
              ^^^^^^^^^^^^^^^^^^^^^^^^^^^^^^^^^^^^^^^^^^^^^^^^^^^^^^^^^^^^^^^^^^^^^^^
  File "C:\Users\Кадзицу\AppData\Roaming\Python\Python314\site-packages\aiogram\bot\bot.py", line 97, in get_updates
    result = await self.request(api.Methods.GET_UPDATES, payload)
             ^^^^^^^^^^^^^^^^^^^^^^^^^^^^^^^^^^^^^^^^^^^^^^^^^^^^
  File "C:\Users\Кадзицу\AppData\Roaming\Python\Python314\site-packages\aiogram\bot\base.py", line 208, in request
    return await api.make_request(self.session, self.server, self.__token, method, data, files,
           ^^^^^^^^^^^^^^^^^^^^^^^^^^^^^^^^^^^^^^^^^^^^^^^^^^^^^^^^^^^^^^^^^^^^^^^^^^^^^^^^^^^^
                                  proxy=self.proxy, proxy_auth=self.proxy_auth, timeout=self.timeout, **kwargs)
                                  ^^^^^^^^^^^^^^^^^^^^^^^^^^^^^^^^^^^^^^^^^^^^^^^^^^^^^^^^^^^^^^^^^^^^^^^^^^^^^
  File "C:\Users\Кадзицу\AppData\Roaming\Python\Python314\site-packages\aiogram\bot\api.py", line 140, in make_request
    return check_result(method, response.content_type, response.status, await response.text())
  File "C:\Users\Кадзицу\AppData\Roaming\Python\Python314\site-packages\aiogram\bot\api.py", line 119, in check_result
    exceptions.ConflictError.detect(description)
    ~~~~~~~~~~~~~~~~~~~~~~~~~~~~~~~^^^^^^^^^^^^^
  File "C:\Users\Кадзицу\AppData\Roaming\Python\Python314\site-packages\aiogram\utils\exceptions.py", line 140, in detect
    raise err(cls.text or description)
aiogram.utils.exceptions.TerminatedByOtherGetUpdates: Terminated by other getupdates request; make sure that only one bot instance is running
04/09/2026 08:53:03 AM : dispatcher.py line - 378 : start_polling : aiogram.dispatcher.dispatcher : ERROR : Cause exception while getting updates.
Traceback (most recent call last):
  File "C:\Users\Кадзицу\AppData\Roaming\Python\Python314\site-packages\aiogram\dispatcher\dispatcher.py", line 374, in start_polling
    updates = await self.bot.get_updates(limit=limit, offset=offset, timeout=timeout)
              ^^^^^^^^^^^^^^^^^^^^^^^^^^^^^^^^^^^^^^^^^^^^^^^^^^^^^^^^^^^^^^^^^^^^^^^
  File "C:\Users\Кадзицу\AppData\Roaming\Python\Python314\site-packages\aiogram\bot\bot.py", line 97, in get_updates
    result = await self.request(api.Methods.GET_UPDATES, payload)
             ^^^^^^^^^^^^^^^^^^^^^^^^^^^^^^^^^^^^^^^^^^^^^^^^^^^^
  File "C:\Users\Кадзицу\AppData\Roaming\Python\Python314\site-packages\aiogram\bot\base.py", line 208, in request
    return await api.make_request(self.session, self.server, self.__token, method, data, files,
           ^^^^^^^^^^^^^^^^^^^^^^^^^^^^^^^^^^^^^^^^^^^^^^^^^^^^^^^^^^^^^^^^^^^^^^^^^^^^^^^^^^^^
                                  proxy=self.proxy, proxy_auth=self.proxy_auth, timeout=self.timeout, **kwargs)
                                  ^^^^^^^^^^^^^^^^^^^^^^^^^^^^^^^^^^^^^^^^^^^^^^^^^^^^^^^^^^^^^^^^^^^^^^^^^^^^^
  File "C:\Users\Кадзицу\AppData\Roaming\Python\Python314\site-packages\aiogram\bot\api.py", line 140, in make_request
    return check_result(method, response.content_type, response.status, await response.text())
  File "C:\Users\Кадзицу\AppData\Roaming\Python\Python314\site-packages\aiogram\bot\api.py", line 119, in check_result
    exceptions.ConflictError.detect(description)
    ~~~~~~~~~~~~~~~~~~~~~~~~~~~~~~~^^^^^^^^^^^^^
  File "C:\Users\Кадзицу\AppData\Roaming\Python\Python314\site-packages\aiogram\utils\exceptions.py", line 140, in detect
    raise err(cls.text or description)
aiogram.utils.exceptions.TerminatedByOtherGetUpdates: Terminated by other getupdates request; make sure that only one bot instance is running
04/09/2026 08:53:09 AM : dispatcher.py line - 378 : start_polling : aiogram.dispatcher.dispatcher : ERROR : Cause exception while getting updates.
Traceback (most recent call last):
  File "C:\Users\Кадзицу\AppData\Roaming\Python\Python314\site-packages\aiogram\dispatcher\dispatcher.py", line 374, in start_polling
    updates = await self.bot.get_updates(limit=limit, offset=offset, timeout=timeout)
              ^^^^^^^^^^^^^^^^^^^^^^^^^^^^^^^^^^^^^^^^^^^^^^^^^^^^^^^^^^^^^^^^^^^^^^^
  File "C:\Users\Кадзицу\AppData\Roaming\Python\Python314\site-packages\aiogram\bot\bot.py", line 97, in get_updates
    result = await self.request(api.Methods.GET_UPDATES, payload)
             ^^^^^^^^^^^^^^^^^^^^^^^^^^^^^^^^^^^^^^^^^^^^^^^^^^^^
  File "C:\Users\Кадзицу\AppData\Roaming\Python\Python314\site-packages\aiogram\bot\base.py", line 208, in request
    return await api.make_request(self.session, self.server, self.__token, method, data, files,
           ^^^^^^^^^^^^^^^^^^^^^^^^^^^^^^^^^^^^^^^^^^^^^^^^^^^^^^^^^^^^^^^^^^^^^^^^^^^^^^^^^^^^
                                  proxy=self.proxy, proxy_auth=self.proxy_auth, timeout=self.timeout, **kwargs)
                                  ^^^^^^^^^^^^^^^^^^^^^^^^^^^^^^^^^^^^^^^^^^^^^^^^^^^^^^^^^^^^^^^^^^^^^^^^^^^^^
  File "C:\Users\Кадзицу\AppData\Roaming\Python\Python314\site-packages\aiogram\bot\api.py", line 140, in make_request
    return check_result(method, response.content_type, response.status, await response.text())
  File "C:\Users\Кадзицу\AppData\Roaming\Python\Python314\site-packages\aiogram\bot\api.py", line 119, in check_result
    exceptions.ConflictError.detect(description)
    ~~~~~~~~~~~~~~~~~~~~~~~~~~~~~~~^^^^^^^^^^^^^
  File "C:\Users\Кадзицу\AppData\Roaming\Python\Python314\site-packages\aiogram\utils\exceptions.py", line 140, in detect
    raise err(cls.text or description)
aiogram.utils.exceptions.TerminatedByOtherGetUpdates: Terminated by other getupdates request; make sure that only one bot instance is running
04/09/2026 08:53:14 AM : dispatcher.py line - 378 : start_polling : aiogram.dispatcher.dispatcher : ERROR : Cause exception while getting updates.
Traceback (most recent call last):
  File "C:\Users\Кадзицу\AppData\Roaming\Python\Python314\site-packages\aiogram\dispatcher\dispatcher.py", line 374, in start_polling
    updates = await self.bot.get_updates(limit=limit, offset=offset, timeout=timeout)
              ^^^^^^^^^^^^^^^^^^^^^^^^^^^^^^^^^^^^^^^^^^^^^^^^^^^^^^^^^^^^^^^^^^^^^^^
  File "C:\Users\Кадзицу\AppData\Roaming\Python\Python314\site-packages\aiogram\bot\bot.py", line 97, in get_updates
    result = await self.request(api.Methods.GET_UPDATES, payload)
             ^^^^^^^^^^^^^^^^^^^^^^^^^^^^^^^^^^^^^^^^^^^^^^^^^^^^
  File "C:\Users\Кадзицу\AppData\Roaming\Python\Python314\site-packages\aiogram\bot\base.py", line 208, in request
    return await api.make_request(self.session, self.server, self.__token, method, data, files,
           ^^^^^^^^^^^^^^^^^^^^^^^^^^^^^^^^^^^^^^^^^^^^^^^^^^^^^^^^^^^^^^^^^^^^^^^^^^^^^^^^^^^^
                                  proxy=self.proxy, proxy_auth=self.proxy_auth, timeout=self.timeout, **kwargs)
                                  ^^^^^^^^^^^^^^^^^^^^^^^^^^^^^^^^^^^^^^^^^^^^^^^^^^^^^^^^^^^^^^^^^^^^^^^^^^^^^
  File "C:\Users\Кадзицу\AppData\Roaming\Python\Python314\site-packages\aiogram\bot\api.py", line 140, in make_request
    return check_result(method, response.content_type, response.status, await response.text())
  File "C:\Users\Кадзицу\AppData\Roaming\Python\Python314\site-packages\aiogram\bot\api.py", line 119, in check_result
    exceptions.ConflictError.detect(description)
    ~~~~~~~~~~~~~~~~~~~~~~~~~~~~~~~^^^^^^^^^^^^^
  File "C:\Users\Кадзицу\AppData\Roaming\Python\Python314\site-packages\aiogram\utils\exceptions.py", line 140, in detect
    raise err(cls.text or description)
aiogram.utils.exceptions.TerminatedByOtherGetUpdates: Terminated by other getupdates request; make sure that only one bot instance is running
04/09/2026 08:53:19 AM : dispatcher.py line - 378 : start_polling : aiogram.dispatcher.dispatcher : ERROR : Cause exception while getting updates.
Traceback (most recent call last):
  File "C:\Users\Кадзицу\AppData\Roaming\Python\Python314\site-packages\aiogram\dispatcher\dispatcher.py", line 374, in start_polling
    updates = await self.bot.get_updates(limit=limit, offset=offset, timeout=timeout)
              ^^^^^^^^^^^^^^^^^^^^^^^^^^^^^^^^^^^^^^^^^^^^^^^^^^^^^^^^^^^^^^^^^^^^^^^
  File "C:\Users\Кадзицу\AppData\Roaming\Python\Python314\site-packages\aiogram\bot\bot.py", line 97, in get_updates
    result = await self.request(api.Methods.GET_UPDATES, payload)
             ^^^^^^^^^^^^^^^^^^^^^^^^^^^^^^^^^^^^^^^^^^^^^^^^^^^^
  File "C:\Users\Кадзицу\AppData\Roaming\Python\Python314\site-packages\aiogram\bot\base.py", line 208, in request
    return await api.make_request(self.session, self.server, self.__token, method, data, files,
           ^^^^^^^^^^^^^^^^^^^^^^^^^^^^^^^^^^^^^^^^^^^^^^^^^^^^^^^^^^^^^^^^^^^^^^^^^^^^^^^^^^^^
                                  proxy=self.proxy, proxy_auth=self.proxy_auth, timeout=self.timeout, **kwargs)
                                  ^^^^^^^^^^^^^^^^^^^^^^^^^^^^^^^^^^^^^^^^^^^^^^^^^^^^^^^^^^^^^^^^^^^^^^^^^^^^^
  File "C:\Users\Кадзицу\AppData\Roaming\Python\Python314\site-packages\aiogram\bot\api.py", line 140, in make_request
    return check_result(method, response.content_type, response.status, await response.text())
  File "C:\Users\Кадзицу\AppData\Roaming\Python\Python314\site-packages\aiogram\bot\api.py", line 119, in check_result
    exceptions.ConflictError.detect(description)
    ~~~~~~~~~~~~~~~~~~~~~~~~~~~~~~~^^^^^^^^^^^^^
  File "C:\Users\Кадзицу\AppData\Roaming\Python\Python314\site-packages\aiogram\utils\exceptions.py", line 140, in detect
    raise err(cls.text or description)
aiogram.utils.exceptions.TerminatedByOtherGetUpdates: Terminated by other getupdates request; make sure that only one bot instance is running
04/09/2026 08:53:25 AM : dispatcher.py line - 378 : start_polling : aiogram.dispatcher.dispatcher : ERROR : Cause exception while getting updates.
Traceback (most recent call last):
  File "C:\Users\Кадзицу\AppData\Roaming\Python\Python314\site-packages\aiogram\dispatcher\dispatcher.py", line 374, in start_polling
    updates = await self.bot.get_updates(limit=limit, offset=offset, timeout=timeout)
              ^^^^^^^^^^^^^^^^^^^^^^^^^^^^^^^^^^^^^^^^^^^^^^^^^^^^^^^^^^^^^^^^^^^^^^^
  File "C:\Users\Кадзицу\AppData\Roaming\Python\Python314\site-packages\aiogram\bot\bot.py", line 97, in get_updates
    result = await self.request(api.Methods.GET_UPDATES, payload)
             ^^^^^^^^^^^^^^^^^^^^^^^^^^^^^^^^^^^^^^^^^^^^^^^^^^^^
  File "C:\Users\Кадзицу\AppData\Roaming\Python\Python314\site-packages\aiogram\bot\base.py", line 208, in request
    return await api.make_request(self.session, self.server, self.__token, method, data, files,
           ^^^^^^^^^^^^^^^^^^^^^^^^^^^^^^^^^^^^^^^^^^^^^^^^^^^^^^^^^^^^^^^^^^^^^^^^^^^^^^^^^^^^
                                  proxy=self.proxy, proxy_auth=self.proxy_auth, timeout=self.timeout, **kwargs)
                                  ^^^^^^^^^^^^^^^^^^^^^^^^^^^^^^^^^^^^^^^^^^^^^^^^^^^^^^^^^^^^^^^^^^^^^^^^^^^^^
  File "C:\Users\Кадзицу\AppData\Roaming\Python\Python314\site-packages\aiogram\bot\api.py", line 140, in make_request
    return check_result(method, response.content_type, response.status, await response.text())
  File "C:\Users\Кадзицу\AppData\Roaming\Python\Python314\site-packages\aiogram\bot\api.py", line 119, in check_result
    exceptions.ConflictError.detect(description)
    ~~~~~~~~~~~~~~~~~~~~~~~~~~~~~~~^^^^^^^^^^^^^
  File "C:\Users\Кадзицу\AppData\Roaming\Python\Python314\site-packages\aiogram\utils\exceptions.py", line 140, in detect
    raise err(cls.text or description)
aiogram.utils.exceptions.TerminatedByOtherGetUpdates: Terminated by other getupdates request; make sure that only one bot instance is running
04/09/2026 08:53:30 AM : dispatcher.py line - 378 : start_polling : aiogram.dispatcher.dispatcher : ERROR : Cause exception while getting updates.
Traceback (most recent call last):
  File "C:\Users\Кадзицу\AppData\Roaming\Python\Python314\site-packages\aiogram\dispatcher\dispatcher.py", line 374, in start_polling
    updates = await self.bot.get_updates(limit=limit, offset=offset, timeout=timeout)
              ^^^^^^^^^^^^^^^^^^^^^^^^^^^^^^^^^^^^^^^^^^^^^^^^^^^^^^^^^^^^^^^^^^^^^^^
  File "C:\Users\Кадзицу\AppData\Roaming\Python\Python314\site-packages\aiogram\bot\bot.py", line 97, in get_updates
    result = await self.request(api.Methods.GET_UPDATES, payload)
             ^^^^^^^^^^^^^^^^^^^^^^^^^^^^^^^^^^^^^^^^^^^^^^^^^^^^
  File "C:\Users\Кадзицу\AppData\Roaming\Python\Python314\site-packages\aiogram\bot\base.py", line 208, in request
    return await api.make_request(self.session, self.server, self.__token, method, data, files,
           ^^^^^^^^^^^^^^^^^^^^^^^^^^^^^^^^^^^^^^^^^^^^^^^^^^^^^^^^^^^^^^^^^^^^^^^^^^^^^^^^^^^^
                                  proxy=self.proxy, proxy_auth=self.proxy_auth, timeout=self.timeout, **kwargs)
                                  ^^^^^^^^^^^^^^^^^^^^^^^^^^^^^^^^^^^^^^^^^^^^^^^^^^^^^^^^^^^^^^^^^^^^^^^^^^^^^
  File "C:\Users\Кадзицу\AppData\Roaming\Python\Python314\site-packages\aiogram\bot\api.py", line 140, in make_request
    return check_result(method, response.content_type, response.status, await response.text())
  File "C:\Users\Кадзицу\AppData\Roaming\Python\Python314\site-packages\aiogram\bot\api.py", line 119, in check_result
    exceptions.ConflictError.detect(description)
    ~~~~~~~~~~~~~~~~~~~~~~~~~~~~~~~^^^^^^^^^^^^^
  File "C:\Users\Кадзицу\AppData\Roaming\Python\Python314\site-packages\aiogram\utils\exceptions.py", line 140, in detect
    raise err(cls.text or description)
aiogram.utils.exceptions.TerminatedByOtherGetUpdates: Terminated by other getupdates request; make sure that only one bot instance is running
04/09/2026 08:53:35 AM : dispatcher.py line - 378 : start_polling : aiogram.dispatcher.dispatcher : ERROR : Cause exception while getting updates.
Traceback (most recent call last):
  File "C:\Users\Кадзицу\AppData\Roaming\Python\Python314\site-packages\aiogram\dispatcher\dispatcher.py", line 374, in start_polling
    updates = await self.bot.get_updates(limit=limit, offset=offset, timeout=timeout)
              ^^^^^^^^^^^^^^^^^^^^^^^^^^^^^^^^^^^^^^^^^^^^^^^^^^^^^^^^^^^^^^^^^^^^^^^
  File "C:\Users\Кадзицу\AppData\Roaming\Python\Python314\site-packages\aiogram\bot\bot.py", line 97, in get_updates
    result = await self.request(api.Methods.GET_UPDATES, payload)
             ^^^^^^^^^^^^^^^^^^^^^^^^^^^^^^^^^^^^^^^^^^^^^^^^^^^^
  File "C:\Users\Кадзицу\AppData\Roaming\Python\Python314\site-packages\aiogram\bot\base.py", line 208, in request
    return await api.make_request(self.session, self.server, self.__token, method, data, files,
           ^^^^^^^^^^^^^^^^^^^^^^^^^^^^^^^^^^^^^^^^^^^^^^^^^^^^^^^^^^^^^^^^^^^^^^^^^^^^^^^^^^^^
                                  proxy=self.proxy, proxy_auth=self.proxy_auth, timeout=self.timeout, **kwargs)
                                  ^^^^^^^^^^^^^^^^^^^^^^^^^^^^^^^^^^^^^^^^^^^^^^^^^^^^^^^^^^^^^^^^^^^^^^^^^^^^^
  File "C:\Users\Кадзицу\AppData\Roaming\Python\Python314\site-packages\aiogram\bot\api.py", line 140, in make_request
    return check_result(method, response.content_type, response.status, await response.text())
  File "C:\Users\Кадзицу\AppData\Roaming\Python\Python314\site-packages\aiogram\bot\api.py", line 119, in check_result
    exceptions.ConflictError.detect(description)
    ~~~~~~~~~~~~~~~~~~~~~~~~~~~~~~~^^^^^^^^^^^^^
  File "C:\Users\Кадзицу\AppData\Roaming\Python\Python314\site-packages\aiogram\utils\exceptions.py", line 140, in detect
    raise err(cls.text or description)
aiogram.utils.exceptions.TerminatedByOtherGetUpdates: Terminated by other getupdates request; make sure that only one bot instance is running
04/09/2026 08:53:40 AM : dispatcher.py line - 378 : start_polling : aiogram.dispatcher.dispatcher : ERROR : Cause exception while getting updates.
Traceback (most recent call last):
  File "C:\Users\Кадзицу\AppData\Roaming\Python\Python314\site-packages\aiogram\dispatcher\dispatcher.py", line 374, in start_polling
    updates = await self.bot.get_updates(limit=limit, offset=offset, timeout=timeout)
              ^^^^^^^^^^^^^^^^^^^^^^^^^^^^^^^^^^^^^^^^^^^^^^^^^^^^^^^^^^^^^^^^^^^^^^^
  File "C:\Users\Кадзицу\AppData\Roaming\Python\Python314\site-packages\aiogram\bot\bot.py", line 97, in get_updates
    result = await self.request(api.Methods.GET_UPDATES, payload)
             ^^^^^^^^^^^^^^^^^^^^^^^^^^^^^^^^^^^^^^^^^^^^^^^^^^^^
  File "C:\Users\Кадзицу\AppData\Roaming\Python\Python314\site-packages\aiogram\bot\base.py", line 208, in request
    return await api.make_request(self.session, self.server, self.__token, method, data, files,
           ^^^^^^^^^^^^^^^^^^^^^^^^^^^^^^^^^^^^^^^^^^^^^^^^^^^^^^^^^^^^^^^^^^^^^^^^^^^^^^^^^^^^
                                  proxy=self.proxy, proxy_auth=self.proxy_auth, timeout=self.timeout, **kwargs)
                                  ^^^^^^^^^^^^^^^^^^^^^^^^^^^^^^^^^^^^^^^^^^^^^^^^^^^^^^^^^^^^^^^^^^^^^^^^^^^^^
  File "C:\Users\Кадзицу\AppData\Roaming\Python\Python314\site-packages\aiogram\bot\api.py", line 140, in make_request
    return check_result(method, response.content_type, response.status, await response.text())
  File "C:\Users\Кадзицу\AppData\Roaming\Python\Python314\site-packages\aiogram\bot\api.py", line 119, in check_result
    exceptions.ConflictError.detect(description)
    ~~~~~~~~~~~~~~~~~~~~~~~~~~~~~~~^^^^^^^^^^^^^
  File "C:\Users\Кадзицу\AppData\Roaming\Python\Python314\site-packages\aiogram\utils\exceptions.py", line 140, in detect
    raise err(cls.text or description)
aiogram.utils.exceptions.TerminatedByOtherGetUpdates: Terminated by other getupdates request; make sure that only one bot instance is running
04/09/2026 08:53:46 AM : dispatcher.py line - 378 : start_polling : aiogram.dispatcher.dispatcher : ERROR : Cause exception while getting updates.
Traceback (most recent call last):
  File "C:\Users\Кадзицу\AppData\Roaming\Python\Python314\site-packages\aiogram\dispatcher\dispatcher.py", line 374, in start_polling
    updates = await self.bot.get_updates(limit=limit, offset=offset, timeout=timeout)
              ^^^^^^^^^^^^^^^^^^^^^^^^^^^^^^^^^^^^^^^^^^^^^^^^^^^^^^^^^^^^^^^^^^^^^^^
  File "C:\Users\Кадзицу\AppData\Roaming\Python\Python314\site-packages\aiogram\bot\bot.py", line 97, in get_updates
    result = await self.request(api.Methods.GET_UPDATES, payload)
             ^^^^^^^^^^^^^^^^^^^^^^^^^^^^^^^^^^^^^^^^^^^^^^^^^^^^
  File "C:\Users\Кадзицу\AppData\Roaming\Python\Python314\site-packages\aiogram\bot\base.py", line 208, in request
    return await api.make_request(self.session, self.server, self.__token, method, data, files,
           ^^^^^^^^^^^^^^^^^^^^^^^^^^^^^^^^^^^^^^^^^^^^^^^^^^^^^^^^^^^^^^^^^^^^^^^^^^^^^^^^^^^^
                                  proxy=self.proxy, proxy_auth=self.proxy_auth, timeout=self.timeout, **kwargs)
                                  ^^^^^^^^^^^^^^^^^^^^^^^^^^^^^^^^^^^^^^^^^^^^^^^^^^^^^^^^^^^^^^^^^^^^^^^^^^^^^
  File "C:\Users\Кадзицу\AppData\Roaming\Python\Python314\site-packages\aiogram\bot\api.py", line 140, in make_request
    return check_result(method, response.content_type, response.status, await response.text())
  File "C:\Users\Кадзицу\AppData\Roaming\Python\Python314\site-packages\aiogram\bot\api.py", line 119, in check_result
    exceptions.ConflictError.detect(description)
    ~~~~~~~~~~~~~~~~~~~~~~~~~~~~~~~^^^^^^^^^^^^^
  File "C:\Users\Кадзицу\AppData\Roaming\Python\Python314\site-packages\aiogram\utils\exceptions.py", line 140, in detect
    raise err(cls.text or description)
aiogram.utils.exceptions.TerminatedByOtherGetUpdates: Terminated by other getupdates request; make sure that only one bot instance is running
04/09/2026 08:53:51 AM : dispatcher.py line - 378 : start_polling : aiogram.dispatcher.dispatcher : ERROR : Cause exception while getting updates.
Traceback (most recent call last):
  File "C:\Users\Кадзицу\AppData\Roaming\Python\Python314\site-packages\aiogram\dispatcher\dispatcher.py", line 374, in start_polling
    updates = await self.bot.get_updates(limit=limit, offset=offset, timeout=timeout)
              ^^^^^^^^^^^^^^^^^^^^^^^^^^^^^^^^^^^^^^^^^^^^^^^^^^^^^^^^^^^^^^^^^^^^^^^
  File "C:\Users\Кадзицу\AppData\Roaming\Python\Python314\site-packages\aiogram\bot\bot.py", line 97, in get_updates
    result = await self.request(api.Methods.GET_UPDATES, payload)
             ^^^^^^^^^^^^^^^^^^^^^^^^^^^^^^^^^^^^^^^^^^^^^^^^^^^^
  File "C:\Users\Кадзицу\AppData\Roaming\Python\Python314\site-packages\aiogram\bot\base.py", line 208, in request
    return await api.make_request(self.session, self.server, self.__token, method, data, files,
           ^^^^^^^^^^^^^^^^^^^^^^^^^^^^^^^^^^^^^^^^^^^^^^^^^^^^^^^^^^^^^^^^^^^^^^^^^^^^^^^^^^^^
                                  proxy=self.proxy, proxy_auth=self.proxy_auth, timeout=self.timeout, **kwargs)
                                  ^^^^^^^^^^^^^^^^^^^^^^^^^^^^^^^^^^^^^^^^^^^^^^^^^^^^^^^^^^^^^^^^^^^^^^^^^^^^^
  File "C:\Users\Кадзицу\AppData\Roaming\Python\Python314\site-packages\aiogram\bot\api.py", line 140, in make_request
    return check_result(method, response.content_type, response.status, await response.text())
  File "C:\Users\Кадзицу\AppData\Roaming\Python\Python314\site-packages\aiogram\bot\api.py", line 119, in check_result
    exceptions.ConflictError.detect(description)
    ~~~~~~~~~~~~~~~~~~~~~~~~~~~~~~~^^^^^^^^^^^^^
  File "C:\Users\Кадзицу\AppData\Roaming\Python\Python314\site-packages\aiogram\utils\exceptions.py", line 140, in detect
    raise err(cls.text or description)
aiogram.utils.exceptions.TerminatedByOtherGetUpdates: Terminated by other getupdates request; make sure that only one bot instance is running
04/09/2026 08:53:56 AM : dispatcher.py line - 378 : start_polling : aiogram.dispatcher.dispatcher : ERROR : Cause exception while getting updates.
Traceback (most recent call last):
  File "C:\Users\Кадзицу\AppData\Roaming\Python\Python314\site-packages\aiogram\dispatcher\dispatcher.py", line 374, in start_polling
    updates = await self.bot.get_updates(limit=limit, offset=offset, timeout=timeout)
              ^^^^^^^^^^^^^^^^^^^^^^^^^^^^^^^^^^^^^^^^^^^^^^^^^^^^^^^^^^^^^^^^^^^^^^^
  File "C:\Users\Кадзицу\AppData\Roaming\Python\Python314\site-packages\aiogram\bot\bot.py", line 97, in get_updates
    result = await self.request(api.Methods.GET_UPDATES, payload)
             ^^^^^^^^^^^^^^^^^^^^^^^^^^^^^^^^^^^^^^^^^^^^^^^^^^^^
  File "C:\Users\Кадзицу\AppData\Roaming\Python\Python314\site-packages\aiogram\bot\base.py", line 208, in request
    return await api.make_request(self.session, self.server, self.__token, method, data, files,
           ^^^^^^^^^^^^^^^^^^^^^^^^^^^^^^^^^^^^^^^^^^^^^^^^^^^^^^^^^^^^^^^^^^^^^^^^^^^^^^^^^^^^
                                  proxy=self.proxy, proxy_auth=self.proxy_auth, timeout=self.timeout, **kwargs)
                                  ^^^^^^^^^^^^^^^^^^^^^^^^^^^^^^^^^^^^^^^^^^^^^^^^^^^^^^^^^^^^^^^^^^^^^^^^^^^^^
  File "C:\Users\Кадзицу\AppData\Roaming\Python\Python314\site-packages\aiogram\bot\api.py", line 140, in make_request
    return check_result(method, response.content_type, response.status, await response.text())
  File "C:\Users\Кадзицу\AppData\Roaming\Python\Python314\site-packages\aiogram\bot\api.py", line 119, in check_result
    exceptions.ConflictError.detect(description)
    ~~~~~~~~~~~~~~~~~~~~~~~~~~~~~~~^^^^^^^^^^^^^
  File "C:\Users\Кадзицу\AppData\Roaming\Python\Python314\site-packages\aiogram\utils\exceptions.py", line 140, in detect
    raise err(cls.text or description)
aiogram.utils.exceptions.TerminatedByOtherGetUpdates: Terminated by other getupdates request; make sure that only one bot instance is running
04/09/2026 08:54:01 AM : dispatcher.py line - 378 : start_polling : aiogram.dispatcher.dispatcher : ERROR : Cause exception while getting updates.
Traceback (most recent call last):
  File "C:\Users\Кадзицу\AppData\Roaming\Python\Python314\site-packages\aiogram\dispatcher\dispatcher.py", line 374, in start_polling
    updates = await self.bot.get_updates(limit=limit, offset=offset, timeout=timeout)
              ^^^^^^^^^^^^^^^^^^^^^^^^^^^^^^^^^^^^^^^^^^^^^^^^^^^^^^^^^^^^^^^^^^^^^^^
  File "C:\Users\Кадзицу\AppData\Roaming\Python\Python314\site-packages\aiogram\bot\bot.py", line 97, in get_updates
    result = await self.request(api.Methods.GET_UPDATES, payload)
             ^^^^^^^^^^^^^^^^^^^^^^^^^^^^^^^^^^^^^^^^^^^^^^^^^^^^
  File "C:\Users\Кадзицу\AppData\Roaming\Python\Python314\site-packages\aiogram\bot\base.py", line 208, in request
    return await api.make_request(self.session, self.server, self.__token, method, data, files,
           ^^^^^^^^^^^^^^^^^^^^^^^^^^^^^^^^^^^^^^^^^^^^^^^^^^^^^^^^^^^^^^^^^^^^^^^^^^^^^^^^^^^^
                                  proxy=self.proxy, proxy_auth=self.proxy_auth, timeout=self.timeout, **kwargs)
                                  ^^^^^^^^^^^^^^^^^^^^^^^^^^^^^^^^^^^^^^^^^^^^^^^^^^^^^^^^^^^^^^^^^^^^^^^^^^^^^
  File "C:\Users\Кадзицу\AppData\Roaming\Python\Python314\site-packages\aiogram\bot\api.py", line 140, in make_request
    return check_result(method, response.content_type, response.status, await response.text())
  File "C:\Users\Кадзицу\AppData\Roaming\Python\Python314\site-packages\aiogram\bot\api.py", line 119, in check_result
    exceptions.ConflictError.detect(description)
    ~~~~~~~~~~~~~~~~~~~~~~~~~~~~~~~^^^^^^^^^^^^^
  File "C:\Users\Кадзицу\AppData\Roaming\Python\Python314\site-packages\aiogram\utils\exceptions.py", line 140, in detect
    raise err(cls.text or description)
aiogram.utils.exceptions.TerminatedByOtherGetUpdates: Terminated by other getupdates request; make sure that only one bot instance is running
04/09/2026 08:54:07 AM : dispatcher.py line - 378 : start_polling : aiogram.dispatcher.dispatcher : ERROR : Cause exception while getting updates.
Traceback (most recent call last):
  File "C:\Users\Кадзицу\AppData\Roaming\Python\Python314\site-packages\aiogram\dispatcher\dispatcher.py", line 374, in start_polling
    updates = await self.bot.get_updates(limit=limit, offset=offset, timeout=timeout)
              ^^^^^^^^^^^^^^^^^^^^^^^^^^^^^^^^^^^^^^^^^^^^^^^^^^^^^^^^^^^^^^^^^^^^^^^
  File "C:\Users\Кадзицу\AppData\Roaming\Python\Python314\site-packages\aiogram\bot\bot.py", line 97, in get_updates
    result = await self.request(api.Methods.GET_UPDATES, payload)
             ^^^^^^^^^^^^^^^^^^^^^^^^^^^^^^^^^^^^^^^^^^^^^^^^^^^^
  File "C:\Users\Кадзицу\AppData\Roaming\Python\Python314\site-packages\aiogram\bot\base.py", line 208, in request
    return await api.make_request(self.session, self.server, self.__token, method, data, files,
           ^^^^^^^^^^^^^^^^^^^^^^^^^^^^^^^^^^^^^^^^^^^^^^^^^^^^^^^^^^^^^^^^^^^^^^^^^^^^^^^^^^^^
                                  proxy=self.proxy, proxy_auth=self.proxy_auth, timeout=self.timeout, **kwargs)
                                  ^^^^^^^^^^^^^^^^^^^^^^^^^^^^^^^^^^^^^^^^^^^^^^^^^^^^^^^^^^^^^^^^^^^^^^^^^^^^^
  File "C:\Users\Кадзицу\AppData\Roaming\Python\Python314\site-packages\aiogram\bot\api.py", line 140, in make_request
    return check_result(method, response.content_type, response.status, await response.text())
  File "C:\Users\Кадзицу\AppData\Roaming\Python\Python314\site-packages\aiogram\bot\api.py", line 119, in check_result
    exceptions.ConflictError.detect(description)
    ~~~~~~~~~~~~~~~~~~~~~~~~~~~~~~~^^^^^^^^^^^^^
  File "C:\Users\Кадзицу\AppData\Roaming\Python\Python314\site-packages\aiogram\utils\exceptions.py", line 140, in detect
    raise err(cls.text or description)
aiogram.utils.exceptions.TerminatedByOtherGetUpdates: Terminated by other getupdates request; make sure that only one bot instance is running
04/09/2026 08:54:12 AM : dispatcher.py line - 378 : start_polling : aiogram.dispatcher.dispatcher : ERROR : Cause exception while getting updates.
Traceback (most recent call last):
  File "C:\Users\Кадзицу\AppData\Roaming\Python\Python314\site-packages\aiogram\dispatcher\dispatcher.py", line 374, in start_polling
    updates = await self.bot.get_updates(limit=limit, offset=offset, timeout=timeout)
              ^^^^^^^^^^^^^^^^^^^^^^^^^^^^^^^^^^^^^^^^^^^^^^^^^^^^^^^^^^^^^^^^^^^^^^^
  File "C:\Users\Кадзицу\AppData\Roaming\Python\Python314\site-packages\aiogram\bot\bot.py", line 97, in get_updates
    result = await self.request(api.Methods.GET_UPDATES, payload)
             ^^^^^^^^^^^^^^^^^^^^^^^^^^^^^^^^^^^^^^^^^^^^^^^^^^^^
  File "C:\Users\Кадзицу\AppData\Roaming\Python\Python314\site-packages\aiogram\bot\base.py", line 208, in request
    return await api.make_request(self.session, self.server, self.__token, method, data, files,
           ^^^^^^^^^^^^^^^^^^^^^^^^^^^^^^^^^^^^^^^^^^^^^^^^^^^^^^^^^^^^^^^^^^^^^^^^^^^^^^^^^^^^
                                  proxy=self.proxy, proxy_auth=self.proxy_auth, timeout=self.timeout, **kwargs)
                                  ^^^^^^^^^^^^^^^^^^^^^^^^^^^^^^^^^^^^^^^^^^^^^^^^^^^^^^^^^^^^^^^^^^^^^^^^^^^^^
  File "C:\Users\Кадзицу\AppData\Roaming\Python\Python314\site-packages\aiogram\bot\api.py", line 140, in make_request
    return check_result(method, response.content_type, response.status, await response.text())
  File "C:\Users\Кадзицу\AppData\Roaming\Python\Python314\site-packages\aiogram\bot\api.py", line 119, in check_result
    exceptions.ConflictError.detect(description)
    ~~~~~~~~~~~~~~~~~~~~~~~~~~~~~~~^^^^^^^^^^^^^
  File "C:\Users\Кадзицу\AppData\Roaming\Python\Python314\site-packages\aiogram\utils\exceptions.py", line 140, in detect
    raise err(cls.text or description)
aiogram.utils.exceptions.TerminatedByOtherGetUpdates: Terminated by other getupdates request; make sure that only one bot instance is running
04/09/2026 08:54:17 AM : dispatcher.py line - 378 : start_polling : aiogram.dispatcher.dispatcher : ERROR : Cause exception while getting updates.
Traceback (most recent call last):
  File "C:\Users\Кадзицу\AppData\Roaming\Python\Python314\site-packages\aiogram\dispatcher\dispatcher.py", line 374, in start_polling
    updates = await self.bot.get_updates(limit=limit, offset=offset, timeout=timeout)
              ^^^^^^^^^^^^^^^^^^^^^^^^^^^^^^^^^^^^^^^^^^^^^^^^^^^^^^^^^^^^^^^^^^^^^^^
  File "C:\Users\Кадзицу\AppData\Roaming\Python\Python314\site-packages\aiogram\bot\bot.py", line 97, in get_updates
    result = await self.request(api.Methods.GET_UPDATES, payload)
             ^^^^^^^^^^^^^^^^^^^^^^^^^^^^^^^^^^^^^^^^^^^^^^^^^^^^
  File "C:\Users\Кадзицу\AppData\Roaming\Python\Python314\site-packages\aiogram\bot\base.py", line 208, in request
    return await api.make_request(self.session, self.server, self.__token, method, data, files,
           ^^^^^^^^^^^^^^^^^^^^^^^^^^^^^^^^^^^^^^^^^^^^^^^^^^^^^^^^^^^^^^^^^^^^^^^^^^^^^^^^^^^^
                                  proxy=self.proxy, proxy_auth=self.proxy_auth, timeout=self.timeout, **kwargs)
                                  ^^^^^^^^^^^^^^^^^^^^^^^^^^^^^^^^^^^^^^^^^^^^^^^^^^^^^^^^^^^^^^^^^^^^^^^^^^^^^
  File "C:\Users\Кадзицу\AppData\Roaming\Python\Python314\site-packages\aiogram\bot\api.py", line 140, in make_request
    return check_result(method, response.content_type, response.status, await response.text())
  File "C:\Users\Кадзицу\AppData\Roaming\Python\Python314\site-packages\aiogram\bot\api.py", line 119, in check_result
    exceptions.ConflictError.detect(description)
    ~~~~~~~~~~~~~~~~~~~~~~~~~~~~~~~^^^^^^^^^^^^^
  File "C:\Users\Кадзицу\AppData\Roaming\Python\Python314\site-packages\aiogram\utils\exceptions.py", line 140, in detect
    raise err(cls.text or description)
aiogram.utils.exceptions.TerminatedByOtherGetUpdates: Terminated by other getupdates request; make sure that only one bot instance is running
04/09/2026 08:54:23 AM : dispatcher.py line - 378 : start_polling : aiogram.dispatcher.dispatcher : ERROR : Cause exception while getting updates.
Traceback (most recent call last):
  File "C:\Users\Кадзицу\AppData\Roaming\Python\Python314\site-packages\aiogram\dispatcher\dispatcher.py", line 374, in start_polling
    updates = await self.bot.get_updates(limit=limit, offset=offset, timeout=timeout)
              ^^^^^^^^^^^^^^^^^^^^^^^^^^^^^^^^^^^^^^^^^^^^^^^^^^^^^^^^^^^^^^^^^^^^^^^
  File "C:\Users\Кадзицу\AppData\Roaming\Python\Python314\site-packages\aiogram\bot\bot.py", line 97, in get_updates
    result = await self.request(api.Methods.GET_UPDATES, payload)
             ^^^^^^^^^^^^^^^^^^^^^^^^^^^^^^^^^^^^^^^^^^^^^^^^^^^^
  File "C:\Users\Кадзицу\AppData\Roaming\Python\Python314\site-packages\aiogram\bot\base.py", line 208, in request
    return await api.make_request(self.session, self.server, self.__token, method, data, files,
           ^^^^^^^^^^^^^^^^^^^^^^^^^^^^^^^^^^^^^^^^^^^^^^^^^^^^^^^^^^^^^^^^^^^^^^^^^^^^^^^^^^^^
                                  proxy=self.proxy, proxy_auth=self.proxy_auth, timeout=self.timeout, **kwargs)
                                  ^^^^^^^^^^^^^^^^^^^^^^^^^^^^^^^^^^^^^^^^^^^^^^^^^^^^^^^^^^^^^^^^^^^^^^^^^^^^^
  File "C:\Users\Кадзицу\AppData\Roaming\Python\Python314\site-packages\aiogram\bot\api.py", line 140, in make_request
    return check_result(method, response.content_type, response.status, await response.text())
  File "C:\Users\Кадзицу\AppData\Roaming\Python\Python314\site-packages\aiogram\bot\api.py", line 119, in check_result
    exceptions.ConflictError.detect(description)
    ~~~~~~~~~~~~~~~~~~~~~~~~~~~~~~~^^^^^^^^^^^^^
  File "C:\Users\Кадзицу\AppData\Roaming\Python\Python314\site-packages\aiogram\utils\exceptions.py", line 140, in detect
    raise err(cls.text or description)
aiogram.utils.exceptions.TerminatedByOtherGetUpdates: Terminated by other getupdates request; make sure that only one bot instance is running
04/09/2026 08:54:28 AM : dispatcher.py line - 378 : start_polling : aiogram.dispatcher.dispatcher : ERROR : Cause exception while getting updates.
Traceback (most recent call last):
  File "C:\Users\Кадзицу\AppData\Roaming\Python\Python314\site-packages\aiogram\dispatcher\dispatcher.py", line 374, in start_polling
    updates = await self.bot.get_updates(limit=limit, offset=offset, timeout=timeout)
              ^^^^^^^^^^^^^^^^^^^^^^^^^^^^^^^^^^^^^^^^^^^^^^^^^^^^^^^^^^^^^^^^^^^^^^^
  File "C:\Users\Кадзицу\AppData\Roaming\Python\Python314\site-packages\aiogram\bot\bot.py", line 97, in get_updates
    result = await self.request(api.Methods.GET_UPDATES, payload)
             ^^^^^^^^^^^^^^^^^^^^^^^^^^^^^^^^^^^^^^^^^^^^^^^^^^^^
  File "C:\Users\Кадзицу\AppData\Roaming\Python\Python314\site-packages\aiogram\bot\base.py", line 208, in request
    return await api.make_request(self.session, self.server, self.__token, method, data, files,
           ^^^^^^^^^^^^^^^^^^^^^^^^^^^^^^^^^^^^^^^^^^^^^^^^^^^^^^^^^^^^^^^^^^^^^^^^^^^^^^^^^^^^
                                  proxy=self.proxy, proxy_auth=self.proxy_auth, timeout=self.timeout, **kwargs)
                                  ^^^^^^^^^^^^^^^^^^^^^^^^^^^^^^^^^^^^^^^^^^^^^^^^^^^^^^^^^^^^^^^^^^^^^^^^^^^^^
  File "C:\Users\Кадзицу\AppData\Roaming\Python\Python314\site-packages\aiogram\bot\api.py", line 140, in make_request
    return check_result(method, response.content_type, response.status, await response.text())
  File "C:\Users\Кадзицу\AppData\Roaming\Python\Python314\site-packages\aiogram\bot\api.py", line 119, in check_result
    exceptions.ConflictError.detect(description)
    ~~~~~~~~~~~~~~~~~~~~~~~~~~~~~~~^^^^^^^^^^^^^
  File "C:\Users\Кадзицу\AppData\Roaming\Python\Python314\site-packages\aiogram\utils\exceptions.py", line 140, in detect
    raise err(cls.text or description)
aiogram.utils.exceptions.TerminatedByOtherGetUpdates: Terminated by other getupdates request; make sure that only one bot instance is running
04/09/2026 08:54:33 AM : dispatcher.py line - 378 : start_polling : aiogram.dispatcher.dispatcher : ERROR : Cause exception while getting updates.
Traceback (most recent call last):
  File "C:\Users\Кадзицу\AppData\Roaming\Python\Python314\site-packages\aiogram\dispatcher\dispatcher.py", line 374, in start_polling
    updates = await self.bot.get_updates(limit=limit, offset=offset, timeout=timeout)
              ^^^^^^^^^^^^^^^^^^^^^^^^^^^^^^^^^^^^^^^^^^^^^^^^^^^^^^^^^^^^^^^^^^^^^^^
  File "C:\Users\Кадзицу\AppData\Roaming\Python\Python314\site-packages\aiogram\bot\bot.py", line 97, in get_updates
    result = await self.request(api.Methods.GET_UPDATES, payload)
             ^^^^^^^^^^^^^^^^^^^^^^^^^^^^^^^^^^^^^^^^^^^^^^^^^^^^
  File "C:\Users\Кадзицу\AppData\Roaming\Python\Python314\site-packages\aiogram\bot\base.py", line 208, in request
    return await api.make_request(self.session, self.server, self.__token, method, data, files,
           ^^^^^^^^^^^^^^^^^^^^^^^^^^^^^^^^^^^^^^^^^^^^^^^^^^^^^^^^^^^^^^^^^^^^^^^^^^^^^^^^^^^^
                                  proxy=self.proxy, proxy_auth=self.proxy_auth, timeout=self.timeout, **kwargs)
                                  ^^^^^^^^^^^^^^^^^^^^^^^^^^^^^^^^^^^^^^^^^^^^^^^^^^^^^^^^^^^^^^^^^^^^^^^^^^^^^
  File "C:\Users\Кадзицу\AppData\Roaming\Python\Python314\site-packages\aiogram\bot\api.py", line 140, in make_request
    return check_result(method, response.content_type, response.status, await response.text())
  File "C:\Users\Кадзицу\AppData\Roaming\Python\Python314\site-packages\aiogram\bot\api.py", line 119, in check_result
    exceptions.ConflictError.detect(description)
    ~~~~~~~~~~~~~~~~~~~~~~~~~~~~~~~^^^^^^^^^^^^^
  File "C:\Users\Кадзицу\AppData\Roaming\Python\Python314\site-packages\aiogram\utils\exceptions.py", line 140, in detect
    raise err(cls.text or description)
aiogram.utils.exceptions.TerminatedByOtherGetUpdates: Terminated by other getupdates request; make sure that only one bot instance is running
04/09/2026 08:54:38 AM : dispatcher.py line - 378 : start_polling : aiogram.dispatcher.dispatcher : ERROR : Cause exception while getting updates.
Traceback (most recent call last):
  File "C:\Users\Кадзицу\AppData\Roaming\Python\Python314\site-packages\aiogram\dispatcher\dispatcher.py", line 374, in start_polling
    updates = await self.bot.get_updates(limit=limit, offset=offset, timeout=timeout)
              ^^^^^^^^^^^^^^^^^^^^^^^^^^^^^^^^^^^^^^^^^^^^^^^^^^^^^^^^^^^^^^^^^^^^^^^
  File "C:\Users\Кадзицу\AppData\Roaming\Python\Python314\site-packages\aiogram\bot\bot.py", line 97, in get_updates
    result = await self.request(api.Methods.GET_UPDATES, payload)
             ^^^^^^^^^^^^^^^^^^^^^^^^^^^^^^^^^^^^^^^^^^^^^^^^^^^^
  File "C:\Users\Кадзицу\AppData\Roaming\Python\Python314\site-packages\aiogram\bot\base.py", line 208, in request
    return await api.make_request(self.session, self.server, self.__token, method, data, files,
           ^^^^^^^^^^^^^^^^^^^^^^^^^^^^^^^^^^^^^^^^^^^^^^^^^^^^^^^^^^^^^^^^^^^^^^^^^^^^^^^^^^^^
                                  proxy=self.proxy, proxy_auth=self.proxy_auth, timeout=self.timeout, **kwargs)
                                  ^^^^^^^^^^^^^^^^^^^^^^^^^^^^^^^^^^^^^^^^^^^^^^^^^^^^^^^^^^^^^^^^^^^^^^^^^^^^^
  File "C:\Users\Кадзицу\AppData\Roaming\Python\Python314\site-packages\aiogram\bot\api.py", line 140, in make_request
    return check_result(method, response.content_type, response.status, await response.text())
  File "C:\Users\Кадзицу\AppData\Roaming\Python\Python314\site-packages\aiogram\bot\api.py", line 119, in check_result
    exceptions.ConflictError.detect(description)
    ~~~~~~~~~~~~~~~~~~~~~~~~~~~~~~~^^^^^^^^^^^^^
  File "C:\Users\Кадзицу\AppData\Roaming\Python\Python314\site-packages\aiogram\utils\exceptions.py", line 140, in detect
    raise err(cls.text or description)
aiogram.utils.exceptions.TerminatedByOtherGetUpdates: Terminated by other getupdates request; make sure that only one bot instance is running
04/09/2026 08:54:44 AM : dispatcher.py line - 378 : start_polling : aiogram.dispatcher.dispatcher : ERROR : Cause exception while getting updates.
Traceback (most recent call last):
  File "C:\Users\Кадзицу\AppData\Roaming\Python\Python314\site-packages\aiogram\dispatcher\dispatcher.py", line 374, in start_polling
    updates = await self.bot.get_updates(limit=limit, offset=offset, timeout=timeout)
              ^^^^^^^^^^^^^^^^^^^^^^^^^^^^^^^^^^^^^^^^^^^^^^^^^^^^^^^^^^^^^^^^^^^^^^^
  File "C:\Users\Кадзицу\AppData\Roaming\Python\Python314\site-packages\aiogram\bot\bot.py", line 97, in get_updates
    result = await self.request(api.Methods.GET_UPDATES, payload)
             ^^^^^^^^^^^^^^^^^^^^^^^^^^^^^^^^^^^^^^^^^^^^^^^^^^^^
  File "C:\Users\Кадзицу\AppData\Roaming\Python\Python314\site-packages\aiogram\bot\base.py", line 208, in request
    return await api.make_request(self.session, self.server, self.__token, method, data, files,
           ^^^^^^^^^^^^^^^^^^^^^^^^^^^^^^^^^^^^^^^^^^^^^^^^^^^^^^^^^^^^^^^^^^^^^^^^^^^^^^^^^^^^
                                  proxy=self.proxy, proxy_auth=self.proxy_auth, timeout=self.timeout, **kwargs)
                                  ^^^^^^^^^^^^^^^^^^^^^^^^^^^^^^^^^^^^^^^^^^^^^^^^^^^^^^^^^^^^^^^^^^^^^^^^^^^^^
  File "C:\Users\Кадзицу\AppData\Roaming\Python\Python314\site-packages\aiogram\bot\api.py", line 140, in make_request
    return check_result(method, response.content_type, response.status, await response.text())
  File "C:\Users\Кадзицу\AppData\Roaming\Python\Python314\site-packages\aiogram\bot\api.py", line 119, in check_result
    exceptions.ConflictError.detect(description)
    ~~~~~~~~~~~~~~~~~~~~~~~~~~~~~~~^^^^^^^^^^^^^
  File "C:\Users\Кадзицу\AppData\Roaming\Python\Python314\site-packages\aiogram\utils\exceptions.py", line 140, in detect
    raise err(cls.text or description)
aiogram.utils.exceptions.TerminatedByOtherGetUpdates: Terminated by other getupdates request; make sure that only one bot instance is running
04/09/2026 08:54:49 AM : dispatcher.py line - 378 : start_polling : aiogram.dispatcher.dispatcher : ERROR : Cause exception while getting updates.
Traceback (most recent call last):
  File "C:\Users\Кадзицу\AppData\Roaming\Python\Python314\site-packages\aiogram\dispatcher\dispatcher.py", line 374, in start_polling
    updates = await self.bot.get_updates(limit=limit, offset=offset, timeout=timeout)
              ^^^^^^^^^^^^^^^^^^^^^^^^^^^^^^^^^^^^^^^^^^^^^^^^^^^^^^^^^^^^^^^^^^^^^^^
  File "C:\Users\Кадзицу\AppData\Roaming\Python\Python314\site-packages\aiogram\bot\bot.py", line 97, in get_updates
    result = await self.request(api.Methods.GET_UPDATES, payload)
             ^^^^^^^^^^^^^^^^^^^^^^^^^^^^^^^^^^^^^^^^^^^^^^^^^^^^
  File "C:\Users\Кадзицу\AppData\Roaming\Python\Python314\site-packages\aiogram\bot\base.py", line 208, in request
    return await api.make_request(self.session, self.server, self.__token, method, data, files,
           ^^^^^^^^^^^^^^^^^^^^^^^^^^^^^^^^^^^^^^^^^^^^^^^^^^^^^^^^^^^^^^^^^^^^^^^^^^^^^^^^^^^^
                                  proxy=self.proxy, proxy_auth=self.proxy_auth, timeout=self.timeout, **kwargs)
                                  ^^^^^^^^^^^^^^^^^^^^^^^^^^^^^^^^^^^^^^^^^^^^^^^^^^^^^^^^^^^^^^^^^^^^^^^^^^^^^
  File "C:\Users\Кадзицу\AppData\Roaming\Python\Python314\site-packages\aiogram\bot\api.py", line 140, in make_request
    return check_result(method, response.content_type, response.status, await response.text())
  File "C:\Users\Кадзицу\AppData\Roaming\Python\Python314\site-packages\aiogram\bot\api.py", line 119, in check_result
    exceptions.ConflictError.detect(description)
    ~~~~~~~~~~~~~~~~~~~~~~~~~~~~~~~^^^^^^^^^^^^^
  File "C:\Users\Кадзицу\AppData\Roaming\Python\Python314\site-packages\aiogram\utils\exceptions.py", line 140, in detect
    raise err(cls.text or description)
aiogram.utils.exceptions.TerminatedByOtherGetUpdates: Terminated by other getupdates request; make sure that only one bot instance is running
04/09/2026 08:54:54 AM : dispatcher.py line - 378 : start_polling : aiogram.dispatcher.dispatcher : ERROR : Cause exception while getting updates.
Traceback (most recent call last):
  File "C:\Users\Кадзицу\AppData\Roaming\Python\Python314\site-packages\aiogram\dispatcher\dispatcher.py", line 374, in start_polling
    updates = await self.bot.get_updates(limit=limit, offset=offset, timeout=timeout)
              ^^^^^^^^^^^^^^^^^^^^^^^^^^^^^^^^^^^^^^^^^^^^^^^^^^^^^^^^^^^^^^^^^^^^^^^
  File "C:\Users\Кадзицу\AppData\Roaming\Python\Python314\site-packages\aiogram\bot\bot.py", line 97, in get_updates
    result = await self.request(api.Methods.GET_UPDATES, payload)
             ^^^^^^^^^^^^^^^^^^^^^^^^^^^^^^^^^^^^^^^^^^^^^^^^^^^^
  File "C:\Users\Кадзицу\AppData\Roaming\Python\Python314\site-packages\aiogram\bot\base.py", line 208, in request
    return await api.make_request(self.session, self.server, self.__token, method, data, files,
           ^^^^^^^^^^^^^^^^^^^^^^^^^^^^^^^^^^^^^^^^^^^^^^^^^^^^^^^^^^^^^^^^^^^^^^^^^^^^^^^^^^^^
                                  proxy=self.proxy, proxy_auth=self.proxy_auth, timeout=self.timeout, **kwargs)
                                  ^^^^^^^^^^^^^^^^^^^^^^^^^^^^^^^^^^^^^^^^^^^^^^^^^^^^^^^^^^^^^^^^^^^^^^^^^^^^^
  File "C:\Users\Кадзицу\AppData\Roaming\Python\Python314\site-packages\aiogram\bot\api.py", line 140, in make_request
    return check_result(method, response.content_type, response.status, await response.text())
  File "C:\Users\Кадзицу\AppData\Roaming\Python\Python314\site-packages\aiogram\bot\api.py", line 119, in check_result
    exceptions.ConflictError.detect(description)
    ~~~~~~~~~~~~~~~~~~~~~~~~~~~~~~~^^^^^^^^^^^^^
  File "C:\Users\Кадзицу\AppData\Roaming\Python\Python314\site-packages\aiogram\utils\exceptions.py", line 140, in detect
    raise err(cls.text or description)
aiogram.utils.exceptions.TerminatedByOtherGetUpdates: Terminated by other getupdates request; make sure that only one bot instance is running
04/09/2026 08:54:59 AM : dispatcher.py line - 378 : start_polling : aiogram.dispatcher.dispatcher : ERROR : Cause exception while getting updates.
Traceback (most recent call last):
  File "C:\Users\Кадзицу\AppData\Roaming\Python\Python314\site-packages\aiogram\dispatcher\dispatcher.py", line 374, in start_polling
    updates = await self.bot.get_updates(limit=limit, offset=offset, timeout=timeout)
              ^^^^^^^^^^^^^^^^^^^^^^^^^^^^^^^^^^^^^^^^^^^^^^^^^^^^^^^^^^^^^^^^^^^^^^^
  File "C:\Users\Кадзицу\AppData\Roaming\Python\Python314\site-packages\aiogram\bot\bot.py", line 97, in get_updates
    result = await self.request(api.Methods.GET_UPDATES, payload)
             ^^^^^^^^^^^^^^^^^^^^^^^^^^^^^^^^^^^^^^^^^^^^^^^^^^^^
  File "C:\Users\Кадзицу\AppData\Roaming\Python\Python314\site-packages\aiogram\bot\base.py", line 208, in request
    return await api.make_request(self.session, self.server, self.__token, method, data, files,
           ^^^^^^^^^^^^^^^^^^^^^^^^^^^^^^^^^^^^^^^^^^^^^^^^^^^^^^^^^^^^^^^^^^^^^^^^^^^^^^^^^^^^
                                  proxy=self.proxy, proxy_auth=self.proxy_auth, timeout=self.timeout, **kwargs)
                                  ^^^^^^^^^^^^^^^^^^^^^^^^^^^^^^^^^^^^^^^^^^^^^^^^^^^^^^^^^^^^^^^^^^^^^^^^^^^^^
  File "C:\Users\Кадзицу\AppData\Roaming\Python\Python314\site-packages\aiogram\bot\api.py", line 140, in make_request
    return check_result(method, response.content_type, response.status, await response.text())
  File "C:\Users\Кадзицу\AppData\Roaming\Python\Python314\site-packages\aiogram\bot\api.py", line 119, in check_result
    exceptions.ConflictError.detect(description)
    ~~~~~~~~~~~~~~~~~~~~~~~~~~~~~~~^^^^^^^^^^^^^
  File "C:\Users\Кадзицу\AppData\Roaming\Python\Python314\site-packages\aiogram\utils\exceptions.py", line 140, in detect
    raise err(cls.text or description)
aiogram.utils.exceptions.TerminatedByOtherGetUpdates: Terminated by other getupdates request; make sure that only one bot instance is running
04/09/2026 08:55:05 AM : dispatcher.py line - 378 : start_polling : aiogram.dispatcher.dispatcher : ERROR : Cause exception while getting updates.
Traceback (most recent call last):
  File "C:\Users\Кадзицу\AppData\Roaming\Python\Python314\site-packages\aiogram\dispatcher\dispatcher.py", line 374, in start_polling
    updates = await self.bot.get_updates(limit=limit, offset=offset, timeout=timeout)
              ^^^^^^^^^^^^^^^^^^^^^^^^^^^^^^^^^^^^^^^^^^^^^^^^^^^^^^^^^^^^^^^^^^^^^^^
  File "C:\Users\Кадзицу\AppData\Roaming\Python\Python314\site-packages\aiogram\bot\bot.py", line 97, in get_updates
    result = await self.request(api.Methods.GET_UPDATES, payload)
             ^^^^^^^^^^^^^^^^^^^^^^^^^^^^^^^^^^^^^^^^^^^^^^^^^^^^
  File "C:\Users\Кадзицу\AppData\Roaming\Python\Python314\site-packages\aiogram\bot\base.py", line 208, in request
    return await api.make_request(self.session, self.server, self.__token, method, data, files,
           ^^^^^^^^^^^^^^^^^^^^^^^^^^^^^^^^^^^^^^^^^^^^^^^^^^^^^^^^^^^^^^^^^^^^^^^^^^^^^^^^^^^^
                                  proxy=self.proxy, proxy_auth=self.proxy_auth, timeout=self.timeout, **kwargs)
                                  ^^^^^^^^^^^^^^^^^^^^^^^^^^^^^^^^^^^^^^^^^^^^^^^^^^^^^^^^^^^^^^^^^^^^^^^^^^^^^
  File "C:\Users\Кадзицу\AppData\Roaming\Python\Python314\site-packages\aiogram\bot\api.py", line 140, in make_request
    return check_result(method, response.content_type, response.status, await response.text())
  File "C:\Users\Кадзицу\AppData\Roaming\Python\Python314\site-packages\aiogram\bot\api.py", line 119, in check_result
    exceptions.ConflictError.detect(description)
    ~~~~~~~~~~~~~~~~~~~~~~~~~~~~~~~^^^^^^^^^^^^^
  File "C:\Users\Кадзицу\AppData\Roaming\Python\Python314\site-packages\aiogram\utils\exceptions.py", line 140, in detect
    raise err(cls.text or description)
aiogram.utils.exceptions.TerminatedByOtherGetUpdates: Terminated by other getupdates request; make sure that only one bot instance is running
04/09/2026 08:55:10 AM : dispatcher.py line - 378 : start_polling : aiogram.dispatcher.dispatcher : ERROR : Cause exception while getting updates.
Traceback (most recent call last):
  File "C:\Users\Кадзицу\AppData\Roaming\Python\Python314\site-packages\aiogram\dispatcher\dispatcher.py", line 374, in start_polling
    updates = await self.bot.get_updates(limit=limit, offset=offset, timeout=timeout)
              ^^^^^^^^^^^^^^^^^^^^^^^^^^^^^^^^^^^^^^^^^^^^^^^^^^^^^^^^^^^^^^^^^^^^^^^
  File "C:\Users\Кадзицу\AppData\Roaming\Python\Python314\site-packages\aiogram\bot\bot.py", line 97, in get_updates
    result = await self.request(api.Methods.GET_UPDATES, payload)
             ^^^^^^^^^^^^^^^^^^^^^^^^^^^^^^^^^^^^^^^^^^^^^^^^^^^^
  File "C:\Users\Кадзицу\AppData\Roaming\Python\Python314\site-packages\aiogram\bot\base.py", line 208, in request
    return await api.make_request(self.session, self.server, self.__token, method, data, files,
           ^^^^^^^^^^^^^^^^^^^^^^^^^^^^^^^^^^^^^^^^^^^^^^^^^^^^^^^^^^^^^^^^^^^^^^^^^^^^^^^^^^^^
                                  proxy=self.proxy, proxy_auth=self.proxy_auth, timeout=self.timeout, **kwargs)
                                  ^^^^^^^^^^^^^^^^^^^^^^^^^^^^^^^^^^^^^^^^^^^^^^^^^^^^^^^^^^^^^^^^^^^^^^^^^^^^^
  File "C:\Users\Кадзицу\AppData\Roaming\Python\Python314\site-packages\aiogram\bot\api.py", line 140, in make_request
    return check_result(method, response.content_type, response.status, await response.text())
  File "C:\Users\Кадзицу\AppData\Roaming\Python\Python314\site-packages\aiogram\bot\api.py", line 119, in check_result
    exceptions.ConflictError.detect(description)
    ~~~~~~~~~~~~~~~~~~~~~~~~~~~~~~~^^^^^^^^^^^^^
  File "C:\Users\Кадзицу\AppData\Roaming\Python\Python314\site-packages\aiogram\utils\exceptions.py", line 140, in detect
    raise err(cls.text or description)
aiogram.utils.exceptions.TerminatedByOtherGetUpdates: Terminated by other getupdates request; make sure that only one bot instance is running
04/09/2026 08:55:15 AM : dispatcher.py line - 378 : start_polling : aiogram.dispatcher.dispatcher : ERROR : Cause exception while getting updates.
Traceback (most recent call last):
  File "C:\Users\Кадзицу\AppData\Roaming\Python\Python314\site-packages\aiogram\dispatcher\dispatcher.py", line 374, in start_polling
    updates = await self.bot.get_updates(limit=limit, offset=offset, timeout=timeout)
              ^^^^^^^^^^^^^^^^^^^^^^^^^^^^^^^^^^^^^^^^^^^^^^^^^^^^^^^^^^^^^^^^^^^^^^^
  File "C:\Users\Кадзицу\AppData\Roaming\Python\Python314\site-packages\aiogram\bot\bot.py", line 97, in get_updates
    result = await self.request(api.Methods.GET_UPDATES, payload)
             ^^^^^^^^^^^^^^^^^^^^^^^^^^^^^^^^^^^^^^^^^^^^^^^^^^^^
  File "C:\Users\Кадзицу\AppData\Roaming\Python\Python314\site-packages\aiogram\bot\base.py", line 208, in request
    return await api.make_request(self.session, self.server, self.__token, method, data, files,
           ^^^^^^^^^^^^^^^^^^^^^^^^^^^^^^^^^^^^^^^^^^^^^^^^^^^^^^^^^^^^^^^^^^^^^^^^^^^^^^^^^^^^
                                  proxy=self.proxy, proxy_auth=self.proxy_auth, timeout=self.timeout, **kwargs)
                                  ^^^^^^^^^^^^^^^^^^^^^^^^^^^^^^^^^^^^^^^^^^^^^^^^^^^^^^^^^^^^^^^^^^^^^^^^^^^^^
  File "C:\Users\Кадзицу\AppData\Roaming\Python\Python314\site-packages\aiogram\bot\api.py", line 140, in make_request
    return check_result(method, response.content_type, response.status, await response.text())
  File "C:\Users\Кадзицу\AppData\Roaming\Python\Python314\site-packages\aiogram\bot\api.py", line 119, in check_result
    exceptions.ConflictError.detect(description)
    ~~~~~~~~~~~~~~~~~~~~~~~~~~~~~~~^^^^^^^^^^^^^
  File "C:\Users\Кадзицу\AppData\Roaming\Python\Python314\site-packages\aiogram\utils\exceptions.py", line 140, in detect
    raise err(cls.text or description)
aiogram.utils.exceptions.TerminatedByOtherGetUpdates: Terminated by other getupdates request; make sure that only one bot instance is running
04/09/2026 08:55:20 AM : dispatcher.py line - 378 : start_polling : aiogram.dispatcher.dispatcher : ERROR : Cause exception while getting updates.
Traceback (most recent call last):
  File "C:\Users\Кадзицу\AppData\Roaming\Python\Python314\site-packages\aiogram\dispatcher\dispatcher.py", line 374, in start_polling
    updates = await self.bot.get_updates(limit=limit, offset=offset, timeout=timeout)
              ^^^^^^^^^^^^^^^^^^^^^^^^^^^^^^^^^^^^^^^^^^^^^^^^^^^^^^^^^^^^^^^^^^^^^^^
  File "C:\Users\Кадзицу\AppData\Roaming\Python\Python314\site-packages\aiogram\bot\bot.py", line 97, in get_updates
    result = await self.request(api.Methods.GET_UPDATES, payload)
             ^^^^^^^^^^^^^^^^^^^^^^^^^^^^^^^^^^^^^^^^^^^^^^^^^^^^
  File "C:\Users\Кадзицу\AppData\Roaming\Python\Python314\site-packages\aiogram\bot\base.py", line 208, in request
    return await api.make_request(self.session, self.server, self.__token, method, data, files,
           ^^^^^^^^^^^^^^^^^^^^^^^^^^^^^^^^^^^^^^^^^^^^^^^^^^^^^^^^^^^^^^^^^^^^^^^^^^^^^^^^^^^^
                                  proxy=self.proxy, proxy_auth=self.proxy_auth, timeout=self.timeout, **kwargs)
                                  ^^^^^^^^^^^^^^^^^^^^^^^^^^^^^^^^^^^^^^^^^^^^^^^^^^^^^^^^^^^^^^^^^^^^^^^^^^^^^
  File "C:\Users\Кадзицу\AppData\Roaming\Python\Python314\site-packages\aiogram\bot\api.py", line 140, in make_request
    return check_result(method, response.content_type, response.status, await response.text())
  File "C:\Users\Кадзицу\AppData\Roaming\Python\Python314\site-packages\aiogram\bot\api.py", line 119, in check_result
    exceptions.ConflictError.detect(description)
    ~~~~~~~~~~~~~~~~~~~~~~~~~~~~~~~^^^^^^^^^^^^^
  File "C:\Users\Кадзицу\AppData\Roaming\Python\Python314\site-packages\aiogram\utils\exceptions.py", line 140, in detect
    raise err(cls.text or description)
aiogram.utils.exceptions.TerminatedByOtherGetUpdates: Terminated by other getupdates request; make sure that only one bot instance is running
04/09/2026 08:55:26 AM : dispatcher.py line - 378 : start_polling : aiogram.dispatcher.dispatcher : ERROR : Cause exception while getting updates.
Traceback (most recent call last):
  File "C:\Users\Кадзицу\AppData\Roaming\Python\Python314\site-packages\aiogram\dispatcher\dispatcher.py", line 374, in start_polling
    updates = await self.bot.get_updates(limit=limit, offset=offset, timeout=timeout)
              ^^^^^^^^^^^^^^^^^^^^^^^^^^^^^^^^^^^^^^^^^^^^^^^^^^^^^^^^^^^^^^^^^^^^^^^
  File "C:\Users\Кадзицу\AppData\Roaming\Python\Python314\site-packages\aiogram\bot\bot.py", line 97, in get_updates
    result = await self.request(api.Methods.GET_UPDATES, payload)
             ^^^^^^^^^^^^^^^^^^^^^^^^^^^^^^^^^^^^^^^^^^^^^^^^^^^^
  File "C:\Users\Кадзицу\AppData\Roaming\Python\Python314\site-packages\aiogram\bot\base.py", line 208, in request
    return await api.make_request(self.session, self.server, self.__token, method, data, files,
           ^^^^^^^^^^^^^^^^^^^^^^^^^^^^^^^^^^^^^^^^^^^^^^^^^^^^^^^^^^^^^^^^^^^^^^^^^^^^^^^^^^^^
                                  proxy=self.proxy, proxy_auth=self.proxy_auth, timeout=self.timeout, **kwargs)
                                  ^^^^^^^^^^^^^^^^^^^^^^^^^^^^^^^^^^^^^^^^^^^^^^^^^^^^^^^^^^^^^^^^^^^^^^^^^^^^^
  File "C:\Users\Кадзицу\AppData\Roaming\Python\Python314\site-packages\aiogram\bot\api.py", line 140, in make_request
    return check_result(method, response.content_type, response.status, await response.text())
  File "C:\Users\Кадзицу\AppData\Roaming\Python\Python314\site-packages\aiogram\bot\api.py", line 119, in check_result
    exceptions.ConflictError.detect(description)
    ~~~~~~~~~~~~~~~~~~~~~~~~~~~~~~~^^^^^^^^^^^^^
  File "C:\Users\Кадзицу\AppData\Roaming\Python\Python314\site-packages\aiogram\utils\exceptions.py", line 140, in detect
    raise err(cls.text or description)
aiogram.utils.exceptions.TerminatedByOtherGetUpdates: Terminated by other getupdates request; make sure that only one bot instance is running
04/09/2026 08:55:31 AM : dispatcher.py line - 378 : start_polling : aiogram.dispatcher.dispatcher : ERROR : Cause exception while getting updates.
Traceback (most recent call last):
  File "C:\Users\Кадзицу\AppData\Roaming\Python\Python314\site-packages\aiogram\dispatcher\dispatcher.py", line 374, in start_polling
    updates = await self.bot.get_updates(limit=limit, offset=offset, timeout=timeout)
              ^^^^^^^^^^^^^^^^^^^^^^^^^^^^^^^^^^^^^^^^^^^^^^^^^^^^^^^^^^^^^^^^^^^^^^^
  File "C:\Users\Кадзицу\AppData\Roaming\Python\Python314\site-packages\aiogram\bot\bot.py", line 97, in get_updates
    result = await self.request(api.Methods.GET_UPDATES, payload)
             ^^^^^^^^^^^^^^^^^^^^^^^^^^^^^^^^^^^^^^^^^^^^^^^^^^^^
  File "C:\Users\Кадзицу\AppData\Roaming\Python\Python314\site-packages\aiogram\bot\base.py", line 208, in request
    return await api.make_request(self.session, self.server, self.__token, method, data, files,
           ^^^^^^^^^^^^^^^^^^^^^^^^^^^^^^^^^^^^^^^^^^^^^^^^^^^^^^^^^^^^^^^^^^^^^^^^^^^^^^^^^^^^
                                  proxy=self.proxy, proxy_auth=self.proxy_auth, timeout=self.timeout, **kwargs)
                                  ^^^^^^^^^^^^^^^^^^^^^^^^^^^^^^^^^^^^^^^^^^^^^^^^^^^^^^^^^^^^^^^^^^^^^^^^^^^^^
  File "C:\Users\Кадзицу\AppData\Roaming\Python\Python314\site-packages\aiogram\bot\api.py", line 140, in make_request
    return check_result(method, response.content_type, response.status, await response.text())
  File "C:\Users\Кадзицу\AppData\Roaming\Python\Python314\site-packages\aiogram\bot\api.py", line 119, in check_result
    exceptions.ConflictError.detect(description)
    ~~~~~~~~~~~~~~~~~~~~~~~~~~~~~~~^^^^^^^^^^^^^
  File "C:\Users\Кадзицу\AppData\Roaming\Python\Python314\site-packages\aiogram\utils\exceptions.py", line 140, in detect
    raise err(cls.text or description)
aiogram.utils.exceptions.TerminatedByOtherGetUpdates: Terminated by other getupdates request; make sure that only one bot instance is running
04/09/2026 08:55:36 AM : dispatcher.py line - 378 : start_polling : aiogram.dispatcher.dispatcher : ERROR : Cause exception while getting updates.
Traceback (most recent call last):
  File "C:\Users\Кадзицу\AppData\Roaming\Python\Python314\site-packages\aiogram\dispatcher\dispatcher.py", line 374, in start_polling
    updates = await self.bot.get_updates(limit=limit, offset=offset, timeout=timeout)
              ^^^^^^^^^^^^^^^^^^^^^^^^^^^^^^^^^^^^^^^^^^^^^^^^^^^^^^^^^^^^^^^^^^^^^^^
  File "C:\Users\Кадзицу\AppData\Roaming\Python\Python314\site-packages\aiogram\bot\bot.py", line 97, in get_updates
    result = await self.request(api.Methods.GET_UPDATES, payload)
             ^^^^^^^^^^^^^^^^^^^^^^^^^^^^^^^^^^^^^^^^^^^^^^^^^^^^
  File "C:\Users\Кадзицу\AppData\Roaming\Python\Python314\site-packages\aiogram\bot\base.py", line 208, in request
    return await api.make_request(self.session, self.server, self.__token, method, data, files,
           ^^^^^^^^^^^^^^^^^^^^^^^^^^^^^^^^^^^^^^^^^^^^^^^^^^^^^^^^^^^^^^^^^^^^^^^^^^^^^^^^^^^^
                                  proxy=self.proxy, proxy_auth=self.proxy_auth, timeout=self.timeout, **kwargs)
                                  ^^^^^^^^^^^^^^^^^^^^^^^^^^^^^^^^^^^^^^^^^^^^^^^^^^^^^^^^^^^^^^^^^^^^^^^^^^^^^
  File "C:\Users\Кадзицу\AppData\Roaming\Python\Python314\site-packages\aiogram\bot\api.py", line 140, in make_request
    return check_result(method, response.content_type, response.status, await response.text())
  File "C:\Users\Кадзицу\AppData\Roaming\Python\Python314\site-packages\aiogram\bot\api.py", line 119, in check_result
    exceptions.ConflictError.detect(description)
    ~~~~~~~~~~~~~~~~~~~~~~~~~~~~~~~^^^^^^^^^^^^^
  File "C:\Users\Кадзицу\AppData\Roaming\Python\Python314\site-packages\aiogram\utils\exceptions.py", line 140, in detect
    raise err(cls.text or description)
aiogram.utils.exceptions.TerminatedByOtherGetUpdates: Terminated by other getupdates request; make sure that only one bot instance is running
04/09/2026 08:55:41 AM : dispatcher.py line - 378 : start_polling : aiogram.dispatcher.dispatcher : ERROR : Cause exception while getting updates.
Traceback (most recent call last):
  File "C:\Users\Кадзицу\AppData\Roaming\Python\Python314\site-packages\aiogram\dispatcher\dispatcher.py", line 374, in start_polling
    updates = await self.bot.get_updates(limit=limit, offset=offset, timeout=timeout)
              ^^^^^^^^^^^^^^^^^^^^^^^^^^^^^^^^^^^^^^^^^^^^^^^^^^^^^^^^^^^^^^^^^^^^^^^
  File "C:\Users\Кадзицу\AppData\Roaming\Python\Python314\site-packages\aiogram\bot\bot.py", line 97, in get_updates
    result = await self.request(api.Methods.GET_UPDATES, payload)
             ^^^^^^^^^^^^^^^^^^^^^^^^^^^^^^^^^^^^^^^^^^^^^^^^^^^^
  File "C:\Users\Кадзицу\AppData\Roaming\Python\Python314\site-packages\aiogram\bot\base.py", line 208, in request
    return await api.make_request(self.session, self.server, self.__token, method, data, files,
           ^^^^^^^^^^^^^^^^^^^^^^^^^^^^^^^^^^^^^^^^^^^^^^^^^^^^^^^^^^^^^^^^^^^^^^^^^^^^^^^^^^^^
                                  proxy=self.proxy, proxy_auth=self.proxy_auth, timeout=self.timeout, **kwargs)
                                  ^^^^^^^^^^^^^^^^^^^^^^^^^^^^^^^^^^^^^^^^^^^^^^^^^^^^^^^^^^^^^^^^^^^^^^^^^^^^^
  File "C:\Users\Кадзицу\AppData\Roaming\Python\Python314\site-packages\aiogram\bot\api.py", line 140, in make_request
    return check_result(method, response.content_type, response.status, await response.text())
  File "C:\Users\Кадзицу\AppData\Roaming\Python\Python314\site-packages\aiogram\bot\api.py", line 119, in check_result
    exceptions.ConflictError.detect(description)
    ~~~~~~~~~~~~~~~~~~~~~~~~~~~~~~~^^^^^^^^^^^^^
  File "C:\Users\Кадзицу\AppData\Roaming\Python\Python314\site-packages\aiogram\utils\exceptions.py", line 140, in detect
    raise err(cls.text or description)
aiogram.utils.exceptions.TerminatedByOtherGetUpdates: Terminated by other getupdates request; make sure that only one bot instance is running
04/09/2026 08:55:47 AM : dispatcher.py line - 378 : start_polling : aiogram.dispatcher.dispatcher : ERROR : Cause exception while getting updates.
Traceback (most recent call last):
  File "C:\Users\Кадзицу\AppData\Roaming\Python\Python314\site-packages\aiogram\dispatcher\dispatcher.py", line 374, in start_polling
    updates = await self.bot.get_updates(limit=limit, offset=offset, timeout=timeout)
              ^^^^^^^^^^^^^^^^^^^^^^^^^^^^^^^^^^^^^^^^^^^^^^^^^^^^^^^^^^^^^^^^^^^^^^^
  File "C:\Users\Кадзицу\AppData\Roaming\Python\Python314\site-packages\aiogram\bot\bot.py", line 97, in get_updates
    result = await self.request(api.Methods.GET_UPDATES, payload)
             ^^^^^^^^^^^^^^^^^^^^^^^^^^^^^^^^^^^^^^^^^^^^^^^^^^^^
  File "C:\Users\Кадзицу\AppData\Roaming\Python\Python314\site-packages\aiogram\bot\base.py", line 208, in request
    return await api.make_request(self.session, self.server, self.__token, method, data, files,
           ^^^^^^^^^^^^^^^^^^^^^^^^^^^^^^^^^^^^^^^^^^^^^^^^^^^^^^^^^^^^^^^^^^^^^^^^^^^^^^^^^^^^
                                  proxy=self.proxy, proxy_auth=self.proxy_auth, timeout=self.timeout, **kwargs)
                                  ^^^^^^^^^^^^^^^^^^^^^^^^^^^^^^^^^^^^^^^^^^^^^^^^^^^^^^^^^^^^^^^^^^^^^^^^^^^^^
  File "C:\Users\Кадзицу\AppData\Roaming\Python\Python314\site-packages\aiogram\bot\api.py", line 140, in make_request
    return check_result(method, response.content_type, response.status, await response.text())
  File "C:\Users\Кадзицу\AppData\Roaming\Python\Python314\site-packages\aiogram\bot\api.py", line 119, in check_result
    exceptions.ConflictError.detect(description)
    ~~~~~~~~~~~~~~~~~~~~~~~~~~~~~~~^^^^^^^^^^^^^
  File "C:\Users\Кадзицу\AppData\Roaming\Python\Python314\site-packages\aiogram\utils\exceptions.py", line 140, in detect
    raise err(cls.text or description)
aiogram.utils.exceptions.TerminatedByOtherGetUpdates: Terminated by other getupdates request; make sure that only one bot instance is running
04/09/2026 08:55:52 AM : dispatcher.py line - 378 : start_polling : aiogram.dispatcher.dispatcher : ERROR : Cause exception while getting updates.
Traceback (most recent call last):
  File "C:\Users\Кадзицу\AppData\Roaming\Python\Python314\site-packages\aiogram\dispatcher\dispatcher.py", line 374, in start_polling
    updates = await self.bot.get_updates(limit=limit, offset=offset, timeout=timeout)
              ^^^^^^^^^^^^^^^^^^^^^^^^^^^^^^^^^^^^^^^^^^^^^^^^^^^^^^^^^^^^^^^^^^^^^^^
  File "C:\Users\Кадзицу\AppData\Roaming\Python\Python314\site-packages\aiogram\bot\bot.py", line 97, in get_updates
    result = await self.request(api.Methods.GET_UPDATES, payload)
             ^^^^^^^^^^^^^^^^^^^^^^^^^^^^^^^^^^^^^^^^^^^^^^^^^^^^
  File "C:\Users\Кадзицу\AppData\Roaming\Python\Python314\site-packages\aiogram\bot\base.py", line 208, in request
    return await api.make_request(self.session, self.server, self.__token, method, data, files,
           ^^^^^^^^^^^^^^^^^^^^^^^^^^^^^^^^^^^^^^^^^^^^^^^^^^^^^^^^^^^^^^^^^^^^^^^^^^^^^^^^^^^^
                                  proxy=self.proxy, proxy_auth=self.proxy_auth, timeout=self.timeout, **kwargs)
                                  ^^^^^^^^^^^^^^^^^^^^^^^^^^^^^^^^^^^^^^^^^^^^^^^^^^^^^^^^^^^^^^^^^^^^^^^^^^^^^
  File "C:\Users\Кадзицу\AppData\Roaming\Python\Python314\site-packages\aiogram\bot\api.py", line 140, in make_request
    return check_result(method, response.content_type, response.status, await response.text())
  File "C:\Users\Кадзицу\AppData\Roaming\Python\Python314\site-packages\aiogram\bot\api.py", line 119, in check_result
    exceptions.ConflictError.detect(description)
    ~~~~~~~~~~~~~~~~~~~~~~~~~~~~~~~^^^^^^^^^^^^^
  File "C:\Users\Кадзицу\AppData\Roaming\Python\Python314\site-packages\aiogram\utils\exceptions.py", line 140, in detect
    raise err(cls.text or description)
aiogram.utils.exceptions.TerminatedByOtherGetUpdates: Terminated by other getupdates request; make sure that only one bot instance is running
04/09/2026 08:55:57 AM : dispatcher.py line - 378 : start_polling : aiogram.dispatcher.dispatcher : ERROR : Cause exception while getting updates.
Traceback (most recent call last):
  File "C:\Users\Кадзицу\AppData\Roaming\Python\Python314\site-packages\aiogram\dispatcher\dispatcher.py", line 374, in start_polling
    updates = await self.bot.get_updates(limit=limit, offset=offset, timeout=timeout)
              ^^^^^^^^^^^^^^^^^^^^^^^^^^^^^^^^^^^^^^^^^^^^^^^^^^^^^^^^^^^^^^^^^^^^^^^
  File "C:\Users\Кадзицу\AppData\Roaming\Python\Python314\site-packages\aiogram\bot\bot.py", line 97, in get_updates
    result = await self.request(api.Methods.GET_UPDATES, payload)
             ^^^^^^^^^^^^^^^^^^^^^^^^^^^^^^^^^^^^^^^^^^^^^^^^^^^^
  File "C:\Users\Кадзицу\AppData\Roaming\Python\Python314\site-packages\aiogram\bot\base.py", line 208, in request
    return await api.make_request(self.session, self.server, self.__token, method, data, files,
           ^^^^^^^^^^^^^^^^^^^^^^^^^^^^^^^^^^^^^^^^^^^^^^^^^^^^^^^^^^^^^^^^^^^^^^^^^^^^^^^^^^^^
                                  proxy=self.proxy, proxy_auth=self.proxy_auth, timeout=self.timeout, **kwargs)
                                  ^^^^^^^^^^^^^^^^^^^^^^^^^^^^^^^^^^^^^^^^^^^^^^^^^^^^^^^^^^^^^^^^^^^^^^^^^^^^^
  File "C:\Users\Кадзицу\AppData\Roaming\Python\Python314\site-packages\aiogram\bot\api.py", line 140, in make_request
    return check_result(method, response.content_type, response.status, await response.text())
  File "C:\Users\Кадзицу\AppData\Roaming\Python\Python314\site-packages\aiogram\bot\api.py", line 119, in check_result
    exceptions.ConflictError.detect(description)
    ~~~~~~~~~~~~~~~~~~~~~~~~~~~~~~~^^^^^^^^^^^^^
  File "C:\Users\Кадзицу\AppData\Roaming\Python\Python314\site-packages\aiogram\utils\exceptions.py", line 140, in detect
    raise err(cls.text or description)
aiogram.utils.exceptions.TerminatedByOtherGetUpdates: Terminated by other getupdates request; make sure that only one bot instance is running
04/09/2026 08:56:02 AM : dispatcher.py line - 378 : start_polling : aiogram.dispatcher.dispatcher : ERROR : Cause exception while getting updates.
Traceback (most recent call last):
  File "C:\Users\Кадзицу\AppData\Roaming\Python\Python314\site-packages\aiogram\dispatcher\dispatcher.py", line 374, in start_polling
    updates = await self.bot.get_updates(limit=limit, offset=offset, timeout=timeout)
              ^^^^^^^^^^^^^^^^^^^^^^^^^^^^^^^^^^^^^^^^^^^^^^^^^^^^^^^^^^^^^^^^^^^^^^^
  File "C:\Users\Кадзицу\AppData\Roaming\Python\Python314\site-packages\aiogram\bot\bot.py", line 97, in get_updates
    result = await self.request(api.Methods.GET_UPDATES, payload)
             ^^^^^^^^^^^^^^^^^^^^^^^^^^^^^^^^^^^^^^^^^^^^^^^^^^^^
  File "C:\Users\Кадзицу\AppData\Roaming\Python\Python314\site-packages\aiogram\bot\base.py", line 208, in request
    return await api.make_request(self.session, self.server, self.__token, method, data, files,
           ^^^^^^^^^^^^^^^^^^^^^^^^^^^^^^^^^^^^^^^^^^^^^^^^^^^^^^^^^^^^^^^^^^^^^^^^^^^^^^^^^^^^
                                  proxy=self.proxy, proxy_auth=self.proxy_auth, timeout=self.timeout, **kwargs)
                                  ^^^^^^^^^^^^^^^^^^^^^^^^^^^^^^^^^^^^^^^^^^^^^^^^^^^^^^^^^^^^^^^^^^^^^^^^^^^^^
  File "C:\Users\Кадзицу\AppData\Roaming\Python\Python314\site-packages\aiogram\bot\api.py", line 140, in make_request
    return check_result(method, response.content_type, response.status, await response.text())
  File "C:\Users\Кадзицу\AppData\Roaming\Python\Python314\site-packages\aiogram\bot\api.py", line 119, in check_result
    exceptions.ConflictError.detect(description)
    ~~~~~~~~~~~~~~~~~~~~~~~~~~~~~~~^^^^^^^^^^^^^
  File "C:\Users\Кадзицу\AppData\Roaming\Python\Python314\site-packages\aiogram\utils\exceptions.py", line 140, in detect
    raise err(cls.text or description)
aiogram.utils.exceptions.TerminatedByOtherGetUpdates: Terminated by other getupdates request; make sure that only one bot instance is running
04/09/2026 08:56:08 AM : dispatcher.py line - 378 : start_polling : aiogram.dispatcher.dispatcher : ERROR : Cause exception while getting updates.
Traceback (most recent call last):
  File "C:\Users\Кадзицу\AppData\Roaming\Python\Python314\site-packages\aiogram\dispatcher\dispatcher.py", line 374, in start_polling
    updates = await self.bot.get_updates(limit=limit, offset=offset, timeout=timeout)
              ^^^^^^^^^^^^^^^^^^^^^^^^^^^^^^^^^^^^^^^^^^^^^^^^^^^^^^^^^^^^^^^^^^^^^^^
  File "C:\Users\Кадзицу\AppData\Roaming\Python\Python314\site-packages\aiogram\bot\bot.py", line 97, in get_updates
    result = await self.request(api.Methods.GET_UPDATES, payload)
             ^^^^^^^^^^^^^^^^^^^^^^^^^^^^^^^^^^^^^^^^^^^^^^^^^^^^
  File "C:\Users\Кадзицу\AppData\Roaming\Python\Python314\site-packages\aiogram\bot\base.py", line 208, in request
    return await api.make_request(self.session, self.server, self.__token, method, data, files,
           ^^^^^^^^^^^^^^^^^^^^^^^^^^^^^^^^^^^^^^^^^^^^^^^^^^^^^^^^^^^^^^^^^^^^^^^^^^^^^^^^^^^^
                                  proxy=self.proxy, proxy_auth=self.proxy_auth, timeout=self.timeout, **kwargs)
                                  ^^^^^^^^^^^^^^^^^^^^^^^^^^^^^^^^^^^^^^^^^^^^^^^^^^^^^^^^^^^^^^^^^^^^^^^^^^^^^
  File "C:\Users\Кадзицу\AppData\Roaming\Python\Python314\site-packages\aiogram\bot\api.py", line 140, in make_request
    return check_result(method, response.content_type, response.status, await response.text())
  File "C:\Users\Кадзицу\AppData\Roaming\Python\Python314\site-packages\aiogram\bot\api.py", line 119, in check_result
    exceptions.ConflictError.detect(description)
    ~~~~~~~~~~~~~~~~~~~~~~~~~~~~~~~^^^^^^^^^^^^^
  File "C:\Users\Кадзицу\AppData\Roaming\Python\Python314\site-packages\aiogram\utils\exceptions.py", line 140, in detect
    raise err(cls.text or description)
aiogram.utils.exceptions.TerminatedByOtherGetUpdates: Terminated by other getupdates request; make sure that only one bot instance is running
04/09/2026 08:56:13 AM : dispatcher.py line - 378 : start_polling : aiogram.dispatcher.dispatcher : ERROR : Cause exception while getting updates.
Traceback (most recent call last):
  File "C:\Users\Кадзицу\AppData\Roaming\Python\Python314\site-packages\aiogram\dispatcher\dispatcher.py", line 374, in start_polling
    updates = await self.bot.get_updates(limit=limit, offset=offset, timeout=timeout)
              ^^^^^^^^^^^^^^^^^^^^^^^^^^^^^^^^^^^^^^^^^^^^^^^^^^^^^^^^^^^^^^^^^^^^^^^
  File "C:\Users\Кадзицу\AppData\Roaming\Python\Python314\site-packages\aiogram\bot\bot.py", line 97, in get_updates
    result = await self.request(api.Methods.GET_UPDATES, payload)
             ^^^^^^^^^^^^^^^^^^^^^^^^^^^^^^^^^^^^^^^^^^^^^^^^^^^^
  File "C:\Users\Кадзицу\AppData\Roaming\Python\Python314\site-packages\aiogram\bot\base.py", line 208, in request
    return await api.make_request(self.session, self.server, self.__token, method, data, files,
           ^^^^^^^^^^^^^^^^^^^^^^^^^^^^^^^^^^^^^^^^^^^^^^^^^^^^^^^^^^^^^^^^^^^^^^^^^^^^^^^^^^^^
                                  proxy=self.proxy, proxy_auth=self.proxy_auth, timeout=self.timeout, **kwargs)
                                  ^^^^^^^^^^^^^^^^^^^^^^^^^^^^^^^^^^^^^^^^^^^^^^^^^^^^^^^^^^^^^^^^^^^^^^^^^^^^^
  File "C:\Users\Кадзицу\AppData\Roaming\Python\Python314\site-packages\aiogram\bot\api.py", line 140, in make_request
    return check_result(method, response.content_type, response.status, await response.text())
  File "C:\Users\Кадзицу\AppData\Roaming\Python\Python314\site-packages\aiogram\bot\api.py", line 119, in check_result
    exceptions.ConflictError.detect(description)
    ~~~~~~~~~~~~~~~~~~~~~~~~~~~~~~~^^^^^^^^^^^^^
  File "C:\Users\Кадзицу\AppData\Roaming\Python\Python314\site-packages\aiogram\utils\exceptions.py", line 140, in detect
    raise err(cls.text or description)
aiogram.utils.exceptions.TerminatedByOtherGetUpdates: Terminated by other getupdates request; make sure that only one bot instance is running
04/09/2026 08:56:18 AM : dispatcher.py line - 378 : start_polling : aiogram.dispatcher.dispatcher : ERROR : Cause exception while getting updates.
Traceback (most recent call last):
  File "C:\Users\Кадзицу\AppData\Roaming\Python\Python314\site-packages\aiogram\dispatcher\dispatcher.py", line 374, in start_polling
    updates = await self.bot.get_updates(limit=limit, offset=offset, timeout=timeout)
              ^^^^^^^^^^^^^^^^^^^^^^^^^^^^^^^^^^^^^^^^^^^^^^^^^^^^^^^^^^^^^^^^^^^^^^^
  File "C:\Users\Кадзицу\AppData\Roaming\Python\Python314\site-packages\aiogram\bot\bot.py", line 97, in get_updates
    result = await self.request(api.Methods.GET_UPDATES, payload)
             ^^^^^^^^^^^^^^^^^^^^^^^^^^^^^^^^^^^^^^^^^^^^^^^^^^^^
  File "C:\Users\Кадзицу\AppData\Roaming\Python\Python314\site-packages\aiogram\bot\base.py", line 208, in request
    return await api.make_request(self.session, self.server, self.__token, method, data, files,
           ^^^^^^^^^^^^^^^^^^^^^^^^^^^^^^^^^^^^^^^^^^^^^^^^^^^^^^^^^^^^^^^^^^^^^^^^^^^^^^^^^^^^
                                  proxy=self.proxy, proxy_auth=self.proxy_auth, timeout=self.timeout, **kwargs)
                                  ^^^^^^^^^^^^^^^^^^^^^^^^^^^^^^^^^^^^^^^^^^^^^^^^^^^^^^^^^^^^^^^^^^^^^^^^^^^^^
  File "C:\Users\Кадзицу\AppData\Roaming\Python\Python314\site-packages\aiogram\bot\api.py", line 140, in make_request
    return check_result(method, response.content_type, response.status, await response.text())
  File "C:\Users\Кадзицу\AppData\Roaming\Python\Python314\site-packages\aiogram\bot\api.py", line 119, in check_result
    exceptions.ConflictError.detect(description)
    ~~~~~~~~~~~~~~~~~~~~~~~~~~~~~~~^^^^^^^^^^^^^
  File "C:\Users\Кадзицу\AppData\Roaming\Python\Python314\site-packages\aiogram\utils\exceptions.py", line 140, in detect
    raise err(cls.text or description)
aiogram.utils.exceptions.TerminatedByOtherGetUpdates: Terminated by other getupdates request; make sure that only one bot instance is running
04/09/2026 08:56:23 AM : dispatcher.py line - 378 : start_polling : aiogram.dispatcher.dispatcher : ERROR : Cause exception while getting updates.
Traceback (most recent call last):
  File "C:\Users\Кадзицу\AppData\Roaming\Python\Python314\site-packages\aiogram\dispatcher\dispatcher.py", line 374, in start_polling
    updates = await self.bot.get_updates(limit=limit, offset=offset, timeout=timeout)
              ^^^^^^^^^^^^^^^^^^^^^^^^^^^^^^^^^^^^^^^^^^^^^^^^^^^^^^^^^^^^^^^^^^^^^^^
  File "C:\Users\Кадзицу\AppData\Roaming\Python\Python314\site-packages\aiogram\bot\bot.py", line 97, in get_updates
    result = await self.request(api.Methods.GET_UPDATES, payload)
             ^^^^^^^^^^^^^^^^^^^^^^^^^^^^^^^^^^^^^^^^^^^^^^^^^^^^
  File "C:\Users\Кадзицу\AppData\Roaming\Python\Python314\site-packages\aiogram\bot\base.py", line 208, in request
    return await api.make_request(self.session, self.server, self.__token, method, data, files,
           ^^^^^^^^^^^^^^^^^^^^^^^^^^^^^^^^^^^^^^^^^^^^^^^^^^^^^^^^^^^^^^^^^^^^^^^^^^^^^^^^^^^^
                                  proxy=self.proxy, proxy_auth=self.proxy_auth, timeout=self.timeout, **kwargs)
                                  ^^^^^^^^^^^^^^^^^^^^^^^^^^^^^^^^^^^^^^^^^^^^^^^^^^^^^^^^^^^^^^^^^^^^^^^^^^^^^
  File "C:\Users\Кадзицу\AppData\Roaming\Python\Python314\site-packages\aiogram\bot\api.py", line 140, in make_request
    return check_result(method, response.content_type, response.status, await response.text())
  File "C:\Users\Кадзицу\AppData\Roaming\Python\Python314\site-packages\aiogram\bot\api.py", line 119, in check_result
    exceptions.ConflictError.detect(description)
    ~~~~~~~~~~~~~~~~~~~~~~~~~~~~~~~^^^^^^^^^^^^^
  File "C:\Users\Кадзицу\AppData\Roaming\Python\Python314\site-packages\aiogram\utils\exceptions.py", line 140, in detect
    raise err(cls.text or description)
aiogram.utils.exceptions.TerminatedByOtherGetUpdates: Terminated by other getupdates request; make sure that only one bot instance is running
04/09/2026 08:56:29 AM : dispatcher.py line - 378 : start_polling : aiogram.dispatcher.dispatcher : ERROR : Cause exception while getting updates.
Traceback (most recent call last):
  File "C:\Users\Кадзицу\AppData\Roaming\Python\Python314\site-packages\aiogram\dispatcher\dispatcher.py", line 374, in start_polling
    updates = await self.bot.get_updates(limit=limit, offset=offset, timeout=timeout)
              ^^^^^^^^^^^^^^^^^^^^^^^^^^^^^^^^^^^^^^^^^^^^^^^^^^^^^^^^^^^^^^^^^^^^^^^
  File "C:\Users\Кадзицу\AppData\Roaming\Python\Python314\site-packages\aiogram\bot\bot.py", line 97, in get_updates
    result = await self.request(api.Methods.GET_UPDATES, payload)
             ^^^^^^^^^^^^^^^^^^^^^^^^^^^^^^^^^^^^^^^^^^^^^^^^^^^^
  File "C:\Users\Кадзицу\AppData\Roaming\Python\Python314\site-packages\aiogram\bot\base.py", line 208, in request
    return await api.make_request(self.session, self.server, self.__token, method, data, files,
           ^^^^^^^^^^^^^^^^^^^^^^^^^^^^^^^^^^^^^^^^^^^^^^^^^^^^^^^^^^^^^^^^^^^^^^^^^^^^^^^^^^^^
                                  proxy=self.proxy, proxy_auth=self.proxy_auth, timeout=self.timeout, **kwargs)
                                  ^^^^^^^^^^^^^^^^^^^^^^^^^^^^^^^^^^^^^^^^^^^^^^^^^^^^^^^^^^^^^^^^^^^^^^^^^^^^^
  File "C:\Users\Кадзицу\AppData\Roaming\Python\Python314\site-packages\aiogram\bot\api.py", line 140, in make_request
    return check_result(method, response.content_type, response.status, await response.text())
  File "C:\Users\Кадзицу\AppData\Roaming\Python\Python314\site-packages\aiogram\bot\api.py", line 119, in check_result
    exceptions.ConflictError.detect(description)
    ~~~~~~~~~~~~~~~~~~~~~~~~~~~~~~~^^^^^^^^^^^^^
  File "C:\Users\Кадзицу\AppData\Roaming\Python\Python314\site-packages\aiogram\utils\exceptions.py", line 140, in detect
    raise err(cls.text or description)
aiogram.utils.exceptions.TerminatedByOtherGetUpdates: Terminated by other getupdates request; make sure that only one bot instance is running
04/09/2026 08:56:34 AM : dispatcher.py line - 378 : start_polling : aiogram.dispatcher.dispatcher : ERROR : Cause exception while getting updates.
Traceback (most recent call last):
  File "C:\Users\Кадзицу\AppData\Roaming\Python\Python314\site-packages\aiogram\dispatcher\dispatcher.py", line 374, in start_polling
    updates = await self.bot.get_updates(limit=limit, offset=offset, timeout=timeout)
              ^^^^^^^^^^^^^^^^^^^^^^^^^^^^^^^^^^^^^^^^^^^^^^^^^^^^^^^^^^^^^^^^^^^^^^^
  File "C:\Users\Кадзицу\AppData\Roaming\Python\Python314\site-packages\aiogram\bot\bot.py", line 97, in get_updates
    result = await self.request(api.Methods.GET_UPDATES, payload)
             ^^^^^^^^^^^^^^^^^^^^^^^^^^^^^^^^^^^^^^^^^^^^^^^^^^^^
  File "C:\Users\Кадзицу\AppData\Roaming\Python\Python314\site-packages\aiogram\bot\base.py", line 208, in request
    return await api.make_request(self.session, self.server, self.__token, method, data, files,
           ^^^^^^^^^^^^^^^^^^^^^^^^^^^^^^^^^^^^^^^^^^^^^^^^^^^^^^^^^^^^^^^^^^^^^^^^^^^^^^^^^^^^
                                  proxy=self.proxy, proxy_auth=self.proxy_auth, timeout=self.timeout, **kwargs)
                                  ^^^^^^^^^^^^^^^^^^^^^^^^^^^^^^^^^^^^^^^^^^^^^^^^^^^^^^^^^^^^^^^^^^^^^^^^^^^^^
  File "C:\Users\Кадзицу\AppData\Roaming\Python\Python314\site-packages\aiogram\bot\api.py", line 140, in make_request
    return check_result(method, response.content_type, response.status, await response.text())
  File "C:\Users\Кадзицу\AppData\Roaming\Python\Python314\site-packages\aiogram\bot\api.py", line 119, in check_result
    exceptions.ConflictError.detect(description)
    ~~~~~~~~~~~~~~~~~~~~~~~~~~~~~~~^^^^^^^^^^^^^
  File "C:\Users\Кадзицу\AppData\Roaming\Python\Python314\site-packages\aiogram\utils\exceptions.py", line 140, in detect
    raise err(cls.text or description)
aiogram.utils.exceptions.TerminatedByOtherGetUpdates: Terminated by other getupdates request; make sure that only one bot instance is running
04/09/2026 08:56:39 AM : dispatcher.py line - 378 : start_polling : aiogram.dispatcher.dispatcher : ERROR : Cause exception while getting updates.
Traceback (most recent call last):
  File "C:\Users\Кадзицу\AppData\Roaming\Python\Python314\site-packages\aiogram\dispatcher\dispatcher.py", line 374, in start_polling
    updates = await self.bot.get_updates(limit=limit, offset=offset, timeout=timeout)
              ^^^^^^^^^^^^^^^^^^^^^^^^^^^^^^^^^^^^^^^^^^^^^^^^^^^^^^^^^^^^^^^^^^^^^^^
  File "C:\Users\Кадзицу\AppData\Roaming\Python\Python314\site-packages\aiogram\bot\bot.py", line 97, in get_updates
    result = await self.request(api.Methods.GET_UPDATES, payload)
             ^^^^^^^^^^^^^^^^^^^^^^^^^^^^^^^^^^^^^^^^^^^^^^^^^^^^
  File "C:\Users\Кадзицу\AppData\Roaming\Python\Python314\site-packages\aiogram\bot\base.py", line 208, in request
    return await api.make_request(self.session, self.server, self.__token, method, data, files,
           ^^^^^^^^^^^^^^^^^^^^^^^^^^^^^^^^^^^^^^^^^^^^^^^^^^^^^^^^^^^^^^^^^^^^^^^^^^^^^^^^^^^^
                                  proxy=self.proxy, proxy_auth=self.proxy_auth, timeout=self.timeout, **kwargs)
                                  ^^^^^^^^^^^^^^^^^^^^^^^^^^^^^^^^^^^^^^^^^^^^^^^^^^^^^^^^^^^^^^^^^^^^^^^^^^^^^
  File "C:\Users\Кадзицу\AppData\Roaming\Python\Python314\site-packages\aiogram\bot\api.py", line 140, in make_request
    return check_result(method, response.content_type, response.status, await response.text())
  File "C:\Users\Кадзицу\AppData\Roaming\Python\Python314\site-packages\aiogram\bot\api.py", line 119, in check_result
    exceptions.ConflictError.detect(description)
    ~~~~~~~~~~~~~~~~~~~~~~~~~~~~~~~^^^^^^^^^^^^^
  File "C:\Users\Кадзицу\AppData\Roaming\Python\Python314\site-packages\aiogram\utils\exceptions.py", line 140, in detect
    raise err(cls.text or description)
aiogram.utils.exceptions.TerminatedByOtherGetUpdates: Terminated by other getupdates request; make sure that only one bot instance is running
04/09/2026 08:56:44 AM : dispatcher.py line - 378 : start_polling : aiogram.dispatcher.dispatcher : ERROR : Cause exception while getting updates.
Traceback (most recent call last):
  File "C:\Users\Кадзицу\AppData\Roaming\Python\Python314\site-packages\aiogram\dispatcher\dispatcher.py", line 374, in start_polling
    updates = await self.bot.get_updates(limit=limit, offset=offset, timeout=timeout)
              ^^^^^^^^^^^^^^^^^^^^^^^^^^^^^^^^^^^^^^^^^^^^^^^^^^^^^^^^^^^^^^^^^^^^^^^
  File "C:\Users\Кадзицу\AppData\Roaming\Python\Python314\site-packages\aiogram\bot\bot.py", line 97, in get_updates
    result = await self.request(api.Methods.GET_UPDATES, payload)
             ^^^^^^^^^^^^^^^^^^^^^^^^^^^^^^^^^^^^^^^^^^^^^^^^^^^^
  File "C:\Users\Кадзицу\AppData\Roaming\Python\Python314\site-packages\aiogram\bot\base.py", line 208, in request
    return await api.make_request(self.session, self.server, self.__token, method, data, files,
           ^^^^^^^^^^^^^^^^^^^^^^^^^^^^^^^^^^^^^^^^^^^^^^^^^^^^^^^^^^^^^^^^^^^^^^^^^^^^^^^^^^^^
                                  proxy=self.proxy, proxy_auth=self.proxy_auth, timeout=self.timeout, **kwargs)
                                  ^^^^^^^^^^^^^^^^^^^^^^^^^^^^^^^^^^^^^^^^^^^^^^^^^^^^^^^^^^^^^^^^^^^^^^^^^^^^^
  File "C:\Users\Кадзицу\AppData\Roaming\Python\Python314\site-packages\aiogram\bot\api.py", line 140, in make_request
    return check_result(method, response.content_type, response.status, await response.text())
  File "C:\Users\Кадзицу\AppData\Roaming\Python\Python314\site-packages\aiogram\bot\api.py", line 119, in check_result
    exceptions.ConflictError.detect(description)
    ~~~~~~~~~~~~~~~~~~~~~~~~~~~~~~~^^^^^^^^^^^^^
  File "C:\Users\Кадзицу\AppData\Roaming\Python\Python314\site-packages\aiogram\utils\exceptions.py", line 140, in detect
    raise err(cls.text or description)
aiogram.utils.exceptions.TerminatedByOtherGetUpdates: Terminated by other getupdates request; make sure that only one bot instance is running
04/09/2026 08:56:50 AM : dispatcher.py line - 378 : start_polling : aiogram.dispatcher.dispatcher : ERROR : Cause exception while getting updates.
Traceback (most recent call last):
  File "C:\Users\Кадзицу\AppData\Roaming\Python\Python314\site-packages\aiogram\dispatcher\dispatcher.py", line 374, in start_polling
    updates = await self.bot.get_updates(limit=limit, offset=offset, timeout=timeout)
              ^^^^^^^^^^^^^^^^^^^^^^^^^^^^^^^^^^^^^^^^^^^^^^^^^^^^^^^^^^^^^^^^^^^^^^^
  File "C:\Users\Кадзицу\AppData\Roaming\Python\Python314\site-packages\aiogram\bot\bot.py", line 97, in get_updates
    result = await self.request(api.Methods.GET_UPDATES, payload)
             ^^^^^^^^^^^^^^^^^^^^^^^^^^^^^^^^^^^^^^^^^^^^^^^^^^^^
  File "C:\Users\Кадзицу\AppData\Roaming\Python\Python314\site-packages\aiogram\bot\base.py", line 208, in request
    return await api.make_request(self.session, self.server, self.__token, method, data, files,
           ^^^^^^^^^^^^^^^^^^^^^^^^^^^^^^^^^^^^^^^^^^^^^^^^^^^^^^^^^^^^^^^^^^^^^^^^^^^^^^^^^^^^
                                  proxy=self.proxy, proxy_auth=self.proxy_auth, timeout=self.timeout, **kwargs)
                                  ^^^^^^^^^^^^^^^^^^^^^^^^^^^^^^^^^^^^^^^^^^^^^^^^^^^^^^^^^^^^^^^^^^^^^^^^^^^^^
  File "C:\Users\Кадзицу\AppData\Roaming\Python\Python314\site-packages\aiogram\bot\api.py", line 140, in make_request
    return check_result(method, response.content_type, response.status, await response.text())
  File "C:\Users\Кадзицу\AppData\Roaming\Python\Python314\site-packages\aiogram\bot\api.py", line 119, in check_result
    exceptions.ConflictError.detect(description)
    ~~~~~~~~~~~~~~~~~~~~~~~~~~~~~~~^^^^^^^^^^^^^
  File "C:\Users\Кадзицу\AppData\Roaming\Python\Python314\site-packages\aiogram\utils\exceptions.py", line 140, in detect
    raise err(cls.text or description)
aiogram.utils.exceptions.TerminatedByOtherGetUpdates: Terminated by other getupdates request; make sure that only one bot instance is running
04/09/2026 08:56:55 AM : dispatcher.py line - 378 : start_polling : aiogram.dispatcher.dispatcher : ERROR : Cause exception while getting updates.
Traceback (most recent call last):
  File "C:\Users\Кадзицу\AppData\Roaming\Python\Python314\site-packages\aiogram\dispatcher\dispatcher.py", line 374, in start_polling
    updates = await self.bot.get_updates(limit=limit, offset=offset, timeout=timeout)
              ^^^^^^^^^^^^^^^^^^^^^^^^^^^^^^^^^^^^^^^^^^^^^^^^^^^^^^^^^^^^^^^^^^^^^^^
  File "C:\Users\Кадзицу\AppData\Roaming\Python\Python314\site-packages\aiogram\bot\bot.py", line 97, in get_updates
    result = await self.request(api.Methods.GET_UPDATES, payload)
             ^^^^^^^^^^^^^^^^^^^^^^^^^^^^^^^^^^^^^^^^^^^^^^^^^^^^
  File "C:\Users\Кадзицу\AppData\Roaming\Python\Python314\site-packages\aiogram\bot\base.py", line 208, in request
    return await api.make_request(self.session, self.server, self.__token, method, data, files,
           ^^^^^^^^^^^^^^^^^^^^^^^^^^^^^^^^^^^^^^^^^^^^^^^^^^^^^^^^^^^^^^^^^^^^^^^^^^^^^^^^^^^^
                                  proxy=self.proxy, proxy_auth=self.proxy_auth, timeout=self.timeout, **kwargs)
                                  ^^^^^^^^^^^^^^^^^^^^^^^^^^^^^^^^^^^^^^^^^^^^^^^^^^^^^^^^^^^^^^^^^^^^^^^^^^^^^
  File "C:\Users\Кадзицу\AppData\Roaming\Python\Python314\site-packages\aiogram\bot\api.py", line 140, in make_request
    return check_result(method, response.content_type, response.status, await response.text())
  File "C:\Users\Кадзицу\AppData\Roaming\Python\Python314\site-packages\aiogram\bot\api.py", line 119, in check_result
    exceptions.ConflictError.detect(description)
    ~~~~~~~~~~~~~~~~~~~~~~~~~~~~~~~^^^^^^^^^^^^^
  File "C:\Users\Кадзицу\AppData\Roaming\Python\Python314\site-packages\aiogram\utils\exceptions.py", line 140, in detect
    raise err(cls.text or description)
aiogram.utils.exceptions.TerminatedByOtherGetUpdates: Terminated by other getupdates request; make sure that only one bot instance is running
04/09/2026 08:57:00 AM : dispatcher.py line - 378 : start_polling : aiogram.dispatcher.dispatcher : ERROR : Cause exception while getting updates.
Traceback (most recent call last):
  File "C:\Users\Кадзицу\AppData\Roaming\Python\Python314\site-packages\aiogram\dispatcher\dispatcher.py", line 374, in start_polling
    updates = await self.bot.get_updates(limit=limit, offset=offset, timeout=timeout)
              ^^^^^^^^^^^^^^^^^^^^^^^^^^^^^^^^^^^^^^^^^^^^^^^^^^^^^^^^^^^^^^^^^^^^^^^
  File "C:\Users\Кадзицу\AppData\Roaming\Python\Python314\site-packages\aiogram\bot\bot.py", line 97, in get_updates
    result = await self.request(api.Methods.GET_UPDATES, payload)
             ^^^^^^^^^^^^^^^^^^^^^^^^^^^^^^^^^^^^^^^^^^^^^^^^^^^^
  File "C:\Users\Кадзицу\AppData\Roaming\Python\Python314\site-packages\aiogram\bot\base.py", line 208, in request
    return await api.make_request(self.session, self.server, self.__token, method, data, files,
           ^^^^^^^^^^^^^^^^^^^^^^^^^^^^^^^^^^^^^^^^^^^^^^^^^^^^^^^^^^^^^^^^^^^^^^^^^^^^^^^^^^^^
                                  proxy=self.proxy, proxy_auth=self.proxy_auth, timeout=self.timeout, **kwargs)
                                  ^^^^^^^^^^^^^^^^^^^^^^^^^^^^^^^^^^^^^^^^^^^^^^^^^^^^^^^^^^^^^^^^^^^^^^^^^^^^^
  File "C:\Users\Кадзицу\AppData\Roaming\Python\Python314\site-packages\aiogram\bot\api.py", line 140, in make_request
    return check_result(method, response.content_type, response.status, await response.text())
  File "C:\Users\Кадзицу\AppData\Roaming\Python\Python314\site-packages\aiogram\bot\api.py", line 119, in check_result
    exceptions.ConflictError.detect(description)
    ~~~~~~~~~~~~~~~~~~~~~~~~~~~~~~~^^^^^^^^^^^^^
  File "C:\Users\Кадзицу\AppData\Roaming\Python\Python314\site-packages\aiogram\utils\exceptions.py", line 140, in detect
    raise err(cls.text or description)
aiogram.utils.exceptions.TerminatedByOtherGetUpdates: Terminated by other getupdates request; make sure that only one bot instance is running
04/09/2026 08:57:05 AM : dispatcher.py line - 378 : start_polling : aiogram.dispatcher.dispatcher : ERROR : Cause exception while getting updates.
Traceback (most recent call last):
  File "C:\Users\Кадзицу\AppData\Roaming\Python\Python314\site-packages\aiogram\dispatcher\dispatcher.py", line 374, in start_polling
    updates = await self.bot.get_updates(limit=limit, offset=offset, timeout=timeout)
              ^^^^^^^^^^^^^^^^^^^^^^^^^^^^^^^^^^^^^^^^^^^^^^^^^^^^^^^^^^^^^^^^^^^^^^^
  File "C:\Users\Кадзицу\AppData\Roaming\Python\Python314\site-packages\aiogram\bot\bot.py", line 97, in get_updates
    result = await self.request(api.Methods.GET_UPDATES, payload)
             ^^^^^^^^^^^^^^^^^^^^^^^^^^^^^^^^^^^^^^^^^^^^^^^^^^^^
  File "C:\Users\Кадзицу\AppData\Roaming\Python\Python314\site-packages\aiogram\bot\base.py", line 208, in request
    return await api.make_request(self.session, self.server, self.__token, method, data, files,
           ^^^^^^^^^^^^^^^^^^^^^^^^^^^^^^^^^^^^^^^^^^^^^^^^^^^^^^^^^^^^^^^^^^^^^^^^^^^^^^^^^^^^
                                  proxy=self.proxy, proxy_auth=self.proxy_auth, timeout=self.timeout, **kwargs)
                                  ^^^^^^^^^^^^^^^^^^^^^^^^^^^^^^^^^^^^^^^^^^^^^^^^^^^^^^^^^^^^^^^^^^^^^^^^^^^^^
  File "C:\Users\Кадзицу\AppData\Roaming\Python\Python314\site-packages\aiogram\bot\api.py", line 140, in make_request
    return check_result(method, response.content_type, response.status, await response.text())
  File "C:\Users\Кадзицу\AppData\Roaming\Python\Python314\site-packages\aiogram\bot\api.py", line 119, in check_result
    exceptions.ConflictError.detect(description)
    ~~~~~~~~~~~~~~~~~~~~~~~~~~~~~~~^^^^^^^^^^^^^
  File "C:\Users\Кадзицу\AppData\Roaming\Python\Python314\site-packages\aiogram\utils\exceptions.py", line 140, in detect
    raise err(cls.text or description)
aiogram.utils.exceptions.TerminatedByOtherGetUpdates: Terminated by other getupdates request; make sure that only one bot instance is running
04/09/2026 08:57:11 AM : dispatcher.py line - 378 : start_polling : aiogram.dispatcher.dispatcher : ERROR : Cause exception while getting updates.
Traceback (most recent call last):
  File "C:\Users\Кадзицу\AppData\Roaming\Python\Python314\site-packages\aiogram\dispatcher\dispatcher.py", line 374, in start_polling
    updates = await self.bot.get_updates(limit=limit, offset=offset, timeout=timeout)
              ^^^^^^^^^^^^^^^^^^^^^^^^^^^^^^^^^^^^^^^^^^^^^^^^^^^^^^^^^^^^^^^^^^^^^^^
  File "C:\Users\Кадзицу\AppData\Roaming\Python\Python314\site-packages\aiogram\bot\bot.py", line 97, in get_updates
    result = await self.request(api.Methods.GET_UPDATES, payload)
             ^^^^^^^^^^^^^^^^^^^^^^^^^^^^^^^^^^^^^^^^^^^^^^^^^^^^
  File "C:\Users\Кадзицу\AppData\Roaming\Python\Python314\site-packages\aiogram\bot\base.py", line 208, in request
    return await api.make_request(self.session, self.server, self.__token, method, data, files,
           ^^^^^^^^^^^^^^^^^^^^^^^^^^^^^^^^^^^^^^^^^^^^^^^^^^^^^^^^^^^^^^^^^^^^^^^^^^^^^^^^^^^^
                                  proxy=self.proxy, proxy_auth=self.proxy_auth, timeout=self.timeout, **kwargs)
                                  ^^^^^^^^^^^^^^^^^^^^^^^^^^^^^^^^^^^^^^^^^^^^^^^^^^^^^^^^^^^^^^^^^^^^^^^^^^^^^
  File "C:\Users\Кадзицу\AppData\Roaming\Python\Python314\site-packages\aiogram\bot\api.py", line 140, in make_request
    return check_result(method, response.content_type, response.status, await response.text())
  File "C:\Users\Кадзицу\AppData\Roaming\Python\Python314\site-packages\aiogram\bot\api.py", line 119, in check_result
    exceptions.ConflictError.detect(description)
    ~~~~~~~~~~~~~~~~~~~~~~~~~~~~~~~^^^^^^^^^^^^^
  File "C:\Users\Кадзицу\AppData\Roaming\Python\Python314\site-packages\aiogram\utils\exceptions.py", line 140, in detect
    raise err(cls.text or description)
aiogram.utils.exceptions.TerminatedByOtherGetUpdates: Terminated by other getupdates request; make sure that only one bot instance is running
04/09/2026 08:57:16 AM : dispatcher.py line - 378 : start_polling : aiogram.dispatcher.dispatcher : ERROR : Cause exception while getting updates.
Traceback (most recent call last):
  File "C:\Users\Кадзицу\AppData\Roaming\Python\Python314\site-packages\aiogram\dispatcher\dispatcher.py", line 374, in start_polling
    updates = await self.bot.get_updates(limit=limit, offset=offset, timeout=timeout)
              ^^^^^^^^^^^^^^^^^^^^^^^^^^^^^^^^^^^^^^^^^^^^^^^^^^^^^^^^^^^^^^^^^^^^^^^
  File "C:\Users\Кадзицу\AppData\Roaming\Python\Python314\site-packages\aiogram\bot\bot.py", line 97, in get_updates
    result = await self.request(api.Methods.GET_UPDATES, payload)
             ^^^^^^^^^^^^^^^^^^^^^^^^^^^^^^^^^^^^^^^^^^^^^^^^^^^^
  File "C:\Users\Кадзицу\AppData\Roaming\Python\Python314\site-packages\aiogram\bot\base.py", line 208, in request
    return await api.make_request(self.session, self.server, self.__token, method, data, files,
           ^^^^^^^^^^^^^^^^^^^^^^^^^^^^^^^^^^^^^^^^^^^^^^^^^^^^^^^^^^^^^^^^^^^^^^^^^^^^^^^^^^^^
                                  proxy=self.proxy, proxy_auth=self.proxy_auth, timeout=self.timeout, **kwargs)
                                  ^^^^^^^^^^^^^^^^^^^^^^^^^^^^^^^^^^^^^^^^^^^^^^^^^^^^^^^^^^^^^^^^^^^^^^^^^^^^^
  File "C:\Users\Кадзицу\AppData\Roaming\Python\Python314\site-packages\aiogram\bot\api.py", line 140, in make_request
    return check_result(method, response.content_type, response.status, await response.text())
  File "C:\Users\Кадзицу\AppData\Roaming\Python\Python314\site-packages\aiogram\bot\api.py", line 119, in check_result
    exceptions.ConflictError.detect(description)
    ~~~~~~~~~~~~~~~~~~~~~~~~~~~~~~~^^^^^^^^^^^^^
  File "C:\Users\Кадзицу\AppData\Roaming\Python\Python314\site-packages\aiogram\utils\exceptions.py", line 140, in detect
    raise err(cls.text or description)
aiogram.utils.exceptions.TerminatedByOtherGetUpdates: Terminated by other getupdates request; make sure that only one bot instance is running
04/09/2026 08:57:21 AM : dispatcher.py line - 378 : start_polling : aiogram.dispatcher.dispatcher : ERROR : Cause exception while getting updates.
Traceback (most recent call last):
  File "C:\Users\Кадзицу\AppData\Roaming\Python\Python314\site-packages\aiogram\dispatcher\dispatcher.py", line 374, in start_polling
    updates = await self.bot.get_updates(limit=limit, offset=offset, timeout=timeout)
              ^^^^^^^^^^^^^^^^^^^^^^^^^^^^^^^^^^^^^^^^^^^^^^^^^^^^^^^^^^^^^^^^^^^^^^^
  File "C:\Users\Кадзицу\AppData\Roaming\Python\Python314\site-packages\aiogram\bot\bot.py", line 97, in get_updates
    result = await self.request(api.Methods.GET_UPDATES, payload)
             ^^^^^^^^^^^^^^^^^^^^^^^^^^^^^^^^^^^^^^^^^^^^^^^^^^^^
  File "C:\Users\Кадзицу\AppData\Roaming\Python\Python314\site-packages\aiogram\bot\base.py", line 208, in request
    return await api.make_request(self.session, self.server, self.__token, method, data, files,
           ^^^^^^^^^^^^^^^^^^^^^^^^^^^^^^^^^^^^^^^^^^^^^^^^^^^^^^^^^^^^^^^^^^^^^^^^^^^^^^^^^^^^
                                  proxy=self.proxy, proxy_auth=self.proxy_auth, timeout=self.timeout, **kwargs)
                                  ^^^^^^^^^^^^^^^^^^^^^^^^^^^^^^^^^^^^^^^^^^^^^^^^^^^^^^^^^^^^^^^^^^^^^^^^^^^^^
  File "C:\Users\Кадзицу\AppData\Roaming\Python\Python314\site-packages\aiogram\bot\api.py", line 140, in make_request
    return check_result(method, response.content_type, response.status, await response.text())
  File "C:\Users\Кадзицу\AppData\Roaming\Python\Python314\site-packages\aiogram\bot\api.py", line 119, in check_result
    exceptions.ConflictError.detect(description)
    ~~~~~~~~~~~~~~~~~~~~~~~~~~~~~~~^^^^^^^^^^^^^
  File "C:\Users\Кадзицу\AppData\Roaming\Python\Python314\site-packages\aiogram\utils\exceptions.py", line 140, in detect
    raise err(cls.text or description)
aiogram.utils.exceptions.TerminatedByOtherGetUpdates: Terminated by other getupdates request; make sure that only one bot instance is running
04/09/2026 08:57:26 AM : dispatcher.py line - 378 : start_polling : aiogram.dispatcher.dispatcher : ERROR : Cause exception while getting updates.
Traceback (most recent call last):
  File "C:\Users\Кадзицу\AppData\Roaming\Python\Python314\site-packages\aiogram\dispatcher\dispatcher.py", line 374, in start_polling
    updates = await self.bot.get_updates(limit=limit, offset=offset, timeout=timeout)
              ^^^^^^^^^^^^^^^^^^^^^^^^^^^^^^^^^^^^^^^^^^^^^^^^^^^^^^^^^^^^^^^^^^^^^^^
  File "C:\Users\Кадзицу\AppData\Roaming\Python\Python314\site-packages\aiogram\bot\bot.py", line 97, in get_updates
    result = await self.request(api.Methods.GET_UPDATES, payload)
             ^^^^^^^^^^^^^^^^^^^^^^^^^^^^^^^^^^^^^^^^^^^^^^^^^^^^
  File "C:\Users\Кадзицу\AppData\Roaming\Python\Python314\site-packages\aiogram\bot\base.py", line 208, in request
    return await api.make_request(self.session, self.server, self.__token, method, data, files,
           ^^^^^^^^^^^^^^^^^^^^^^^^^^^^^^^^^^^^^^^^^^^^^^^^^^^^^^^^^^^^^^^^^^^^^^^^^^^^^^^^^^^^
                                  proxy=self.proxy, proxy_auth=self.proxy_auth, timeout=self.timeout, **kwargs)
                                  ^^^^^^^^^^^^^^^^^^^^^^^^^^^^^^^^^^^^^^^^^^^^^^^^^^^^^^^^^^^^^^^^^^^^^^^^^^^^^
  File "C:\Users\Кадзицу\AppData\Roaming\Python\Python314\site-packages\aiogram\bot\api.py", line 140, in make_request
    return check_result(method, response.content_type, response.status, await response.text())
  File "C:\Users\Кадзицу\AppData\Roaming\Python\Python314\site-packages\aiogram\bot\api.py", line 119, in check_result
    exceptions.ConflictError.detect(description)
    ~~~~~~~~~~~~~~~~~~~~~~~~~~~~~~~^^^^^^^^^^^^^
  File "C:\Users\Кадзицу\AppData\Roaming\Python\Python314\site-packages\aiogram\utils\exceptions.py", line 140, in detect
    raise err(cls.text or description)
aiogram.utils.exceptions.TerminatedByOtherGetUpdates: Terminated by other getupdates request; make sure that only one bot instance is running
04/09/2026 08:57:32 AM : dispatcher.py line - 378 : start_polling : aiogram.dispatcher.dispatcher : ERROR : Cause exception while getting updates.
Traceback (most recent call last):
  File "C:\Users\Кадзицу\AppData\Roaming\Python\Python314\site-packages\aiogram\dispatcher\dispatcher.py", line 374, in start_polling
    updates = await self.bot.get_updates(limit=limit, offset=offset, timeout=timeout)
              ^^^^^^^^^^^^^^^^^^^^^^^^^^^^^^^^^^^^^^^^^^^^^^^^^^^^^^^^^^^^^^^^^^^^^^^
  File "C:\Users\Кадзицу\AppData\Roaming\Python\Python314\site-packages\aiogram\bot\bot.py", line 97, in get_updates
    result = await self.request(api.Methods.GET_UPDATES, payload)
             ^^^^^^^^^^^^^^^^^^^^^^^^^^^^^^^^^^^^^^^^^^^^^^^^^^^^
  File "C:\Users\Кадзицу\AppData\Roaming\Python\Python314\site-packages\aiogram\bot\base.py", line 208, in request
    return await api.make_request(self.session, self.server, self.__token, method, data, files,
           ^^^^^^^^^^^^^^^^^^^^^^^^^^^^^^^^^^^^^^^^^^^^^^^^^^^^^^^^^^^^^^^^^^^^^^^^^^^^^^^^^^^^
                                  proxy=self.proxy, proxy_auth=self.proxy_auth, timeout=self.timeout, **kwargs)
                                  ^^^^^^^^^^^^^^^^^^^^^^^^^^^^^^^^^^^^^^^^^^^^^^^^^^^^^^^^^^^^^^^^^^^^^^^^^^^^^
  File "C:\Users\Кадзицу\AppData\Roaming\Python\Python314\site-packages\aiogram\bot\api.py", line 140, in make_request
    return check_result(method, response.content_type, response.status, await response.text())
  File "C:\Users\Кадзицу\AppData\Roaming\Python\Python314\site-packages\aiogram\bot\api.py", line 119, in check_result
    exceptions.ConflictError.detect(description)
    ~~~~~~~~~~~~~~~~~~~~~~~~~~~~~~~^^^^^^^^^^^^^
  File "C:\Users\Кадзицу\AppData\Roaming\Python\Python314\site-packages\aiogram\utils\exceptions.py", line 140, in detect
    raise err(cls.text or description)
aiogram.utils.exceptions.TerminatedByOtherGetUpdates: Terminated by other getupdates request; make sure that only one bot instance is running
04/09/2026 08:57:37 AM : dispatcher.py line - 378 : start_polling : aiogram.dispatcher.dispatcher : ERROR : Cause exception while getting updates.
Traceback (most recent call last):
  File "C:\Users\Кадзицу\AppData\Roaming\Python\Python314\site-packages\aiogram\dispatcher\dispatcher.py", line 374, in start_polling
    updates = await self.bot.get_updates(limit=limit, offset=offset, timeout=timeout)
              ^^^^^^^^^^^^^^^^^^^^^^^^^^^^^^^^^^^^^^^^^^^^^^^^^^^^^^^^^^^^^^^^^^^^^^^
  File "C:\Users\Кадзицу\AppData\Roaming\Python\Python314\site-packages\aiogram\bot\bot.py", line 97, in get_updates
    result = await self.request(api.Methods.GET_UPDATES, payload)
             ^^^^^^^^^^^^^^^^^^^^^^^^^^^^^^^^^^^^^^^^^^^^^^^^^^^^
  File "C:\Users\Кадзицу\AppData\Roaming\Python\Python314\site-packages\aiogram\bot\base.py", line 208, in request
    return await api.make_request(self.session, self.server, self.__token, method, data, files,
           ^^^^^^^^^^^^^^^^^^^^^^^^^^^^^^^^^^^^^^^^^^^^^^^^^^^^^^^^^^^^^^^^^^^^^^^^^^^^^^^^^^^^
                                  proxy=self.proxy, proxy_auth=self.proxy_auth, timeout=self.timeout, **kwargs)
                                  ^^^^^^^^^^^^^^^^^^^^^^^^^^^^^^^^^^^^^^^^^^^^^^^^^^^^^^^^^^^^^^^^^^^^^^^^^^^^^
  File "C:\Users\Кадзицу\AppData\Roaming\Python\Python314\site-packages\aiogram\bot\api.py", line 140, in make_request
    return check_result(method, response.content_type, response.status, await response.text())
  File "C:\Users\Кадзицу\AppData\Roaming\Python\Python314\site-packages\aiogram\bot\api.py", line 119, in check_result
    exceptions.ConflictError.detect(description)
    ~~~~~~~~~~~~~~~~~~~~~~~~~~~~~~~^^^^^^^^^^^^^
  File "C:\Users\Кадзицу\AppData\Roaming\Python\Python314\site-packages\aiogram\utils\exceptions.py", line 140, in detect
    raise err(cls.text or description)
aiogram.utils.exceptions.TerminatedByOtherGetUpdates: Terminated by other getupdates request; make sure that only one bot instance is running
04/09/2026 08:57:42 AM : dispatcher.py line - 378 : start_polling : aiogram.dispatcher.dispatcher : ERROR : Cause exception while getting updates.
Traceback (most recent call last):
  File "C:\Users\Кадзицу\AppData\Roaming\Python\Python314\site-packages\aiogram\dispatcher\dispatcher.py", line 374, in start_polling
    updates = await self.bot.get_updates(limit=limit, offset=offset, timeout=timeout)
              ^^^^^^^^^^^^^^^^^^^^^^^^^^^^^^^^^^^^^^^^^^^^^^^^^^^^^^^^^^^^^^^^^^^^^^^
  File "C:\Users\Кадзицу\AppData\Roaming\Python\Python314\site-packages\aiogram\bot\bot.py", line 97, in get_updates
    result = await self.request(api.Methods.GET_UPDATES, payload)
             ^^^^^^^^^^^^^^^^^^^^^^^^^^^^^^^^^^^^^^^^^^^^^^^^^^^^
  File "C:\Users\Кадзицу\AppData\Roaming\Python\Python314\site-packages\aiogram\bot\base.py", line 208, in request
    return await api.make_request(self.session, self.server, self.__token, method, data, files,
           ^^^^^^^^^^^^^^^^^^^^^^^^^^^^^^^^^^^^^^^^^^^^^^^^^^^^^^^^^^^^^^^^^^^^^^^^^^^^^^^^^^^^
                                  proxy=self.proxy, proxy_auth=self.proxy_auth, timeout=self.timeout, **kwargs)
                                  ^^^^^^^^^^^^^^^^^^^^^^^^^^^^^^^^^^^^^^^^^^^^^^^^^^^^^^^^^^^^^^^^^^^^^^^^^^^^^
  File "C:\Users\Кадзицу\AppData\Roaming\Python\Python314\site-packages\aiogram\bot\api.py", line 140, in make_request
    return check_result(method, response.content_type, response.status, await response.text())
  File "C:\Users\Кадзицу\AppData\Roaming\Python\Python314\site-packages\aiogram\bot\api.py", line 119, in check_result
    exceptions.ConflictError.detect(description)
    ~~~~~~~~~~~~~~~~~~~~~~~~~~~~~~~^^^^^^^^^^^^^
  File "C:\Users\Кадзицу\AppData\Roaming\Python\Python314\site-packages\aiogram\utils\exceptions.py", line 140, in detect
    raise err(cls.text or description)
aiogram.utils.exceptions.TerminatedByOtherGetUpdates: Terminated by other getupdates request; make sure that only one bot instance is running
04/09/2026 08:57:47 AM : dispatcher.py line - 378 : start_polling : aiogram.dispatcher.dispatcher : ERROR : Cause exception while getting updates.
Traceback (most recent call last):
  File "C:\Users\Кадзицу\AppData\Roaming\Python\Python314\site-packages\aiogram\dispatcher\dispatcher.py", line 374, in start_polling
    updates = await self.bot.get_updates(limit=limit, offset=offset, timeout=timeout)
              ^^^^^^^^^^^^^^^^^^^^^^^^^^^^^^^^^^^^^^^^^^^^^^^^^^^^^^^^^^^^^^^^^^^^^^^
  File "C:\Users\Кадзицу\AppData\Roaming\Python\Python314\site-packages\aiogram\bot\bot.py", line 97, in get_updates
    result = await self.request(api.Methods.GET_UPDATES, payload)
             ^^^^^^^^^^^^^^^^^^^^^^^^^^^^^^^^^^^^^^^^^^^^^^^^^^^^
  File "C:\Users\Кадзицу\AppData\Roaming\Python\Python314\site-packages\aiogram\bot\base.py", line 208, in request
    return await api.make_request(self.session, self.server, self.__token, method, data, files,
           ^^^^^^^^^^^^^^^^^^^^^^^^^^^^^^^^^^^^^^^^^^^^^^^^^^^^^^^^^^^^^^^^^^^^^^^^^^^^^^^^^^^^
                                  proxy=self.proxy, proxy_auth=self.proxy_auth, timeout=self.timeout, **kwargs)
                                  ^^^^^^^^^^^^^^^^^^^^^^^^^^^^^^^^^^^^^^^^^^^^^^^^^^^^^^^^^^^^^^^^^^^^^^^^^^^^^
  File "C:\Users\Кадзицу\AppData\Roaming\Python\Python314\site-packages\aiogram\bot\api.py", line 140, in make_request
    return check_result(method, response.content_type, response.status, await response.text())
  File "C:\Users\Кадзицу\AppData\Roaming\Python\Python314\site-packages\aiogram\bot\api.py", line 119, in check_result
    exceptions.ConflictError.detect(description)
    ~~~~~~~~~~~~~~~~~~~~~~~~~~~~~~~^^^^^^^^^^^^^
  File "C:\Users\Кадзицу\AppData\Roaming\Python\Python314\site-packages\aiogram\utils\exceptions.py", line 140, in detect
    raise err(cls.text or description)
aiogram.utils.exceptions.TerminatedByOtherGetUpdates: Terminated by other getupdates request; make sure that only one bot instance is running
04/09/2026 08:57:53 AM : dispatcher.py line - 378 : start_polling : aiogram.dispatcher.dispatcher : ERROR : Cause exception while getting updates.
Traceback (most recent call last):
  File "C:\Users\Кадзицу\AppData\Roaming\Python\Python314\site-packages\aiogram\dispatcher\dispatcher.py", line 374, in start_polling
    updates = await self.bot.get_updates(limit=limit, offset=offset, timeout=timeout)
              ^^^^^^^^^^^^^^^^^^^^^^^^^^^^^^^^^^^^^^^^^^^^^^^^^^^^^^^^^^^^^^^^^^^^^^^
  File "C:\Users\Кадзицу\AppData\Roaming\Python\Python314\site-packages\aiogram\bot\bot.py", line 97, in get_updates
    result = await self.request(api.Methods.GET_UPDATES, payload)
             ^^^^^^^^^^^^^^^^^^^^^^^^^^^^^^^^^^^^^^^^^^^^^^^^^^^^
  File "C:\Users\Кадзицу\AppData\Roaming\Python\Python314\site-packages\aiogram\bot\base.py", line 208, in request
    return await api.make_request(self.session, self.server, self.__token, method, data, files,
           ^^^^^^^^^^^^^^^^^^^^^^^^^^^^^^^^^^^^^^^^^^^^^^^^^^^^^^^^^^^^^^^^^^^^^^^^^^^^^^^^^^^^
                                  proxy=self.proxy, proxy_auth=self.proxy_auth, timeout=self.timeout, **kwargs)
                                  ^^^^^^^^^^^^^^^^^^^^^^^^^^^^^^^^^^^^^^^^^^^^^^^^^^^^^^^^^^^^^^^^^^^^^^^^^^^^^
  File "C:\Users\Кадзицу\AppData\Roaming\Python\Python314\site-packages\aiogram\bot\api.py", line 140, in make_request
    return check_result(method, response.content_type, response.status, await response.text())
  File "C:\Users\Кадзицу\AppData\Roaming\Python\Python314\site-packages\aiogram\bot\api.py", line 119, in check_result
    exceptions.ConflictError.detect(description)
    ~~~~~~~~~~~~~~~~~~~~~~~~~~~~~~~^^^^^^^^^^^^^
  File "C:\Users\Кадзицу\AppData\Roaming\Python\Python314\site-packages\aiogram\utils\exceptions.py", line 140, in detect
    raise err(cls.text or description)
aiogram.utils.exceptions.TerminatedByOtherGetUpdates: Terminated by other getupdates request; make sure that only one bot instance is running
04/09/2026 08:57:58 AM : dispatcher.py line - 378 : start_polling : aiogram.dispatcher.dispatcher : ERROR : Cause exception while getting updates.
Traceback (most recent call last):
  File "C:\Users\Кадзицу\AppData\Roaming\Python\Python314\site-packages\aiogram\dispatcher\dispatcher.py", line 374, in start_polling
    updates = await self.bot.get_updates(limit=limit, offset=offset, timeout=timeout)
              ^^^^^^^^^^^^^^^^^^^^^^^^^^^^^^^^^^^^^^^^^^^^^^^^^^^^^^^^^^^^^^^^^^^^^^^
  File "C:\Users\Кадзицу\AppData\Roaming\Python\Python314\site-packages\aiogram\bot\bot.py", line 97, in get_updates
    result = await self.request(api.Methods.GET_UPDATES, payload)
             ^^^^^^^^^^^^^^^^^^^^^^^^^^^^^^^^^^^^^^^^^^^^^^^^^^^^
  File "C:\Users\Кадзицу\AppData\Roaming\Python\Python314\site-packages\aiogram\bot\base.py", line 208, in request
    return await api.make_request(self.session, self.server, self.__token, method, data, files,
           ^^^^^^^^^^^^^^^^^^^^^^^^^^^^^^^^^^^^^^^^^^^^^^^^^^^^^^^^^^^^^^^^^^^^^^^^^^^^^^^^^^^^
                                  proxy=self.proxy, proxy_auth=self.proxy_auth, timeout=self.timeout, **kwargs)
                                  ^^^^^^^^^^^^^^^^^^^^^^^^^^^^^^^^^^^^^^^^^^^^^^^^^^^^^^^^^^^^^^^^^^^^^^^^^^^^^
  File "C:\Users\Кадзицу\AppData\Roaming\Python\Python314\site-packages\aiogram\bot\api.py", line 140, in make_request
    return check_result(method, response.content_type, response.status, await response.text())
  File "C:\Users\Кадзицу\AppData\Roaming\Python\Python314\site-packages\aiogram\bot\api.py", line 119, in check_result
    exceptions.ConflictError.detect(description)
    ~~~~~~~~~~~~~~~~~~~~~~~~~~~~~~~^^^^^^^^^^^^^
  File "C:\Users\Кадзицу\AppData\Roaming\Python\Python314\site-packages\aiogram\utils\exceptions.py", line 140, in detect
    raise err(cls.text or description)
aiogram.utils.exceptions.TerminatedByOtherGetUpdates: Terminated by other getupdates request; make sure that only one bot instance is running
04/09/2026 08:58:03 AM : dispatcher.py line - 378 : start_polling : aiogram.dispatcher.dispatcher : ERROR : Cause exception while getting updates.
Traceback (most recent call last):
  File "C:\Users\Кадзицу\AppData\Roaming\Python\Python314\site-packages\aiogram\dispatcher\dispatcher.py", line 374, in start_polling
    updates = await self.bot.get_updates(limit=limit, offset=offset, timeout=timeout)
              ^^^^^^^^^^^^^^^^^^^^^^^^^^^^^^^^^^^^^^^^^^^^^^^^^^^^^^^^^^^^^^^^^^^^^^^
  File "C:\Users\Кадзицу\AppData\Roaming\Python\Python314\site-packages\aiogram\bot\bot.py", line 97, in get_updates
    result = await self.request(api.Methods.GET_UPDATES, payload)
             ^^^^^^^^^^^^^^^^^^^^^^^^^^^^^^^^^^^^^^^^^^^^^^^^^^^^
  File "C:\Users\Кадзицу\AppData\Roaming\Python\Python314\site-packages\aiogram\bot\base.py", line 208, in request
    return await api.make_request(self.session, self.server, self.__token, method, data, files,
           ^^^^^^^^^^^^^^^^^^^^^^^^^^^^^^^^^^^^^^^^^^^^^^^^^^^^^^^^^^^^^^^^^^^^^^^^^^^^^^^^^^^^
                                  proxy=self.proxy, proxy_auth=self.proxy_auth, timeout=self.timeout, **kwargs)
                                  ^^^^^^^^^^^^^^^^^^^^^^^^^^^^^^^^^^^^^^^^^^^^^^^^^^^^^^^^^^^^^^^^^^^^^^^^^^^^^
  File "C:\Users\Кадзицу\AppData\Roaming\Python\Python314\site-packages\aiogram\bot\api.py", line 140, in make_request
    return check_result(method, response.content_type, response.status, await response.text())
  File "C:\Users\Кадзицу\AppData\Roaming\Python\Python314\site-packages\aiogram\bot\api.py", line 119, in check_result
    exceptions.ConflictError.detect(description)
    ~~~~~~~~~~~~~~~~~~~~~~~~~~~~~~~^^^^^^^^^^^^^
  File "C:\Users\Кадзицу\AppData\Roaming\Python\Python314\site-packages\aiogram\utils\exceptions.py", line 140, in detect
    raise err(cls.text or description)
aiogram.utils.exceptions.TerminatedByOtherGetUpdates: Terminated by other getupdates request; make sure that only one bot instance is running
04/09/2026 08:58:08 AM : dispatcher.py line - 378 : start_polling : aiogram.dispatcher.dispatcher : ERROR : Cause exception while getting updates.
Traceback (most recent call last):
  File "C:\Users\Кадзицу\AppData\Roaming\Python\Python314\site-packages\aiogram\dispatcher\dispatcher.py", line 374, in start_polling
    updates = await self.bot.get_updates(limit=limit, offset=offset, timeout=timeout)
              ^^^^^^^^^^^^^^^^^^^^^^^^^^^^^^^^^^^^^^^^^^^^^^^^^^^^^^^^^^^^^^^^^^^^^^^
  File "C:\Users\Кадзицу\AppData\Roaming\Python\Python314\site-packages\aiogram\bot\bot.py", line 97, in get_updates
    result = await self.request(api.Methods.GET_UPDATES, payload)
             ^^^^^^^^^^^^^^^^^^^^^^^^^^^^^^^^^^^^^^^^^^^^^^^^^^^^
  File "C:\Users\Кадзицу\AppData\Roaming\Python\Python314\site-packages\aiogram\bot\base.py", line 208, in request
    return await api.make_request(self.session, self.server, self.__token, method, data, files,
           ^^^^^^^^^^^^^^^^^^^^^^^^^^^^^^^^^^^^^^^^^^^^^^^^^^^^^^^^^^^^^^^^^^^^^^^^^^^^^^^^^^^^
                                  proxy=self.proxy, proxy_auth=self.proxy_auth, timeout=self.timeout, **kwargs)
                                  ^^^^^^^^^^^^^^^^^^^^^^^^^^^^^^^^^^^^^^^^^^^^^^^^^^^^^^^^^^^^^^^^^^^^^^^^^^^^^
  File "C:\Users\Кадзицу\AppData\Roaming\Python\Python314\site-packages\aiogram\bot\api.py", line 140, in make_request
    return check_result(method, response.content_type, response.status, await response.text())
  File "C:\Users\Кадзицу\AppData\Roaming\Python\Python314\site-packages\aiogram\bot\api.py", line 119, in check_result
    exceptions.ConflictError.detect(description)
    ~~~~~~~~~~~~~~~~~~~~~~~~~~~~~~~^^^^^^^^^^^^^
  File "C:\Users\Кадзицу\AppData\Roaming\Python\Python314\site-packages\aiogram\utils\exceptions.py", line 140, in detect
    raise err(cls.text or description)
aiogram.utils.exceptions.TerminatedByOtherGetUpdates: Terminated by other getupdates request; make sure that only one bot instance is running
04/09/2026 08:58:14 AM : dispatcher.py line - 378 : start_polling : aiogram.dispatcher.dispatcher : ERROR : Cause exception while getting updates.
Traceback (most recent call last):
  File "C:\Users\Кадзицу\AppData\Roaming\Python\Python314\site-packages\aiogram\dispatcher\dispatcher.py", line 374, in start_polling
    updates = await self.bot.get_updates(limit=limit, offset=offset, timeout=timeout)
              ^^^^^^^^^^^^^^^^^^^^^^^^^^^^^^^^^^^^^^^^^^^^^^^^^^^^^^^^^^^^^^^^^^^^^^^
  File "C:\Users\Кадзицу\AppData\Roaming\Python\Python314\site-packages\aiogram\bot\bot.py", line 97, in get_updates
    result = await self.request(api.Methods.GET_UPDATES, payload)
             ^^^^^^^^^^^^^^^^^^^^^^^^^^^^^^^^^^^^^^^^^^^^^^^^^^^^
  File "C:\Users\Кадзицу\AppData\Roaming\Python\Python314\site-packages\aiogram\bot\base.py", line 208, in request
    return await api.make_request(self.session, self.server, self.__token, method, data, files,
           ^^^^^^^^^^^^^^^^^^^^^^^^^^^^^^^^^^^^^^^^^^^^^^^^^^^^^^^^^^^^^^^^^^^^^^^^^^^^^^^^^^^^
                                  proxy=self.proxy, proxy_auth=self.proxy_auth, timeout=self.timeout, **kwargs)
                                  ^^^^^^^^^^^^^^^^^^^^^^^^^^^^^^^^^^^^^^^^^^^^^^^^^^^^^^^^^^^^^^^^^^^^^^^^^^^^^
  File "C:\Users\Кадзицу\AppData\Roaming\Python\Python314\site-packages\aiogram\bot\api.py", line 140, in make_request
    return check_result(method, response.content_type, response.status, await response.text())
  File "C:\Users\Кадзицу\AppData\Roaming\Python\Python314\site-packages\aiogram\bot\api.py", line 119, in check_result
    exceptions.ConflictError.detect(description)
    ~~~~~~~~~~~~~~~~~~~~~~~~~~~~~~~^^^^^^^^^^^^^
  File "C:\Users\Кадзицу\AppData\Roaming\Python\Python314\site-packages\aiogram\utils\exceptions.py", line 140, in detect
    raise err(cls.text or description)
aiogram.utils.exceptions.TerminatedByOtherGetUpdates: Terminated by other getupdates request; make sure that only one bot instance is running
04/09/2026 08:58:19 AM : dispatcher.py line - 378 : start_polling : aiogram.dispatcher.dispatcher : ERROR : Cause exception while getting updates.
Traceback (most recent call last):
  File "C:\Users\Кадзицу\AppData\Roaming\Python\Python314\site-packages\aiogram\dispatcher\dispatcher.py", line 374, in start_polling
    updates = await self.bot.get_updates(limit=limit, offset=offset, timeout=timeout)
              ^^^^^^^^^^^^^^^^^^^^^^^^^^^^^^^^^^^^^^^^^^^^^^^^^^^^^^^^^^^^^^^^^^^^^^^
  File "C:\Users\Кадзицу\AppData\Roaming\Python\Python314\site-packages\aiogram\bot\bot.py", line 97, in get_updates
    result = await self.request(api.Methods.GET_UPDATES, payload)
             ^^^^^^^^^^^^^^^^^^^^^^^^^^^^^^^^^^^^^^^^^^^^^^^^^^^^
  File "C:\Users\Кадзицу\AppData\Roaming\Python\Python314\site-packages\aiogram\bot\base.py", line 208, in request
    return await api.make_request(self.session, self.server, self.__token, method, data, files,
           ^^^^^^^^^^^^^^^^^^^^^^^^^^^^^^^^^^^^^^^^^^^^^^^^^^^^^^^^^^^^^^^^^^^^^^^^^^^^^^^^^^^^
                                  proxy=self.proxy, proxy_auth=self.proxy_auth, timeout=self.timeout, **kwargs)
                                  ^^^^^^^^^^^^^^^^^^^^^^^^^^^^^^^^^^^^^^^^^^^^^^^^^^^^^^^^^^^^^^^^^^^^^^^^^^^^^
  File "C:\Users\Кадзицу\AppData\Roaming\Python\Python314\site-packages\aiogram\bot\api.py", line 140, in make_request
    return check_result(method, response.content_type, response.status, await response.text())
  File "C:\Users\Кадзицу\AppData\Roaming\Python\Python314\site-packages\aiogram\bot\api.py", line 119, in check_result
    exceptions.ConflictError.detect(description)
    ~~~~~~~~~~~~~~~~~~~~~~~~~~~~~~~^^^^^^^^^^^^^
  File "C:\Users\Кадзицу\AppData\Roaming\Python\Python314\site-packages\aiogram\utils\exceptions.py", line 140, in detect
    raise err(cls.text or description)
aiogram.utils.exceptions.TerminatedByOtherGetUpdates: Terminated by other getupdates request; make sure that only one bot instance is running
04/09/2026 08:58:25 AM : dispatcher.py line - 378 : start_polling : aiogram.dispatcher.dispatcher : ERROR : Cause exception while getting updates.
Traceback (most recent call last):
  File "C:\Users\Кадзицу\AppData\Roaming\Python\Python314\site-packages\aiogram\dispatcher\dispatcher.py", line 374, in start_polling
    updates = await self.bot.get_updates(limit=limit, offset=offset, timeout=timeout)
              ^^^^^^^^^^^^^^^^^^^^^^^^^^^^^^^^^^^^^^^^^^^^^^^^^^^^^^^^^^^^^^^^^^^^^^^
  File "C:\Users\Кадзицу\AppData\Roaming\Python\Python314\site-packages\aiogram\bot\bot.py", line 97, in get_updates
    result = await self.request(api.Methods.GET_UPDATES, payload)
             ^^^^^^^^^^^^^^^^^^^^^^^^^^^^^^^^^^^^^^^^^^^^^^^^^^^^
  File "C:\Users\Кадзицу\AppData\Roaming\Python\Python314\site-packages\aiogram\bot\base.py", line 208, in request
    return await api.make_request(self.session, self.server, self.__token, method, data, files,
           ^^^^^^^^^^^^^^^^^^^^^^^^^^^^^^^^^^^^^^^^^^^^^^^^^^^^^^^^^^^^^^^^^^^^^^^^^^^^^^^^^^^^
                                  proxy=self.proxy, proxy_auth=self.proxy_auth, timeout=self.timeout, **kwargs)
                                  ^^^^^^^^^^^^^^^^^^^^^^^^^^^^^^^^^^^^^^^^^^^^^^^^^^^^^^^^^^^^^^^^^^^^^^^^^^^^^
  File "C:\Users\Кадзицу\AppData\Roaming\Python\Python314\site-packages\aiogram\bot\api.py", line 140, in make_request
    return check_result(method, response.content_type, response.status, await response.text())
  File "C:\Users\Кадзицу\AppData\Roaming\Python\Python314\site-packages\aiogram\bot\api.py", line 119, in check_result
    exceptions.ConflictError.detect(description)
    ~~~~~~~~~~~~~~~~~~~~~~~~~~~~~~~^^^^^^^^^^^^^
  File "C:\Users\Кадзицу\AppData\Roaming\Python\Python314\site-packages\aiogram\utils\exceptions.py", line 140, in detect
    raise err(cls.text or description)
aiogram.utils.exceptions.TerminatedByOtherGetUpdates: Terminated by other getupdates request; make sure that only one bot instance is running
04/09/2026 08:58:30 AM : dispatcher.py line - 378 : start_polling : aiogram.dispatcher.dispatcher : ERROR : Cause exception while getting updates.
Traceback (most recent call last):
  File "C:\Users\Кадзицу\AppData\Roaming\Python\Python314\site-packages\aiogram\dispatcher\dispatcher.py", line 374, in start_polling
    updates = await self.bot.get_updates(limit=limit, offset=offset, timeout=timeout)
              ^^^^^^^^^^^^^^^^^^^^^^^^^^^^^^^^^^^^^^^^^^^^^^^^^^^^^^^^^^^^^^^^^^^^^^^
  File "C:\Users\Кадзицу\AppData\Roaming\Python\Python314\site-packages\aiogram\bot\bot.py", line 97, in get_updates
    result = await self.request(api.Methods.GET_UPDATES, payload)
             ^^^^^^^^^^^^^^^^^^^^^^^^^^^^^^^^^^^^^^^^^^^^^^^^^^^^
  File "C:\Users\Кадзицу\AppData\Roaming\Python\Python314\site-packages\aiogram\bot\base.py", line 208, in request
    return await api.make_request(self.session, self.server, self.__token, method, data, files,
           ^^^^^^^^^^^^^^^^^^^^^^^^^^^^^^^^^^^^^^^^^^^^^^^^^^^^^^^^^^^^^^^^^^^^^^^^^^^^^^^^^^^^
                                  proxy=self.proxy, proxy_auth=self.proxy_auth, timeout=self.timeout, **kwargs)
                                  ^^^^^^^^^^^^^^^^^^^^^^^^^^^^^^^^^^^^^^^^^^^^^^^^^^^^^^^^^^^^^^^^^^^^^^^^^^^^^
  File "C:\Users\Кадзицу\AppData\Roaming\Python\Python314\site-packages\aiogram\bot\api.py", line 140, in make_request
    return check_result(method, response.content_type, response.status, await response.text())
  File "C:\Users\Кадзицу\AppData\Roaming\Python\Python314\site-packages\aiogram\bot\api.py", line 119, in check_result
    exceptions.ConflictError.detect(description)
    ~~~~~~~~~~~~~~~~~~~~~~~~~~~~~~~^^^^^^^^^^^^^
  File "C:\Users\Кадзицу\AppData\Roaming\Python\Python314\site-packages\aiogram\utils\exceptions.py", line 140, in detect
    raise err(cls.text or description)
aiogram.utils.exceptions.TerminatedByOtherGetUpdates: Terminated by other getupdates request; make sure that only one bot instance is running
04/09/2026 08:58:35 AM : dispatcher.py line - 378 : start_polling : aiogram.dispatcher.dispatcher : ERROR : Cause exception while getting updates.
Traceback (most recent call last):
  File "C:\Users\Кадзицу\AppData\Roaming\Python\Python314\site-packages\aiogram\dispatcher\dispatcher.py", line 374, in start_polling
    updates = await self.bot.get_updates(limit=limit, offset=offset, timeout=timeout)
              ^^^^^^^^^^^^^^^^^^^^^^^^^^^^^^^^^^^^^^^^^^^^^^^^^^^^^^^^^^^^^^^^^^^^^^^
  File "C:\Users\Кадзицу\AppData\Roaming\Python\Python314\site-packages\aiogram\bot\bot.py", line 97, in get_updates
    result = await self.request(api.Methods.GET_UPDATES, payload)
             ^^^^^^^^^^^^^^^^^^^^^^^^^^^^^^^^^^^^^^^^^^^^^^^^^^^^
  File "C:\Users\Кадзицу\AppData\Roaming\Python\Python314\site-packages\aiogram\bot\base.py", line 208, in request
    return await api.make_request(self.session, self.server, self.__token, method, data, files,
           ^^^^^^^^^^^^^^^^^^^^^^^^^^^^^^^^^^^^^^^^^^^^^^^^^^^^^^^^^^^^^^^^^^^^^^^^^^^^^^^^^^^^
                                  proxy=self.proxy, proxy_auth=self.proxy_auth, timeout=self.timeout, **kwargs)
                                  ^^^^^^^^^^^^^^^^^^^^^^^^^^^^^^^^^^^^^^^^^^^^^^^^^^^^^^^^^^^^^^^^^^^^^^^^^^^^^
  File "C:\Users\Кадзицу\AppData\Roaming\Python\Python314\site-packages\aiogram\bot\api.py", line 140, in make_request
    return check_result(method, response.content_type, response.status, await response.text())
  File "C:\Users\Кадзицу\AppData\Roaming\Python\Python314\site-packages\aiogram\bot\api.py", line 119, in check_result
    exceptions.ConflictError.detect(description)
    ~~~~~~~~~~~~~~~~~~~~~~~~~~~~~~~^^^^^^^^^^^^^
  File "C:\Users\Кадзицу\AppData\Roaming\Python\Python314\site-packages\aiogram\utils\exceptions.py", line 140, in detect
    raise err(cls.text or description)
aiogram.utils.exceptions.TerminatedByOtherGetUpdates: Terminated by other getupdates request; make sure that only one bot instance is running
04/09/2026 08:58:41 AM : dispatcher.py line - 378 : start_polling : aiogram.dispatcher.dispatcher : ERROR : Cause exception while getting updates.
Traceback (most recent call last):
  File "C:\Users\Кадзицу\AppData\Roaming\Python\Python314\site-packages\aiogram\dispatcher\dispatcher.py", line 374, in start_polling
    updates = await self.bot.get_updates(limit=limit, offset=offset, timeout=timeout)
              ^^^^^^^^^^^^^^^^^^^^^^^^^^^^^^^^^^^^^^^^^^^^^^^^^^^^^^^^^^^^^^^^^^^^^^^
  File "C:\Users\Кадзицу\AppData\Roaming\Python\Python314\site-packages\aiogram\bot\bot.py", line 97, in get_updates
    result = await self.request(api.Methods.GET_UPDATES, payload)
             ^^^^^^^^^^^^^^^^^^^^^^^^^^^^^^^^^^^^^^^^^^^^^^^^^^^^
  File "C:\Users\Кадзицу\AppData\Roaming\Python\Python314\site-packages\aiogram\bot\base.py", line 208, in request
    return await api.make_request(self.session, self.server, self.__token, method, data, files,
           ^^^^^^^^^^^^^^^^^^^^^^^^^^^^^^^^^^^^^^^^^^^^^^^^^^^^^^^^^^^^^^^^^^^^^^^^^^^^^^^^^^^^
                                  proxy=self.proxy, proxy_auth=self.proxy_auth, timeout=self.timeout, **kwargs)
                                  ^^^^^^^^^^^^^^^^^^^^^^^^^^^^^^^^^^^^^^^^^^^^^^^^^^^^^^^^^^^^^^^^^^^^^^^^^^^^^
  File "C:\Users\Кадзицу\AppData\Roaming\Python\Python314\site-packages\aiogram\bot\api.py", line 140, in make_request
    return check_result(method, response.content_type, response.status, await response.text())
  File "C:\Users\Кадзицу\AppData\Roaming\Python\Python314\site-packages\aiogram\bot\api.py", line 119, in check_result
    exceptions.ConflictError.detect(description)
    ~~~~~~~~~~~~~~~~~~~~~~~~~~~~~~~^^^^^^^^^^^^^
  File "C:\Users\Кадзицу\AppData\Roaming\Python\Python314\site-packages\aiogram\utils\exceptions.py", line 140, in detect
    raise err(cls.text or description)
aiogram.utils.exceptions.TerminatedByOtherGetUpdates: Terminated by other getupdates request; make sure that only one bot instance is running
04/09/2026 08:58:46 AM : dispatcher.py line - 378 : start_polling : aiogram.dispatcher.dispatcher : ERROR : Cause exception while getting updates.
Traceback (most recent call last):
  File "C:\Users\Кадзицу\AppData\Roaming\Python\Python314\site-packages\aiogram\dispatcher\dispatcher.py", line 374, in start_polling
    updates = await self.bot.get_updates(limit=limit, offset=offset, timeout=timeout)
              ^^^^^^^^^^^^^^^^^^^^^^^^^^^^^^^^^^^^^^^^^^^^^^^^^^^^^^^^^^^^^^^^^^^^^^^
  File "C:\Users\Кадзицу\AppData\Roaming\Python\Python314\site-packages\aiogram\bot\bot.py", line 97, in get_updates
    result = await self.request(api.Methods.GET_UPDATES, payload)
             ^^^^^^^^^^^^^^^^^^^^^^^^^^^^^^^^^^^^^^^^^^^^^^^^^^^^
  File "C:\Users\Кадзицу\AppData\Roaming\Python\Python314\site-packages\aiogram\bot\base.py", line 208, in request
    return await api.make_request(self.session, self.server, self.__token, method, data, files,
           ^^^^^^^^^^^^^^^^^^^^^^^^^^^^^^^^^^^^^^^^^^^^^^^^^^^^^^^^^^^^^^^^^^^^^^^^^^^^^^^^^^^^
                                  proxy=self.proxy, proxy_auth=self.proxy_auth, timeout=self.timeout, **kwargs)
                                  ^^^^^^^^^^^^^^^^^^^^^^^^^^^^^^^^^^^^^^^^^^^^^^^^^^^^^^^^^^^^^^^^^^^^^^^^^^^^^
  File "C:\Users\Кадзицу\AppData\Roaming\Python\Python314\site-packages\aiogram\bot\api.py", line 140, in make_request
    return check_result(method, response.content_type, response.status, await response.text())
  File "C:\Users\Кадзицу\AppData\Roaming\Python\Python314\site-packages\aiogram\bot\api.py", line 119, in check_result
    exceptions.ConflictError.detect(description)
    ~~~~~~~~~~~~~~~~~~~~~~~~~~~~~~~^^^^^^^^^^^^^
  File "C:\Users\Кадзицу\AppData\Roaming\Python\Python314\site-packages\aiogram\utils\exceptions.py", line 140, in detect
    raise err(cls.text or description)
aiogram.utils.exceptions.TerminatedByOtherGetUpdates: Terminated by other getupdates request; make sure that only one bot instance is running
04/09/2026 08:58:51 AM : dispatcher.py line - 378 : start_polling : aiogram.dispatcher.dispatcher : ERROR : Cause exception while getting updates.
Traceback (most recent call last):
  File "C:\Users\Кадзицу\AppData\Roaming\Python\Python314\site-packages\aiogram\dispatcher\dispatcher.py", line 374, in start_polling
    updates = await self.bot.get_updates(limit=limit, offset=offset, timeout=timeout)
              ^^^^^^^^^^^^^^^^^^^^^^^^^^^^^^^^^^^^^^^^^^^^^^^^^^^^^^^^^^^^^^^^^^^^^^^
  File "C:\Users\Кадзицу\AppData\Roaming\Python\Python314\site-packages\aiogram\bot\bot.py", line 97, in get_updates
    result = await self.request(api.Methods.GET_UPDATES, payload)
             ^^^^^^^^^^^^^^^^^^^^^^^^^^^^^^^^^^^^^^^^^^^^^^^^^^^^
  File "C:\Users\Кадзицу\AppData\Roaming\Python\Python314\site-packages\aiogram\bot\base.py", line 208, in request
    return await api.make_request(self.session, self.server, self.__token, method, data, files,
           ^^^^^^^^^^^^^^^^^^^^^^^^^^^^^^^^^^^^^^^^^^^^^^^^^^^^^^^^^^^^^^^^^^^^^^^^^^^^^^^^^^^^
                                  proxy=self.proxy, proxy_auth=self.proxy_auth, timeout=self.timeout, **kwargs)
                                  ^^^^^^^^^^^^^^^^^^^^^^^^^^^^^^^^^^^^^^^^^^^^^^^^^^^^^^^^^^^^^^^^^^^^^^^^^^^^^
  File "C:\Users\Кадзицу\AppData\Roaming\Python\Python314\site-packages\aiogram\bot\api.py", line 140, in make_request
    return check_result(method, response.content_type, response.status, await response.text())
  File "C:\Users\Кадзицу\AppData\Roaming\Python\Python314\site-packages\aiogram\bot\api.py", line 119, in check_result
    exceptions.ConflictError.detect(description)
    ~~~~~~~~~~~~~~~~~~~~~~~~~~~~~~~^^^^^^^^^^^^^
  File "C:\Users\Кадзицу\AppData\Roaming\Python\Python314\site-packages\aiogram\utils\exceptions.py", line 140, in detect
    raise err(cls.text or description)
aiogram.utils.exceptions.TerminatedByOtherGetUpdates: Terminated by other getupdates request; make sure that only one bot instance is running
04/09/2026 08:58:56 AM : dispatcher.py line - 378 : start_polling : aiogram.dispatcher.dispatcher : ERROR : Cause exception while getting updates.
Traceback (most recent call last):
  File "C:\Users\Кадзицу\AppData\Roaming\Python\Python314\site-packages\aiogram\dispatcher\dispatcher.py", line 374, in start_polling
    updates = await self.bot.get_updates(limit=limit, offset=offset, timeout=timeout)
              ^^^^^^^^^^^^^^^^^^^^^^^^^^^^^^^^^^^^^^^^^^^^^^^^^^^^^^^^^^^^^^^^^^^^^^^
  File "C:\Users\Кадзицу\AppData\Roaming\Python\Python314\site-packages\aiogram\bot\bot.py", line 97, in get_updates
    result = await self.request(api.Methods.GET_UPDATES, payload)
             ^^^^^^^^^^^^^^^^^^^^^^^^^^^^^^^^^^^^^^^^^^^^^^^^^^^^
  File "C:\Users\Кадзицу\AppData\Roaming\Python\Python314\site-packages\aiogram\bot\base.py", line 208, in request
    return await api.make_request(self.session, self.server, self.__token, method, data, files,
           ^^^^^^^^^^^^^^^^^^^^^^^^^^^^^^^^^^^^^^^^^^^^^^^^^^^^^^^^^^^^^^^^^^^^^^^^^^^^^^^^^^^^
                                  proxy=self.proxy, proxy_auth=self.proxy_auth, timeout=self.timeout, **kwargs)
                                  ^^^^^^^^^^^^^^^^^^^^^^^^^^^^^^^^^^^^^^^^^^^^^^^^^^^^^^^^^^^^^^^^^^^^^^^^^^^^^
  File "C:\Users\Кадзицу\AppData\Roaming\Python\Python314\site-packages\aiogram\bot\api.py", line 140, in make_request
    return check_result(method, response.content_type, response.status, await response.text())
  File "C:\Users\Кадзицу\AppData\Roaming\Python\Python314\site-packages\aiogram\bot\api.py", line 119, in check_result
    exceptions.ConflictError.detect(description)
    ~~~~~~~~~~~~~~~~~~~~~~~~~~~~~~~^^^^^^^^^^^^^
  File "C:\Users\Кадзицу\AppData\Roaming\Python\Python314\site-packages\aiogram\utils\exceptions.py", line 140, in detect
    raise err(cls.text or description)
aiogram.utils.exceptions.TerminatedByOtherGetUpdates: Terminated by other getupdates request; make sure that only one bot instance is running
04/09/2026 08:59:02 AM : dispatcher.py line - 378 : start_polling : aiogram.dispatcher.dispatcher : ERROR : Cause exception while getting updates.
Traceback (most recent call last):
  File "C:\Users\Кадзицу\AppData\Roaming\Python\Python314\site-packages\aiogram\dispatcher\dispatcher.py", line 374, in start_polling
    updates = await self.bot.get_updates(limit=limit, offset=offset, timeout=timeout)
              ^^^^^^^^^^^^^^^^^^^^^^^^^^^^^^^^^^^^^^^^^^^^^^^^^^^^^^^^^^^^^^^^^^^^^^^
  File "C:\Users\Кадзицу\AppData\Roaming\Python\Python314\site-packages\aiogram\bot\bot.py", line 97, in get_updates
    result = await self.request(api.Methods.GET_UPDATES, payload)
             ^^^^^^^^^^^^^^^^^^^^^^^^^^^^^^^^^^^^^^^^^^^^^^^^^^^^
  File "C:\Users\Кадзицу\AppData\Roaming\Python\Python314\site-packages\aiogram\bot\base.py", line 208, in request
    return await api.make_request(self.session, self.server, self.__token, method, data, files,
           ^^^^^^^^^^^^^^^^^^^^^^^^^^^^^^^^^^^^^^^^^^^^^^^^^^^^^^^^^^^^^^^^^^^^^^^^^^^^^^^^^^^^
                                  proxy=self.proxy, proxy_auth=self.proxy_auth, timeout=self.timeout, **kwargs)
                                  ^^^^^^^^^^^^^^^^^^^^^^^^^^^^^^^^^^^^^^^^^^^^^^^^^^^^^^^^^^^^^^^^^^^^^^^^^^^^^
  File "C:\Users\Кадзицу\AppData\Roaming\Python\Python314\site-packages\aiogram\bot\api.py", line 140, in make_request
    return check_result(method, response.content_type, response.status, await response.text())
  File "C:\Users\Кадзицу\AppData\Roaming\Python\Python314\site-packages\aiogram\bot\api.py", line 119, in check_result
    exceptions.ConflictError.detect(description)
    ~~~~~~~~~~~~~~~~~~~~~~~~~~~~~~~^^^^^^^^^^^^^
  File "C:\Users\Кадзицу\AppData\Roaming\Python\Python314\site-packages\aiogram\utils\exceptions.py", line 140, in detect
    raise err(cls.text or description)
aiogram.utils.exceptions.TerminatedByOtherGetUpdates: Terminated by other getupdates request; make sure that only one bot instance is running
04/09/2026 08:59:07 AM : dispatcher.py line - 378 : start_polling : aiogram.dispatcher.dispatcher : ERROR : Cause exception while getting updates.
Traceback (most recent call last):
  File "C:\Users\Кадзицу\AppData\Roaming\Python\Python314\site-packages\aiogram\dispatcher\dispatcher.py", line 374, in start_polling
    updates = await self.bot.get_updates(limit=limit, offset=offset, timeout=timeout)
              ^^^^^^^^^^^^^^^^^^^^^^^^^^^^^^^^^^^^^^^^^^^^^^^^^^^^^^^^^^^^^^^^^^^^^^^
  File "C:\Users\Кадзицу\AppData\Roaming\Python\Python314\site-packages\aiogram\bot\bot.py", line 97, in get_updates
    result = await self.request(api.Methods.GET_UPDATES, payload)
             ^^^^^^^^^^^^^^^^^^^^^^^^^^^^^^^^^^^^^^^^^^^^^^^^^^^^
  File "C:\Users\Кадзицу\AppData\Roaming\Python\Python314\site-packages\aiogram\bot\base.py", line 208, in request
    return await api.make_request(self.session, self.server, self.__token, method, data, files,
           ^^^^^^^^^^^^^^^^^^^^^^^^^^^^^^^^^^^^^^^^^^^^^^^^^^^^^^^^^^^^^^^^^^^^^^^^^^^^^^^^^^^^
                                  proxy=self.proxy, proxy_auth=self.proxy_auth, timeout=self.timeout, **kwargs)
                                  ^^^^^^^^^^^^^^^^^^^^^^^^^^^^^^^^^^^^^^^^^^^^^^^^^^^^^^^^^^^^^^^^^^^^^^^^^^^^^
  File "C:\Users\Кадзицу\AppData\Roaming\Python\Python314\site-packages\aiogram\bot\api.py", line 140, in make_request
    return check_result(method, response.content_type, response.status, await response.text())
  File "C:\Users\Кадзицу\AppData\Roaming\Python\Python314\site-packages\aiogram\bot\api.py", line 119, in check_result
    exceptions.ConflictError.detect(description)
    ~~~~~~~~~~~~~~~~~~~~~~~~~~~~~~~^^^^^^^^^^^^^
  File "C:\Users\Кадзицу\AppData\Roaming\Python\Python314\site-packages\aiogram\utils\exceptions.py", line 140, in detect
    raise err(cls.text or description)
aiogram.utils.exceptions.TerminatedByOtherGetUpdates: Terminated by other getupdates request; make sure that only one bot instance is running
04/09/2026 08:59:12 AM : dispatcher.py line - 378 : start_polling : aiogram.dispatcher.dispatcher : ERROR : Cause exception while getting updates.
Traceback (most recent call last):
  File "C:\Users\Кадзицу\AppData\Roaming\Python\Python314\site-packages\aiogram\dispatcher\dispatcher.py", line 374, in start_polling
    updates = await self.bot.get_updates(limit=limit, offset=offset, timeout=timeout)
              ^^^^^^^^^^^^^^^^^^^^^^^^^^^^^^^^^^^^^^^^^^^^^^^^^^^^^^^^^^^^^^^^^^^^^^^
  File "C:\Users\Кадзицу\AppData\Roaming\Python\Python314\site-packages\aiogram\bot\bot.py", line 97, in get_updates
    result = await self.request(api.Methods.GET_UPDATES, payload)
             ^^^^^^^^^^^^^^^^^^^^^^^^^^^^^^^^^^^^^^^^^^^^^^^^^^^^
  File "C:\Users\Кадзицу\AppData\Roaming\Python\Python314\site-packages\aiogram\bot\base.py", line 208, in request
    return await api.make_request(self.session, self.server, self.__token, method, data, files,
           ^^^^^^^^^^^^^^^^^^^^^^^^^^^^^^^^^^^^^^^^^^^^^^^^^^^^^^^^^^^^^^^^^^^^^^^^^^^^^^^^^^^^
                                  proxy=self.proxy, proxy_auth=self.proxy_auth, timeout=self.timeout, **kwargs)
                                  ^^^^^^^^^^^^^^^^^^^^^^^^^^^^^^^^^^^^^^^^^^^^^^^^^^^^^^^^^^^^^^^^^^^^^^^^^^^^^
  File "C:\Users\Кадзицу\AppData\Roaming\Python\Python314\site-packages\aiogram\bot\api.py", line 140, in make_request
    return check_result(method, response.content_type, response.status, await response.text())
  File "C:\Users\Кадзицу\AppData\Roaming\Python\Python314\site-packages\aiogram\bot\api.py", line 119, in check_result
    exceptions.ConflictError.detect(description)
    ~~~~~~~~~~~~~~~~~~~~~~~~~~~~~~~^^^^^^^^^^^^^
  File "C:\Users\Кадзицу\AppData\Roaming\Python\Python314\site-packages\aiogram\utils\exceptions.py", line 140, in detect
    raise err(cls.text or description)
aiogram.utils.exceptions.TerminatedByOtherGetUpdates: Terminated by other getupdates request; make sure that only one bot instance is running
04/09/2026 08:59:18 AM : dispatcher.py line - 378 : start_polling : aiogram.dispatcher.dispatcher : ERROR : Cause exception while getting updates.
Traceback (most recent call last):
  File "C:\Users\Кадзицу\AppData\Roaming\Python\Python314\site-packages\aiogram\dispatcher\dispatcher.py", line 374, in start_polling
    updates = await self.bot.get_updates(limit=limit, offset=offset, timeout=timeout)
              ^^^^^^^^^^^^^^^^^^^^^^^^^^^^^^^^^^^^^^^^^^^^^^^^^^^^^^^^^^^^^^^^^^^^^^^
  File "C:\Users\Кадзицу\AppData\Roaming\Python\Python314\site-packages\aiogram\bot\bot.py", line 97, in get_updates
    result = await self.request(api.Methods.GET_UPDATES, payload)
             ^^^^^^^^^^^^^^^^^^^^^^^^^^^^^^^^^^^^^^^^^^^^^^^^^^^^
  File "C:\Users\Кадзицу\AppData\Roaming\Python\Python314\site-packages\aiogram\bot\base.py", line 208, in request
    return await api.make_request(self.session, self.server, self.__token, method, data, files,
           ^^^^^^^^^^^^^^^^^^^^^^^^^^^^^^^^^^^^^^^^^^^^^^^^^^^^^^^^^^^^^^^^^^^^^^^^^^^^^^^^^^^^
                                  proxy=self.proxy, proxy_auth=self.proxy_auth, timeout=self.timeout, **kwargs)
                                  ^^^^^^^^^^^^^^^^^^^^^^^^^^^^^^^^^^^^^^^^^^^^^^^^^^^^^^^^^^^^^^^^^^^^^^^^^^^^^
  File "C:\Users\Кадзицу\AppData\Roaming\Python\Python314\site-packages\aiogram\bot\api.py", line 140, in make_request
    return check_result(method, response.content_type, response.status, await response.text())
  File "C:\Users\Кадзицу\AppData\Roaming\Python\Python314\site-packages\aiogram\bot\api.py", line 119, in check_result
    exceptions.ConflictError.detect(description)
    ~~~~~~~~~~~~~~~~~~~~~~~~~~~~~~~^^^^^^^^^^^^^
  File "C:\Users\Кадзицу\AppData\Roaming\Python\Python314\site-packages\aiogram\utils\exceptions.py", line 140, in detect
    raise err(cls.text or description)
aiogram.utils.exceptions.TerminatedByOtherGetUpdates: Terminated by other getupdates request; make sure that only one bot instance is running
04/09/2026 08:59:23 AM : dispatcher.py line - 378 : start_polling : aiogram.dispatcher.dispatcher : ERROR : Cause exception while getting updates.
Traceback (most recent call last):
  File "C:\Users\Кадзицу\AppData\Roaming\Python\Python314\site-packages\aiogram\dispatcher\dispatcher.py", line 374, in start_polling
    updates = await self.bot.get_updates(limit=limit, offset=offset, timeout=timeout)
              ^^^^^^^^^^^^^^^^^^^^^^^^^^^^^^^^^^^^^^^^^^^^^^^^^^^^^^^^^^^^^^^^^^^^^^^
  File "C:\Users\Кадзицу\AppData\Roaming\Python\Python314\site-packages\aiogram\bot\bot.py", line 97, in get_updates
    result = await self.request(api.Methods.GET_UPDATES, payload)
             ^^^^^^^^^^^^^^^^^^^^^^^^^^^^^^^^^^^^^^^^^^^^^^^^^^^^
  File "C:\Users\Кадзицу\AppData\Roaming\Python\Python314\site-packages\aiogram\bot\base.py", line 208, in request
    return await api.make_request(self.session, self.server, self.__token, method, data, files,
           ^^^^^^^^^^^^^^^^^^^^^^^^^^^^^^^^^^^^^^^^^^^^^^^^^^^^^^^^^^^^^^^^^^^^^^^^^^^^^^^^^^^^
                                  proxy=self.proxy, proxy_auth=self.proxy_auth, timeout=self.timeout, **kwargs)
                                  ^^^^^^^^^^^^^^^^^^^^^^^^^^^^^^^^^^^^^^^^^^^^^^^^^^^^^^^^^^^^^^^^^^^^^^^^^^^^^
  File "C:\Users\Кадзицу\AppData\Roaming\Python\Python314\site-packages\aiogram\bot\api.py", line 140, in make_request
    return check_result(method, response.content_type, response.status, await response.text())
  File "C:\Users\Кадзицу\AppData\Roaming\Python\Python314\site-packages\aiogram\bot\api.py", line 119, in check_result
    exceptions.ConflictError.detect(description)
    ~~~~~~~~~~~~~~~~~~~~~~~~~~~~~~~^^^^^^^^^^^^^
  File "C:\Users\Кадзицу\AppData\Roaming\Python\Python314\site-packages\aiogram\utils\exceptions.py", line 140, in detect
    raise err(cls.text or description)
aiogram.utils.exceptions.TerminatedByOtherGetUpdates: Terminated by other getupdates request; make sure that only one bot instance is running
04/09/2026 08:59:28 AM : dispatcher.py line - 378 : start_polling : aiogram.dispatcher.dispatcher : ERROR : Cause exception while getting updates.
Traceback (most recent call last):
  File "C:\Users\Кадзицу\AppData\Roaming\Python\Python314\site-packages\aiogram\dispatcher\dispatcher.py", line 374, in start_polling
    updates = await self.bot.get_updates(limit=limit, offset=offset, timeout=timeout)
              ^^^^^^^^^^^^^^^^^^^^^^^^^^^^^^^^^^^^^^^^^^^^^^^^^^^^^^^^^^^^^^^^^^^^^^^
  File "C:\Users\Кадзицу\AppData\Roaming\Python\Python314\site-packages\aiogram\bot\bot.py", line 97, in get_updates
    result = await self.request(api.Methods.GET_UPDATES, payload)
             ^^^^^^^^^^^^^^^^^^^^^^^^^^^^^^^^^^^^^^^^^^^^^^^^^^^^
  File "C:\Users\Кадзицу\AppData\Roaming\Python\Python314\site-packages\aiogram\bot\base.py", line 208, in request
    return await api.make_request(self.session, self.server, self.__token, method, data, files,
           ^^^^^^^^^^^^^^^^^^^^^^^^^^^^^^^^^^^^^^^^^^^^^^^^^^^^^^^^^^^^^^^^^^^^^^^^^^^^^^^^^^^^
                                  proxy=self.proxy, proxy_auth=self.proxy_auth, timeout=self.timeout, **kwargs)
                                  ^^^^^^^^^^^^^^^^^^^^^^^^^^^^^^^^^^^^^^^^^^^^^^^^^^^^^^^^^^^^^^^^^^^^^^^^^^^^^
  File "C:\Users\Кадзицу\AppData\Roaming\Python\Python314\site-packages\aiogram\bot\api.py", line 140, in make_request
    return check_result(method, response.content_type, response.status, await response.text())
  File "C:\Users\Кадзицу\AppData\Roaming\Python\Python314\site-packages\aiogram\bot\api.py", line 119, in check_result
    exceptions.ConflictError.detect(description)
    ~~~~~~~~~~~~~~~~~~~~~~~~~~~~~~~^^^^^^^^^^^^^
  File "C:\Users\Кадзицу\AppData\Roaming\Python\Python314\site-packages\aiogram\utils\exceptions.py", line 140, in detect
    raise err(cls.text or description)
aiogram.utils.exceptions.TerminatedByOtherGetUpdates: Terminated by other getupdates request; make sure that only one bot instance is running
04/09/2026 08:59:33 AM : dispatcher.py line - 378 : start_polling : aiogram.dispatcher.dispatcher : ERROR : Cause exception while getting updates.
Traceback (most recent call last):
  File "C:\Users\Кадзицу\AppData\Roaming\Python\Python314\site-packages\aiogram\dispatcher\dispatcher.py", line 374, in start_polling
    updates = await self.bot.get_updates(limit=limit, offset=offset, timeout=timeout)
              ^^^^^^^^^^^^^^^^^^^^^^^^^^^^^^^^^^^^^^^^^^^^^^^^^^^^^^^^^^^^^^^^^^^^^^^
  File "C:\Users\Кадзицу\AppData\Roaming\Python\Python314\site-packages\aiogram\bot\bot.py", line 97, in get_updates
    result = await self.request(api.Methods.GET_UPDATES, payload)
             ^^^^^^^^^^^^^^^^^^^^^^^^^^^^^^^^^^^^^^^^^^^^^^^^^^^^
  File "C:\Users\Кадзицу\AppData\Roaming\Python\Python314\site-packages\aiogram\bot\base.py", line 208, in request
    return await api.make_request(self.session, self.server, self.__token, method, data, files,
           ^^^^^^^^^^^^^^^^^^^^^^^^^^^^^^^^^^^^^^^^^^^^^^^^^^^^^^^^^^^^^^^^^^^^^^^^^^^^^^^^^^^^
                                  proxy=self.proxy, proxy_auth=self.proxy_auth, timeout=self.timeout, **kwargs)
                                  ^^^^^^^^^^^^^^^^^^^^^^^^^^^^^^^^^^^^^^^^^^^^^^^^^^^^^^^^^^^^^^^^^^^^^^^^^^^^^
  File "C:\Users\Кадзицу\AppData\Roaming\Python\Python314\site-packages\aiogram\bot\api.py", line 140, in make_request
    return check_result(method, response.content_type, response.status, await response.text())
  File "C:\Users\Кадзицу\AppData\Roaming\Python\Python314\site-packages\aiogram\bot\api.py", line 119, in check_result
    exceptions.ConflictError.detect(description)
    ~~~~~~~~~~~~~~~~~~~~~~~~~~~~~~~^^^^^^^^^^^^^
  File "C:\Users\Кадзицу\AppData\Roaming\Python\Python314\site-packages\aiogram\utils\exceptions.py", line 140, in detect
    raise err(cls.text or description)
aiogram.utils.exceptions.TerminatedByOtherGetUpdates: Terminated by other getupdates request; make sure that only one bot instance is running
04/09/2026 08:59:38 AM : dispatcher.py line - 378 : start_polling : aiogram.dispatcher.dispatcher : ERROR : Cause exception while getting updates.
Traceback (most recent call last):
  File "C:\Users\Кадзицу\AppData\Roaming\Python\Python314\site-packages\aiogram\dispatcher\dispatcher.py", line 374, in start_polling
    updates = await self.bot.get_updates(limit=limit, offset=offset, timeout=timeout)
              ^^^^^^^^^^^^^^^^^^^^^^^^^^^^^^^^^^^^^^^^^^^^^^^^^^^^^^^^^^^^^^^^^^^^^^^
  File "C:\Users\Кадзицу\AppData\Roaming\Python\Python314\site-packages\aiogram\bot\bot.py", line 97, in get_updates
    result = await self.request(api.Methods.GET_UPDATES, payload)
             ^^^^^^^^^^^^^^^^^^^^^^^^^^^^^^^^^^^^^^^^^^^^^^^^^^^^
  File "C:\Users\Кадзицу\AppData\Roaming\Python\Python314\site-packages\aiogram\bot\base.py", line 208, in request
    return await api.make_request(self.session, self.server, self.__token, method, data, files,
           ^^^^^^^^^^^^^^^^^^^^^^^^^^^^^^^^^^^^^^^^^^^^^^^^^^^^^^^^^^^^^^^^^^^^^^^^^^^^^^^^^^^^
                                  proxy=self.proxy, proxy_auth=self.proxy_auth, timeout=self.timeout, **kwargs)
                                  ^^^^^^^^^^^^^^^^^^^^^^^^^^^^^^^^^^^^^^^^^^^^^^^^^^^^^^^^^^^^^^^^^^^^^^^^^^^^^
  File "C:\Users\Кадзицу\AppData\Roaming\Python\Python314\site-packages\aiogram\bot\api.py", line 140, in make_request
    return check_result(method, response.content_type, response.status, await response.text())
  File "C:\Users\Кадзицу\AppData\Roaming\Python\Python314\site-packages\aiogram\bot\api.py", line 119, in check_result
    exceptions.ConflictError.detect(description)
    ~~~~~~~~~~~~~~~~~~~~~~~~~~~~~~~^^^^^^^^^^^^^
  File "C:\Users\Кадзицу\AppData\Roaming\Python\Python314\site-packages\aiogram\utils\exceptions.py", line 140, in detect
    raise err(cls.text or description)
aiogram.utils.exceptions.TerminatedByOtherGetUpdates: Terminated by other getupdates request; make sure that only one bot instance is running
04/09/2026 08:59:44 AM : dispatcher.py line - 378 : start_polling : aiogram.dispatcher.dispatcher : ERROR : Cause exception while getting updates.
Traceback (most recent call last):
  File "C:\Users\Кадзицу\AppData\Roaming\Python\Python314\site-packages\aiogram\dispatcher\dispatcher.py", line 374, in start_polling
    updates = await self.bot.get_updates(limit=limit, offset=offset, timeout=timeout)
              ^^^^^^^^^^^^^^^^^^^^^^^^^^^^^^^^^^^^^^^^^^^^^^^^^^^^^^^^^^^^^^^^^^^^^^^
  File "C:\Users\Кадзицу\AppData\Roaming\Python\Python314\site-packages\aiogram\bot\bot.py", line 97, in get_updates
    result = await self.request(api.Methods.GET_UPDATES, payload)
             ^^^^^^^^^^^^^^^^^^^^^^^^^^^^^^^^^^^^^^^^^^^^^^^^^^^^
  File "C:\Users\Кадзицу\AppData\Roaming\Python\Python314\site-packages\aiogram\bot\base.py", line 208, in request
    return await api.make_request(self.session, self.server, self.__token, method, data, files,
           ^^^^^^^^^^^^^^^^^^^^^^^^^^^^^^^^^^^^^^^^^^^^^^^^^^^^^^^^^^^^^^^^^^^^^^^^^^^^^^^^^^^^
                                  proxy=self.proxy, proxy_auth=self.proxy_auth, timeout=self.timeout, **kwargs)
                                  ^^^^^^^^^^^^^^^^^^^^^^^^^^^^^^^^^^^^^^^^^^^^^^^^^^^^^^^^^^^^^^^^^^^^^^^^^^^^^
  File "C:\Users\Кадзицу\AppData\Roaming\Python\Python314\site-packages\aiogram\bot\api.py", line 140, in make_request
    return check_result(method, response.content_type, response.status, await response.text())
  File "C:\Users\Кадзицу\AppData\Roaming\Python\Python314\site-packages\aiogram\bot\api.py", line 119, in check_result
    exceptions.ConflictError.detect(description)
    ~~~~~~~~~~~~~~~~~~~~~~~~~~~~~~~^^^^^^^^^^^^^
  File "C:\Users\Кадзицу\AppData\Roaming\Python\Python314\site-packages\aiogram\utils\exceptions.py", line 140, in detect
    raise err(cls.text or description)
aiogram.utils.exceptions.TerminatedByOtherGetUpdates: Terminated by other getupdates request; make sure that only one bot instance is running
04/09/2026 08:59:49 AM : dispatcher.py line - 378 : start_polling : aiogram.dispatcher.dispatcher : ERROR : Cause exception while getting updates.
Traceback (most recent call last):
  File "C:\Users\Кадзицу\AppData\Roaming\Python\Python314\site-packages\aiogram\dispatcher\dispatcher.py", line 374, in start_polling
    updates = await self.bot.get_updates(limit=limit, offset=offset, timeout=timeout)
              ^^^^^^^^^^^^^^^^^^^^^^^^^^^^^^^^^^^^^^^^^^^^^^^^^^^^^^^^^^^^^^^^^^^^^^^
  File "C:\Users\Кадзицу\AppData\Roaming\Python\Python314\site-packages\aiogram\bot\bot.py", line 97, in get_updates
    result = await self.request(api.Methods.GET_UPDATES, payload)
             ^^^^^^^^^^^^^^^^^^^^^^^^^^^^^^^^^^^^^^^^^^^^^^^^^^^^
  File "C:\Users\Кадзицу\AppData\Roaming\Python\Python314\site-packages\aiogram\bot\base.py", line 208, in request
    return await api.make_request(self.session, self.server, self.__token, method, data, files,
           ^^^^^^^^^^^^^^^^^^^^^^^^^^^^^^^^^^^^^^^^^^^^^^^^^^^^^^^^^^^^^^^^^^^^^^^^^^^^^^^^^^^^
                                  proxy=self.proxy, proxy_auth=self.proxy_auth, timeout=self.timeout, **kwargs)
                                  ^^^^^^^^^^^^^^^^^^^^^^^^^^^^^^^^^^^^^^^^^^^^^^^^^^^^^^^^^^^^^^^^^^^^^^^^^^^^^
  File "C:\Users\Кадзицу\AppData\Roaming\Python\Python314\site-packages\aiogram\bot\api.py", line 140, in make_request
    return check_result(method, response.content_type, response.status, await response.text())
  File "C:\Users\Кадзицу\AppData\Roaming\Python\Python314\site-packages\aiogram\bot\api.py", line 119, in check_result
    exceptions.ConflictError.detect(description)
    ~~~~~~~~~~~~~~~~~~~~~~~~~~~~~~~^^^^^^^^^^^^^
  File "C:\Users\Кадзицу\AppData\Roaming\Python\Python314\site-packages\aiogram\utils\exceptions.py", line 140, in detect
    raise err(cls.text or description)
aiogram.utils.exceptions.TerminatedByOtherGetUpdates: Terminated by other getupdates request; make sure that only one bot instance is running
04/09/2026 08:59:54 AM : dispatcher.py line - 378 : start_polling : aiogram.dispatcher.dispatcher : ERROR : Cause exception while getting updates.
Traceback (most recent call last):
  File "C:\Users\Кадзицу\AppData\Roaming\Python\Python314\site-packages\aiogram\dispatcher\dispatcher.py", line 374, in start_polling
    updates = await self.bot.get_updates(limit=limit, offset=offset, timeout=timeout)
              ^^^^^^^^^^^^^^^^^^^^^^^^^^^^^^^^^^^^^^^^^^^^^^^^^^^^^^^^^^^^^^^^^^^^^^^
  File "C:\Users\Кадзицу\AppData\Roaming\Python\Python314\site-packages\aiogram\bot\bot.py", line 97, in get_updates
    result = await self.request(api.Methods.GET_UPDATES, payload)
             ^^^^^^^^^^^^^^^^^^^^^^^^^^^^^^^^^^^^^^^^^^^^^^^^^^^^
  File "C:\Users\Кадзицу\AppData\Roaming\Python\Python314\site-packages\aiogram\bot\base.py", line 208, in request
    return await api.make_request(self.session, self.server, self.__token, method, data, files,
           ^^^^^^^^^^^^^^^^^^^^^^^^^^^^^^^^^^^^^^^^^^^^^^^^^^^^^^^^^^^^^^^^^^^^^^^^^^^^^^^^^^^^
                                  proxy=self.proxy, proxy_auth=self.proxy_auth, timeout=self.timeout, **kwargs)
                                  ^^^^^^^^^^^^^^^^^^^^^^^^^^^^^^^^^^^^^^^^^^^^^^^^^^^^^^^^^^^^^^^^^^^^^^^^^^^^^
  File "C:\Users\Кадзицу\AppData\Roaming\Python\Python314\site-packages\aiogram\bot\api.py", line 140, in make_request
    return check_result(method, response.content_type, response.status, await response.text())
  File "C:\Users\Кадзицу\AppData\Roaming\Python\Python314\site-packages\aiogram\bot\api.py", line 119, in check_result
    exceptions.ConflictError.detect(description)
    ~~~~~~~~~~~~~~~~~~~~~~~~~~~~~~~^^^^^^^^^^^^^
  File "C:\Users\Кадзицу\AppData\Roaming\Python\Python314\site-packages\aiogram\utils\exceptions.py", line 140, in detect
    raise err(cls.text or description)
aiogram.utils.exceptions.TerminatedByOtherGetUpdates: Terminated by other getupdates request; make sure that only one bot instance is running
04/09/2026 09:00:00 AM : dispatcher.py line - 378 : start_polling : aiogram.dispatcher.dispatcher : ERROR : Cause exception while getting updates.
Traceback (most recent call last):
  File "C:\Users\Кадзицу\AppData\Roaming\Python\Python314\site-packages\aiogram\dispatcher\dispatcher.py", line 374, in start_polling
    updates = await self.bot.get_updates(limit=limit, offset=offset, timeout=timeout)
              ^^^^^^^^^^^^^^^^^^^^^^^^^^^^^^^^^^^^^^^^^^^^^^^^^^^^^^^^^^^^^^^^^^^^^^^
  File "C:\Users\Кадзицу\AppData\Roaming\Python\Python314\site-packages\aiogram\bot\bot.py", line 97, in get_updates
    result = await self.request(api.Methods.GET_UPDATES, payload)
             ^^^^^^^^^^^^^^^^^^^^^^^^^^^^^^^^^^^^^^^^^^^^^^^^^^^^
  File "C:\Users\Кадзицу\AppData\Roaming\Python\Python314\site-packages\aiogram\bot\base.py", line 208, in request
    return await api.make_request(self.session, self.server, self.__token, method, data, files,
           ^^^^^^^^^^^^^^^^^^^^^^^^^^^^^^^^^^^^^^^^^^^^^^^^^^^^^^^^^^^^^^^^^^^^^^^^^^^^^^^^^^^^
                                  proxy=self.proxy, proxy_auth=self.proxy_auth, timeout=self.timeout, **kwargs)
                                  ^^^^^^^^^^^^^^^^^^^^^^^^^^^^^^^^^^^^^^^^^^^^^^^^^^^^^^^^^^^^^^^^^^^^^^^^^^^^^
  File "C:\Users\Кадзицу\AppData\Roaming\Python\Python314\site-packages\aiogram\bot\api.py", line 140, in make_request
    return check_result(method, response.content_type, response.status, await response.text())
  File "C:\Users\Кадзицу\AppData\Roaming\Python\Python314\site-packages\aiogram\bot\api.py", line 119, in check_result
    exceptions.ConflictError.detect(description)
    ~~~~~~~~~~~~~~~~~~~~~~~~~~~~~~~^^^^^^^^^^^^^
  File "C:\Users\Кадзицу\AppData\Roaming\Python\Python314\site-packages\aiogram\utils\exceptions.py", line 140, in detect
    raise err(cls.text or description)
aiogram.utils.exceptions.TerminatedByOtherGetUpdates: Terminated by other getupdates request; make sure that only one bot instance is running
04/09/2026 09:00:05 AM : dispatcher.py line - 378 : start_polling : aiogram.dispatcher.dispatcher : ERROR : Cause exception while getting updates.
Traceback (most recent call last):
  File "C:\Users\Кадзицу\AppData\Roaming\Python\Python314\site-packages\aiogram\dispatcher\dispatcher.py", line 374, in start_polling
    updates = await self.bot.get_updates(limit=limit, offset=offset, timeout=timeout)
              ^^^^^^^^^^^^^^^^^^^^^^^^^^^^^^^^^^^^^^^^^^^^^^^^^^^^^^^^^^^^^^^^^^^^^^^
  File "C:\Users\Кадзицу\AppData\Roaming\Python\Python314\site-packages\aiogram\bot\bot.py", line 97, in get_updates
    result = await self.request(api.Methods.GET_UPDATES, payload)
             ^^^^^^^^^^^^^^^^^^^^^^^^^^^^^^^^^^^^^^^^^^^^^^^^^^^^
  File "C:\Users\Кадзицу\AppData\Roaming\Python\Python314\site-packages\aiogram\bot\base.py", line 208, in request
    return await api.make_request(self.session, self.server, self.__token, method, data, files,
           ^^^^^^^^^^^^^^^^^^^^^^^^^^^^^^^^^^^^^^^^^^^^^^^^^^^^^^^^^^^^^^^^^^^^^^^^^^^^^^^^^^^^
                                  proxy=self.proxy, proxy_auth=self.proxy_auth, timeout=self.timeout, **kwargs)
                                  ^^^^^^^^^^^^^^^^^^^^^^^^^^^^^^^^^^^^^^^^^^^^^^^^^^^^^^^^^^^^^^^^^^^^^^^^^^^^^
  File "C:\Users\Кадзицу\AppData\Roaming\Python\Python314\site-packages\aiogram\bot\api.py", line 140, in make_request
    return check_result(method, response.content_type, response.status, await response.text())
  File "C:\Users\Кадзицу\AppData\Roaming\Python\Python314\site-packages\aiogram\bot\api.py", line 119, in check_result
    exceptions.ConflictError.detect(description)
    ~~~~~~~~~~~~~~~~~~~~~~~~~~~~~~~^^^^^^^^^^^^^
  File "C:\Users\Кадзицу\AppData\Roaming\Python\Python314\site-packages\aiogram\utils\exceptions.py", line 140, in detect
    raise err(cls.text or description)
aiogram.utils.exceptions.TerminatedByOtherGetUpdates: Terminated by other getupdates request; make sure that only one bot instance is running
04/09/2026 09:00:10 AM : dispatcher.py line - 378 : start_polling : aiogram.dispatcher.dispatcher : ERROR : Cause exception while getting updates.
Traceback (most recent call last):
  File "C:\Users\Кадзицу\AppData\Roaming\Python\Python314\site-packages\aiogram\dispatcher\dispatcher.py", line 374, in start_polling
    updates = await self.bot.get_updates(limit=limit, offset=offset, timeout=timeout)
              ^^^^^^^^^^^^^^^^^^^^^^^^^^^^^^^^^^^^^^^^^^^^^^^^^^^^^^^^^^^^^^^^^^^^^^^
  File "C:\Users\Кадзицу\AppData\Roaming\Python\Python314\site-packages\aiogram\bot\bot.py", line 97, in get_updates
    result = await self.request(api.Methods.GET_UPDATES, payload)
             ^^^^^^^^^^^^^^^^^^^^^^^^^^^^^^^^^^^^^^^^^^^^^^^^^^^^
  File "C:\Users\Кадзицу\AppData\Roaming\Python\Python314\site-packages\aiogram\bot\base.py", line 208, in request
    return await api.make_request(self.session, self.server, self.__token, method, data, files,
           ^^^^^^^^^^^^^^^^^^^^^^^^^^^^^^^^^^^^^^^^^^^^^^^^^^^^^^^^^^^^^^^^^^^^^^^^^^^^^^^^^^^^
                                  proxy=self.proxy, proxy_auth=self.proxy_auth, timeout=self.timeout, **kwargs)
                                  ^^^^^^^^^^^^^^^^^^^^^^^^^^^^^^^^^^^^^^^^^^^^^^^^^^^^^^^^^^^^^^^^^^^^^^^^^^^^^
  File "C:\Users\Кадзицу\AppData\Roaming\Python\Python314\site-packages\aiogram\bot\api.py", line 140, in make_request
    return check_result(method, response.content_type, response.status, await response.text())
  File "C:\Users\Кадзицу\AppData\Roaming\Python\Python314\site-packages\aiogram\bot\api.py", line 119, in check_result
    exceptions.ConflictError.detect(description)
    ~~~~~~~~~~~~~~~~~~~~~~~~~~~~~~~^^^^^^^^^^^^^
  File "C:\Users\Кадзицу\AppData\Roaming\Python\Python314\site-packages\aiogram\utils\exceptions.py", line 140, in detect
    raise err(cls.text or description)
aiogram.utils.exceptions.TerminatedByOtherGetUpdates: Terminated by other getupdates request; make sure that only one bot instance is running
04/09/2026 09:00:15 AM : dispatcher.py line - 378 : start_polling : aiogram.dispatcher.dispatcher : ERROR : Cause exception while getting updates.
Traceback (most recent call last):
  File "C:\Users\Кадзицу\AppData\Roaming\Python\Python314\site-packages\aiogram\dispatcher\dispatcher.py", line 374, in start_polling
    updates = await self.bot.get_updates(limit=limit, offset=offset, timeout=timeout)
              ^^^^^^^^^^^^^^^^^^^^^^^^^^^^^^^^^^^^^^^^^^^^^^^^^^^^^^^^^^^^^^^^^^^^^^^
  File "C:\Users\Кадзицу\AppData\Roaming\Python\Python314\site-packages\aiogram\bot\bot.py", line 97, in get_updates
    result = await self.request(api.Methods.GET_UPDATES, payload)
             ^^^^^^^^^^^^^^^^^^^^^^^^^^^^^^^^^^^^^^^^^^^^^^^^^^^^
  File "C:\Users\Кадзицу\AppData\Roaming\Python\Python314\site-packages\aiogram\bot\base.py", line 208, in request
    return await api.make_request(self.session, self.server, self.__token, method, data, files,
           ^^^^^^^^^^^^^^^^^^^^^^^^^^^^^^^^^^^^^^^^^^^^^^^^^^^^^^^^^^^^^^^^^^^^^^^^^^^^^^^^^^^^
                                  proxy=self.proxy, proxy_auth=self.proxy_auth, timeout=self.timeout, **kwargs)
                                  ^^^^^^^^^^^^^^^^^^^^^^^^^^^^^^^^^^^^^^^^^^^^^^^^^^^^^^^^^^^^^^^^^^^^^^^^^^^^^
  File "C:\Users\Кадзицу\AppData\Roaming\Python\Python314\site-packages\aiogram\bot\api.py", line 140, in make_request
    return check_result(method, response.content_type, response.status, await response.text())
  File "C:\Users\Кадзицу\AppData\Roaming\Python\Python314\site-packages\aiogram\bot\api.py", line 119, in check_result
    exceptions.ConflictError.detect(description)
    ~~~~~~~~~~~~~~~~~~~~~~~~~~~~~~~^^^^^^^^^^^^^
  File "C:\Users\Кадзицу\AppData\Roaming\Python\Python314\site-packages\aiogram\utils\exceptions.py", line 140, in detect
    raise err(cls.text or description)
aiogram.utils.exceptions.TerminatedByOtherGetUpdates: Terminated by other getupdates request; make sure that only one bot instance is running
04/09/2026 09:00:17 AM : dispatcher.py line - 421 : stop_polling : aiogram.dispatcher.dispatcher : INFO : Stop polling...
04/09/2026 09:00:17 AM : executor.py line - 318 : start_polling : aiogram : WARNING : Goodbye!
04/09/2026 09:00:22 AM : executor.py line - 351 : _welcome : aiogram : INFO : Bot: Kitsune Shop [@egefergre_bot]
04/09/2026 09:00:22 AM : notify_admins.py line - 14 : on_startup_notify : root : ERROR : Chat not found
Traceback (most recent call last):
  File "C:\Users\Кадзицу\Desktop\cartel_auto\utils\notify_admins.py", line 11, in on_startup_notify
    await dp.bot.send_message(admin, "Бот Запущен")
  File "C:\Users\Кадзицу\AppData\Roaming\Python\Python314\site-packages\aiogram\bot\bot.py", line 318, in send_message
    result = await self.request(api.Methods.SEND_MESSAGE, payload)
             ^^^^^^^^^^^^^^^^^^^^^^^^^^^^^^^^^^^^^^^^^^^^^^^^^^^^^
  File "C:\Users\Кадзицу\AppData\Roaming\Python\Python314\site-packages\aiogram\bot\base.py", line 208, in request
    return await api.make_request(self.session, self.server, self.__token, method, data, files,
           ^^^^^^^^^^^^^^^^^^^^^^^^^^^^^^^^^^^^^^^^^^^^^^^^^^^^^^^^^^^^^^^^^^^^^^^^^^^^^^^^^^^^
                                  proxy=self.proxy, proxy_auth=self.proxy_auth, timeout=self.timeout, **kwargs)
                                  ^^^^^^^^^^^^^^^^^^^^^^^^^^^^^^^^^^^^^^^^^^^^^^^^^^^^^^^^^^^^^^^^^^^^^^^^^^^^^
  File "C:\Users\Кадзицу\AppData\Roaming\Python\Python314\site-packages\aiogram\bot\api.py", line 140, in make_request
    return check_result(method, response.content_type, response.status, await response.text())
  File "C:\Users\Кадзицу\AppData\Roaming\Python\Python314\site-packages\aiogram\bot\api.py", line 115, in check_result
    exceptions.BadRequest.detect(description)
    ~~~~~~~~~~~~~~~~~~~~~~~~~~~~^^^^^^^^^^^^^
  File "C:\Users\Кадзицу\AppData\Roaming\Python\Python314\site-packages\aiogram\utils\exceptions.py", line 140, in detect
    raise err(cls.text or description)
aiogram.utils.exceptions.ChatNotFound: Chat not found
04/09/2026 09:00:22 AM : dispatcher.py line - 351 : start_polling : aiogram.dispatcher.dispatcher : INFO : Start polling.
04/09/2026 09:00:23 AM : dispatcher.py line - 378 : start_polling : aiogram.dispatcher.dispatcher : ERROR : Cause exception while getting updates.
Traceback (most recent call last):
  File "C:\Users\Кадзицу\AppData\Roaming\Python\Python314\site-packages\aiogram\dispatcher\dispatcher.py", line 374, in start_polling
    updates = await self.bot.get_updates(limit=limit, offset=offset, timeout=timeout)
              ^^^^^^^^^^^^^^^^^^^^^^^^^^^^^^^^^^^^^^^^^^^^^^^^^^^^^^^^^^^^^^^^^^^^^^^
  File "C:\Users\Кадзицу\AppData\Roaming\Python\Python314\site-packages\aiogram\bot\bot.py", line 97, in get_updates
    result = await self.request(api.Methods.GET_UPDATES, payload)
             ^^^^^^^^^^^^^^^^^^^^^^^^^^^^^^^^^^^^^^^^^^^^^^^^^^^^
  File "C:\Users\Кадзицу\AppData\Roaming\Python\Python314\site-packages\aiogram\bot\base.py", line 208, in request
    return await api.make_request(self.session, self.server, self.__token, method, data, files,
           ^^^^^^^^^^^^^^^^^^^^^^^^^^^^^^^^^^^^^^^^^^^^^^^^^^^^^^^^^^^^^^^^^^^^^^^^^^^^^^^^^^^^
                                  proxy=self.proxy, proxy_auth=self.proxy_auth, timeout=self.timeout, **kwargs)
                                  ^^^^^^^^^^^^^^^^^^^^^^^^^^^^^^^^^^^^^^^^^^^^^^^^^^^^^^^^^^^^^^^^^^^^^^^^^^^^^
  File "C:\Users\Кадзицу\AppData\Roaming\Python\Python314\site-packages\aiogram\bot\api.py", line 140, in make_request
    return check_result(method, response.content_type, response.status, await response.text())
  File "C:\Users\Кадзицу\AppData\Roaming\Python\Python314\site-packages\aiogram\bot\api.py", line 119, in check_result
    exceptions.ConflictError.detect(description)
    ~~~~~~~~~~~~~~~~~~~~~~~~~~~~~~~^^^^^^^^^^^^^
  File "C:\Users\Кадзицу\AppData\Roaming\Python\Python314\site-packages\aiogram\utils\exceptions.py", line 140, in detect
    raise err(cls.text or description)
aiogram.utils.exceptions.TerminatedByOtherGetUpdates: Terminated by other getupdates request; make sure that only one bot instance is running
04/09/2026 09:00:28 AM : dispatcher.py line - 378 : start_polling : aiogram.dispatcher.dispatcher : ERROR : Cause exception while getting updates.
Traceback (most recent call last):
  File "C:\Users\Кадзицу\AppData\Roaming\Python\Python314\site-packages\aiogram\dispatcher\dispatcher.py", line 374, in start_polling
    updates = await self.bot.get_updates(limit=limit, offset=offset, timeout=timeout)
              ^^^^^^^^^^^^^^^^^^^^^^^^^^^^^^^^^^^^^^^^^^^^^^^^^^^^^^^^^^^^^^^^^^^^^^^
  File "C:\Users\Кадзицу\AppData\Roaming\Python\Python314\site-packages\aiogram\bot\bot.py", line 97, in get_updates
    result = await self.request(api.Methods.GET_UPDATES, payload)
             ^^^^^^^^^^^^^^^^^^^^^^^^^^^^^^^^^^^^^^^^^^^^^^^^^^^^
  File "C:\Users\Кадзицу\AppData\Roaming\Python\Python314\site-packages\aiogram\bot\base.py", line 208, in request
    return await api.make_request(self.session, self.server, self.__token, method, data, files,
           ^^^^^^^^^^^^^^^^^^^^^^^^^^^^^^^^^^^^^^^^^^^^^^^^^^^^^^^^^^^^^^^^^^^^^^^^^^^^^^^^^^^^
                                  proxy=self.proxy, proxy_auth=self.proxy_auth, timeout=self.timeout, **kwargs)
                                  ^^^^^^^^^^^^^^^^^^^^^^^^^^^^^^^^^^^^^^^^^^^^^^^^^^^^^^^^^^^^^^^^^^^^^^^^^^^^^
  File "C:\Users\Кадзицу\AppData\Roaming\Python\Python314\site-packages\aiogram\bot\api.py", line 140, in make_request
    return check_result(method, response.content_type, response.status, await response.text())
  File "C:\Users\Кадзицу\AppData\Roaming\Python\Python314\site-packages\aiogram\bot\api.py", line 119, in check_result
    exceptions.ConflictError.detect(description)
    ~~~~~~~~~~~~~~~~~~~~~~~~~~~~~~~^^^^^^^^^^^^^
  File "C:\Users\Кадзицу\AppData\Roaming\Python\Python314\site-packages\aiogram\utils\exceptions.py", line 140, in detect
    raise err(cls.text or description)
aiogram.utils.exceptions.TerminatedByOtherGetUpdates: Terminated by other getupdates request; make sure that only one bot instance is running
04/09/2026 09:00:36 AM : dispatcher.py line - 378 : start_polling : aiogram.dispatcher.dispatcher : ERROR : Cause exception while getting updates.
Traceback (most recent call last):
  File "C:\Users\Кадзицу\AppData\Roaming\Python\Python314\site-packages\aiogram\dispatcher\dispatcher.py", line 374, in start_polling
    updates = await self.bot.get_updates(limit=limit, offset=offset, timeout=timeout)
              ^^^^^^^^^^^^^^^^^^^^^^^^^^^^^^^^^^^^^^^^^^^^^^^^^^^^^^^^^^^^^^^^^^^^^^^
  File "C:\Users\Кадзицу\AppData\Roaming\Python\Python314\site-packages\aiogram\bot\bot.py", line 97, in get_updates
    result = await self.request(api.Methods.GET_UPDATES, payload)
             ^^^^^^^^^^^^^^^^^^^^^^^^^^^^^^^^^^^^^^^^^^^^^^^^^^^^
  File "C:\Users\Кадзицу\AppData\Roaming\Python\Python314\site-packages\aiogram\bot\base.py", line 208, in request
    return await api.make_request(self.session, self.server, self.__token, method, data, files,
           ^^^^^^^^^^^^^^^^^^^^^^^^^^^^^^^^^^^^^^^^^^^^^^^^^^^^^^^^^^^^^^^^^^^^^^^^^^^^^^^^^^^^
                                  proxy=self.proxy, proxy_auth=self.proxy_auth, timeout=self.timeout, **kwargs)
                                  ^^^^^^^^^^^^^^^^^^^^^^^^^^^^^^^^^^^^^^^^^^^^^^^^^^^^^^^^^^^^^^^^^^^^^^^^^^^^^
  File "C:\Users\Кадзицу\AppData\Roaming\Python\Python314\site-packages\aiogram\bot\api.py", line 140, in make_request
    return check_result(method, response.content_type, response.status, await response.text())
  File "C:\Users\Кадзицу\AppData\Roaming\Python\Python314\site-packages\aiogram\bot\api.py", line 119, in check_result
    exceptions.ConflictError.detect(description)
    ~~~~~~~~~~~~~~~~~~~~~~~~~~~~~~~^^^^^^^^^^^^^
  File "C:\Users\Кадзицу\AppData\Roaming\Python\Python314\site-packages\aiogram\utils\exceptions.py", line 140, in detect
    raise err(cls.text or description)
aiogram.utils.exceptions.TerminatedByOtherGetUpdates: Terminated by other getupdates request; make sure that only one bot instance is running
04/09/2026 09:00:47 AM : error_handler.py line - 65 : errors_handler : root : ERROR : Update: <aiogram.types.update.Update object at 0x000001D4D4F0CDD0> 
Value should be instance of 'User' not 'NoneType'
Traceback (most recent call last):
  File "C:\Users\Кадзицу\AppData\Roaming\Python\Python314\site-packages\aiogram\dispatcher\dispatcher.py", line 298, in process_update
    types.User.set_current(update.my_chat_member.from_user)
    ~~~~~~~~~~~~~~~~~~~~~~^^^^^^^^^^^^^^^^^^^^^^^^^^^^^^^^^
  File "C:\Users\Кадзицу\AppData\Roaming\Python\Python314\site-packages\aiogram\utils\mixins.py", line 49, in set_current
    raise TypeError(f'Value should be instance of {cls.__name__!r} not {type(value).__name__!r}')
TypeError: Value should be instance of 'User' not 'NoneType'
04/09/2026 09:00:47 AM : base_events.py line - 1875 : default_exception_handler : asyncio : ERROR : Task exception was never retrieved
future: <Task finished name='Task-212' coro=<Dispatcher._process_polling_updates() done, defined at C:\Users\Кадзицу\AppData\Roaming\Python\Python314\site-packages\aiogram\dispatcher\dispatcher.py:395> exception=TypeError("Value should be instance of 'User' not 'NoneType'")>
Traceback (most recent call last):
  File "C:\Users\Кадзицу\AppData\Roaming\Python\Python314\site-packages\aiogram\dispatcher\dispatcher.py", line 403, in _process_polling_updates
    for responses in itertools.chain.from_iterable(await self.process_updates(updates, fast)):
                                                   ^^^^^^^^^^^^^^^^^^^^^^^^^^^^^^^^^^^^^^^^^
  File "C:\Users\Кадзицу\AppData\Roaming\Python\Python314\site-packages\aiogram\dispatcher\dispatcher.py", line 232, in process_updates
    return await asyncio.gather(*tasks)
           ^^^^^^^^^^^^^^^^^^^^^^^^^^^^
  File "C:\Users\Кадзицу\AppData\Roaming\Python\Python314\site-packages\aiogram\dispatcher\handler.py", line 117, in notify
    response = await handler_obj.handler(*args, **partial_data)
               ^^^^^^^^^^^^^^^^^^^^^^^^^^^^^^^^^^^^^^^^^^^^^^^^
  File "C:\Users\Кадзицу\AppData\Roaming\Python\Python314\site-packages\aiogram\dispatcher\dispatcher.py", line 298, in process_update
    types.User.set_current(update.my_chat_member.from_user)
    ~~~~~~~~~~~~~~~~~~~~~~^^^^^^^^^^^^^^^^^^^^^^^^^^^^^^^^^
  File "C:\Users\Кадзицу\AppData\Roaming\Python\Python314\site-packages\aiogram\utils\mixins.py", line 49, in set_current
    raise TypeError(f'Value should be instance of {cls.__name__!r} not {type(value).__name__!r}')
TypeError: Value should be instance of 'User' not 'NoneType'
04/09/2026 09:00:58 AM : dispatcher.py line - 378 : start_polling : aiogram.dispatcher.dispatcher : ERROR : Cause exception while getting updates.
Traceback (most recent call last):
  File "C:\Users\Кадзицу\AppData\Roaming\Python\Python314\site-packages\aiogram\dispatcher\dispatcher.py", line 374, in start_polling
    updates = await self.bot.get_updates(limit=limit, offset=offset, timeout=timeout)
              ^^^^^^^^^^^^^^^^^^^^^^^^^^^^^^^^^^^^^^^^^^^^^^^^^^^^^^^^^^^^^^^^^^^^^^^
  File "C:\Users\Кадзицу\AppData\Roaming\Python\Python314\site-packages\aiogram\bot\bot.py", line 97, in get_updates
    result = await self.request(api.Methods.GET_UPDATES, payload)
             ^^^^^^^^^^^^^^^^^^^^^^^^^^^^^^^^^^^^^^^^^^^^^^^^^^^^
  File "C:\Users\Кадзицу\AppData\Roaming\Python\Python314\site-packages\aiogram\bot\base.py", line 208, in request
    return await api.make_request(self.session, self.server, self.__token, method, data, files,
           ^^^^^^^^^^^^^^^^^^^^^^^^^^^^^^^^^^^^^^^^^^^^^^^^^^^^^^^^^^^^^^^^^^^^^^^^^^^^^^^^^^^^
                                  proxy=self.proxy, proxy_auth=self.proxy_auth, timeout=self.timeout, **kwargs)
                                  ^^^^^^^^^^^^^^^^^^^^^^^^^^^^^^^^^^^^^^^^^^^^^^^^^^^^^^^^^^^^^^^^^^^^^^^^^^^^^
  File "C:\Users\Кадзицу\AppData\Roaming\Python\Python314\site-packages\aiogram\bot\api.py", line 140, in make_request
    return check_result(method, response.content_type, response.status, await response.text())
  File "C:\Users\Кадзицу\AppData\Roaming\Python\Python314\site-packages\aiogram\bot\api.py", line 119, in check_result
    exceptions.ConflictError.detect(description)
    ~~~~~~~~~~~~~~~~~~~~~~~~~~~~~~~^^^^^^^^^^^^^
  File "C:\Users\Кадзицу\AppData\Roaming\Python\Python314\site-packages\aiogram\utils\exceptions.py", line 140, in detect
    raise err(cls.text or description)
aiogram.utils.exceptions.TerminatedByOtherGetUpdates: Terminated by other getupdates request; make sure that only one bot instance is running
04/09/2026 09:01:00 AM : error_handler.py line - 48 : errors_handler : root : ERROR : Unauthorized: Forbidden: bot was blocked by the user
Traceback (most recent call last):
  File "C:\Users\Кадзицу\AppData\Roaming\Python\Python314\site-packages\aiogram\dispatcher\dispatcher.py", line 253, in process_update
    return await self.message_handlers.notify(update.message)
           ^^^^^^^^^^^^^^^^^^^^^^^^^^^^^^^^^^^^^^^^^^^^^^^^^^
  File "C:\Users\Кадзицу\AppData\Roaming\Python\Python314\site-packages\aiogram\dispatcher\handler.py", line 117, in notify
    response = await handler_obj.handler(*args, **partial_data)
               ^^^^^^^^^^^^^^^^^^^^^^^^^^^^^^^^^^^^^^^^^^^^^^^^
  File "C:\Users\Кадзицу\Desktop\cartel_auto\handlers\users\start.py", line 36, in bot_start
    await message.answer_photo(
    ...<3 lines>...
    )
  File "C:\Users\Кадзицу\AppData\Roaming\Python\Python314\site-packages\aiogram\types\message.py", line 420, in answer_photo
    return await self.bot.send_photo(
           ^^^^^^^^^^^^^^^^^^^^^^^^^^
    ...<9 lines>...
    )
    ^
  File "C:\Users\Кадзицу\AppData\Roaming\Python\Python314\site-packages\aiogram\bot\bot.py", line 486, in send_photo
    result = await self.request(api.Methods.SEND_PHOTO, payload, files)
             ^^^^^^^^^^^^^^^^^^^^^^^^^^^^^^^^^^^^^^^^^^^^^^^^^^^^^^^^^^
  File "C:\Users\Кадзицу\AppData\Roaming\Python\Python314\site-packages\aiogram\bot\base.py", line 208, in request
    return await api.make_request(self.session, self.server, self.__token, method, data, files,
           ^^^^^^^^^^^^^^^^^^^^^^^^^^^^^^^^^^^^^^^^^^^^^^^^^^^^^^^^^^^^^^^^^^^^^^^^^^^^^^^^^^^^
                                  proxy=self.proxy, proxy_auth=self.proxy_auth, timeout=self.timeout, **kwargs)
                                  ^^^^^^^^^^^^^^^^^^^^^^^^^^^^^^^^^^^^^^^^^^^^^^^^^^^^^^^^^^^^^^^^^^^^^^^^^^^^^
  File "C:\Users\Кадзицу\AppData\Roaming\Python\Python314\site-packages\aiogram\bot\api.py", line 140, in make_request
    return check_result(method, response.content_type, response.status, await response.text())
  File "C:\Users\Кадзицу\AppData\Roaming\Python\Python314\site-packages\aiogram\bot\api.py", line 121, in check_result
    exceptions.Unauthorized.detect(description)
    ~~~~~~~~~~~~~~~~~~~~~~~~~~~~~~^^^^^^^^^^^^^
  File "C:\Users\Кадзицу\AppData\Roaming\Python\Python314\site-packages\aiogram\utils\exceptions.py", line 140, in detect
    raise err(cls.text or description)
aiogram.utils.exceptions.BotBlocked: Forbidden: bot was blocked by the user
04/09/2026 09:01:04 AM : dispatcher.py line - 378 : start_polling : aiogram.dispatcher.dispatcher : ERROR : Cause exception while getting updates.
Traceback (most recent call last):
  File "C:\Users\Кадзицу\AppData\Roaming\Python\Python314\site-packages\aiogram\dispatcher\dispatcher.py", line 374, in start_polling
    updates = await self.bot.get_updates(limit=limit, offset=offset, timeout=timeout)
              ^^^^^^^^^^^^^^^^^^^^^^^^^^^^^^^^^^^^^^^^^^^^^^^^^^^^^^^^^^^^^^^^^^^^^^^
  File "C:\Users\Кадзицу\AppData\Roaming\Python\Python314\site-packages\aiogram\bot\bot.py", line 97, in get_updates
    result = await self.request(api.Methods.GET_UPDATES, payload)
             ^^^^^^^^^^^^^^^^^^^^^^^^^^^^^^^^^^^^^^^^^^^^^^^^^^^^
  File "C:\Users\Кадзицу\AppData\Roaming\Python\Python314\site-packages\aiogram\bot\base.py", line 208, in request
    return await api.make_request(self.session, self.server, self.__token, method, data, files,
           ^^^^^^^^^^^^^^^^^^^^^^^^^^^^^^^^^^^^^^^^^^^^^^^^^^^^^^^^^^^^^^^^^^^^^^^^^^^^^^^^^^^^
                                  proxy=self.proxy, proxy_auth=self.proxy_auth, timeout=self.timeout, **kwargs)
                                  ^^^^^^^^^^^^^^^^^^^^^^^^^^^^^^^^^^^^^^^^^^^^^^^^^^^^^^^^^^^^^^^^^^^^^^^^^^^^^
  File "C:\Users\Кадзицу\AppData\Roaming\Python\Python314\site-packages\aiogram\bot\api.py", line 140, in make_request
    return check_result(method, response.content_type, response.status, await response.text())
  File "C:\Users\Кадзицу\AppData\Roaming\Python\Python314\site-packages\aiogram\bot\api.py", line 119, in check_result
    exceptions.ConflictError.detect(description)
    ~~~~~~~~~~~~~~~~~~~~~~~~~~~~~~~^^^^^^^^^^^^^
  File "C:\Users\Кадзицу\AppData\Roaming\Python\Python314\site-packages\aiogram\utils\exceptions.py", line 140, in detect
    raise err(cls.text or description)
aiogram.utils.exceptions.TerminatedByOtherGetUpdates: Terminated by other getupdates request; make sure that only one bot instance is running
04/09/2026 09:01:05 AM : error_handler.py line - 65 : errors_handler : root : ERROR : Update: <aiogram.types.update.Update object at 0x0000013D1C1C0A50> 
Value should be instance of 'User' not 'NoneType'
Traceback (most recent call last):
  File "C:\Users\Кадзицу\AppData\Roaming\Python\Python314\site-packages\aiogram\dispatcher\dispatcher.py", line 298, in process_update
    types.User.set_current(update.my_chat_member.from_user)
    ~~~~~~~~~~~~~~~~~~~~~~^^^^^^^^^^^^^^^^^^^^^^^^^^^^^^^^^
  File "C:\Users\Кадзицу\AppData\Roaming\Python\Python314\site-packages\aiogram\utils\mixins.py", line 49, in set_current
    raise TypeError(f'Value should be instance of {cls.__name__!r} not {type(value).__name__!r}')
TypeError: Value should be instance of 'User' not 'NoneType'
04/09/2026 09:01:05 AM : base_events.py line - 1875 : default_exception_handler : asyncio : ERROR : Task exception was never retrieved
future: <Task finished name='Task-16' coro=<Dispatcher._process_polling_updates() done, defined at C:\Users\Кадзицу\AppData\Roaming\Python\Python314\site-packages\aiogram\dispatcher\dispatcher.py:395> exception=TypeError("Value should be instance of 'User' not 'NoneType'")>
Traceback (most recent call last):
  File "C:\Users\Кадзицу\AppData\Roaming\Python\Python314\site-packages\aiogram\dispatcher\dispatcher.py", line 403, in _process_polling_updates
    for responses in itertools.chain.from_iterable(await self.process_updates(updates, fast)):
                                                   ^^^^^^^^^^^^^^^^^^^^^^^^^^^^^^^^^^^^^^^^^
  File "C:\Users\Кадзицу\AppData\Roaming\Python\Python314\site-packages\aiogram\dispatcher\dispatcher.py", line 232, in process_updates
    return await asyncio.gather(*tasks)
           ^^^^^^^^^^^^^^^^^^^^^^^^^^^^
  File "C:\Users\Кадзицу\AppData\Roaming\Python\Python314\site-packages\aiogram\dispatcher\handler.py", line 117, in notify
    response = await handler_obj.handler(*args, **partial_data)
               ^^^^^^^^^^^^^^^^^^^^^^^^^^^^^^^^^^^^^^^^^^^^^^^^
  File "C:\Users\Кадзицу\AppData\Roaming\Python\Python314\site-packages\aiogram\dispatcher\dispatcher.py", line 298, in process_update
    types.User.set_current(update.my_chat_member.from_user)
    ~~~~~~~~~~~~~~~~~~~~~~^^^^^^^^^^^^^^^^^^^^^^^^^^^^^^^^^
  File "C:\Users\Кадзицу\AppData\Roaming\Python\Python314\site-packages\aiogram\utils\mixins.py", line 49, in set_current
    raise TypeError(f'Value should be instance of {cls.__name__!r} not {type(value).__name__!r}')
TypeError: Value should be instance of 'User' not 'NoneType'
04/09/2026 09:01:09 AM : dispatcher.py line - 378 : start_polling : aiogram.dispatcher.dispatcher : ERROR : Cause exception while getting updates.
Traceback (most recent call last):
  File "C:\Users\Кадзицу\AppData\Roaming\Python\Python314\site-packages\aiogram\dispatcher\dispatcher.py", line 374, in start_polling
    updates = await self.bot.get_updates(limit=limit, offset=offset, timeout=timeout)
              ^^^^^^^^^^^^^^^^^^^^^^^^^^^^^^^^^^^^^^^^^^^^^^^^^^^^^^^^^^^^^^^^^^^^^^^
  File "C:\Users\Кадзицу\AppData\Roaming\Python\Python314\site-packages\aiogram\bot\bot.py", line 97, in get_updates
    result = await self.request(api.Methods.GET_UPDATES, payload)
             ^^^^^^^^^^^^^^^^^^^^^^^^^^^^^^^^^^^^^^^^^^^^^^^^^^^^
  File "C:\Users\Кадзицу\AppData\Roaming\Python\Python314\site-packages\aiogram\bot\base.py", line 208, in request
    return await api.make_request(self.session, self.server, self.__token, method, data, files,
           ^^^^^^^^^^^^^^^^^^^^^^^^^^^^^^^^^^^^^^^^^^^^^^^^^^^^^^^^^^^^^^^^^^^^^^^^^^^^^^^^^^^^
                                  proxy=self.proxy, proxy_auth=self.proxy_auth, timeout=self.timeout, **kwargs)
                                  ^^^^^^^^^^^^^^^^^^^^^^^^^^^^^^^^^^^^^^^^^^^^^^^^^^^^^^^^^^^^^^^^^^^^^^^^^^^^^
  File "C:\Users\Кадзицу\AppData\Roaming\Python\Python314\site-packages\aiogram\bot\api.py", line 140, in make_request
    return check_result(method, response.content_type, response.status, await response.text())
  File "C:\Users\Кадзицу\AppData\Roaming\Python\Python314\site-packages\aiogram\bot\api.py", line 119, in check_result
    exceptions.ConflictError.detect(description)
    ~~~~~~~~~~~~~~~~~~~~~~~~~~~~~~~^^^^^^^^^^^^^
  File "C:\Users\Кадзицу\AppData\Roaming\Python\Python314\site-packages\aiogram\utils\exceptions.py", line 140, in detect
    raise err(cls.text or description)
aiogram.utils.exceptions.TerminatedByOtherGetUpdates: Terminated by other getupdates request; make sure that only one bot instance is running
04/09/2026 09:01:15 AM : dispatcher.py line - 378 : start_polling : aiogram.dispatcher.dispatcher : ERROR : Cause exception while getting updates.
Traceback (most recent call last):
  File "C:\Users\Кадзицу\AppData\Roaming\Python\Python314\site-packages\aiogram\dispatcher\dispatcher.py", line 374, in start_polling
    updates = await self.bot.get_updates(limit=limit, offset=offset, timeout=timeout)
              ^^^^^^^^^^^^^^^^^^^^^^^^^^^^^^^^^^^^^^^^^^^^^^^^^^^^^^^^^^^^^^^^^^^^^^^
  File "C:\Users\Кадзицу\AppData\Roaming\Python\Python314\site-packages\aiogram\bot\bot.py", line 97, in get_updates
    result = await self.request(api.Methods.GET_UPDATES, payload)
             ^^^^^^^^^^^^^^^^^^^^^^^^^^^^^^^^^^^^^^^^^^^^^^^^^^^^
  File "C:\Users\Кадзицу\AppData\Roaming\Python\Python314\site-packages\aiogram\bot\base.py", line 208, in request
    return await api.make_request(self.session, self.server, self.__token, method, data, files,
           ^^^^^^^^^^^^^^^^^^^^^^^^^^^^^^^^^^^^^^^^^^^^^^^^^^^^^^^^^^^^^^^^^^^^^^^^^^^^^^^^^^^^
                                  proxy=self.proxy, proxy_auth=self.proxy_auth, timeout=self.timeout, **kwargs)
                                  ^^^^^^^^^^^^^^^^^^^^^^^^^^^^^^^^^^^^^^^^^^^^^^^^^^^^^^^^^^^^^^^^^^^^^^^^^^^^^
  File "C:\Users\Кадзицу\AppData\Roaming\Python\Python314\site-packages\aiogram\bot\api.py", line 140, in make_request
    return check_result(method, response.content_type, response.status, await response.text())
  File "C:\Users\Кадзицу\AppData\Roaming\Python\Python314\site-packages\aiogram\bot\api.py", line 119, in check_result
    exceptions.ConflictError.detect(description)
    ~~~~~~~~~~~~~~~~~~~~~~~~~~~~~~~^^^^^^^^^^^^^
  File "C:\Users\Кадзицу\AppData\Roaming\Python\Python314\site-packages\aiogram\utils\exceptions.py", line 140, in detect
    raise err(cls.text or description)
aiogram.utils.exceptions.TerminatedByOtherGetUpdates: Terminated by other getupdates request; make sure that only one bot instance is running
04/09/2026 09:01:23 AM : dispatcher.py line - 378 : start_polling : aiogram.dispatcher.dispatcher : ERROR : Cause exception while getting updates.
Traceback (most recent call last):
  File "C:\Users\Кадзицу\AppData\Roaming\Python\Python314\site-packages\aiogram\dispatcher\dispatcher.py", line 374, in start_polling
    updates = await self.bot.get_updates(limit=limit, offset=offset, timeout=timeout)
              ^^^^^^^^^^^^^^^^^^^^^^^^^^^^^^^^^^^^^^^^^^^^^^^^^^^^^^^^^^^^^^^^^^^^^^^
  File "C:\Users\Кадзицу\AppData\Roaming\Python\Python314\site-packages\aiogram\bot\bot.py", line 97, in get_updates
    result = await self.request(api.Methods.GET_UPDATES, payload)
             ^^^^^^^^^^^^^^^^^^^^^^^^^^^^^^^^^^^^^^^^^^^^^^^^^^^^
  File "C:\Users\Кадзицу\AppData\Roaming\Python\Python314\site-packages\aiogram\bot\base.py", line 208, in request
    return await api.make_request(self.session, self.server, self.__token, method, data, files,
           ^^^^^^^^^^^^^^^^^^^^^^^^^^^^^^^^^^^^^^^^^^^^^^^^^^^^^^^^^^^^^^^^^^^^^^^^^^^^^^^^^^^^
                                  proxy=self.proxy, proxy_auth=self.proxy_auth, timeout=self.timeout, **kwargs)
                                  ^^^^^^^^^^^^^^^^^^^^^^^^^^^^^^^^^^^^^^^^^^^^^^^^^^^^^^^^^^^^^^^^^^^^^^^^^^^^^
  File "C:\Users\Кадзицу\AppData\Roaming\Python\Python314\site-packages\aiogram\bot\api.py", line 140, in make_request
    return check_result(method, response.content_type, response.status, await response.text())
  File "C:\Users\Кадзицу\AppData\Roaming\Python\Python314\site-packages\aiogram\bot\api.py", line 119, in check_result
    exceptions.ConflictError.detect(description)
    ~~~~~~~~~~~~~~~~~~~~~~~~~~~~~~~^^^^^^^^^^^^^
  File "C:\Users\Кадзицу\AppData\Roaming\Python\Python314\site-packages\aiogram\utils\exceptions.py", line 140, in detect
    raise err(cls.text or description)
aiogram.utils.exceptions.TerminatedByOtherGetUpdates: Terminated by other getupdates request; make sure that only one bot instance is running
04/09/2026 09:01:28 AM : dispatcher.py line - 378 : start_polling : aiogram.dispatcher.dispatcher : ERROR : Cause exception while getting updates.
Traceback (most recent call last):
  File "C:\Users\Кадзицу\AppData\Roaming\Python\Python314\site-packages\aiogram\dispatcher\dispatcher.py", line 374, in start_polling
    updates = await self.bot.get_updates(limit=limit, offset=offset, timeout=timeout)
              ^^^^^^^^^^^^^^^^^^^^^^^^^^^^^^^^^^^^^^^^^^^^^^^^^^^^^^^^^^^^^^^^^^^^^^^
  File "C:\Users\Кадзицу\AppData\Roaming\Python\Python314\site-packages\aiogram\bot\bot.py", line 97, in get_updates
    result = await self.request(api.Methods.GET_UPDATES, payload)
             ^^^^^^^^^^^^^^^^^^^^^^^^^^^^^^^^^^^^^^^^^^^^^^^^^^^^
  File "C:\Users\Кадзицу\AppData\Roaming\Python\Python314\site-packages\aiogram\bot\base.py", line 208, in request
    return await api.make_request(self.session, self.server, self.__token, method, data, files,
           ^^^^^^^^^^^^^^^^^^^^^^^^^^^^^^^^^^^^^^^^^^^^^^^^^^^^^^^^^^^^^^^^^^^^^^^^^^^^^^^^^^^^
                                  proxy=self.proxy, proxy_auth=self.proxy_auth, timeout=self.timeout, **kwargs)
                                  ^^^^^^^^^^^^^^^^^^^^^^^^^^^^^^^^^^^^^^^^^^^^^^^^^^^^^^^^^^^^^^^^^^^^^^^^^^^^^
  File "C:\Users\Кадзицу\AppData\Roaming\Python\Python314\site-packages\aiogram\bot\api.py", line 140, in make_request
    return check_result(method, response.content_type, response.status, await response.text())
  File "C:\Users\Кадзицу\AppData\Roaming\Python\Python314\site-packages\aiogram\bot\api.py", line 119, in check_result
    exceptions.ConflictError.detect(description)
    ~~~~~~~~~~~~~~~~~~~~~~~~~~~~~~~^^^^^^^^^^^^^
  File "C:\Users\Кадзицу\AppData\Roaming\Python\Python314\site-packages\aiogram\utils\exceptions.py", line 140, in detect
    raise err(cls.text or description)
aiogram.utils.exceptions.TerminatedByOtherGetUpdates: Terminated by other getupdates request; make sure that only one bot instance is running
04/09/2026 09:01:33 AM : dispatcher.py line - 378 : start_polling : aiogram.dispatcher.dispatcher : ERROR : Cause exception while getting updates.
Traceback (most recent call last):
  File "C:\Users\Кадзицу\AppData\Roaming\Python\Python314\site-packages\aiogram\dispatcher\dispatcher.py", line 374, in start_polling
    updates = await self.bot.get_updates(limit=limit, offset=offset, timeout=timeout)
              ^^^^^^^^^^^^^^^^^^^^^^^^^^^^^^^^^^^^^^^^^^^^^^^^^^^^^^^^^^^^^^^^^^^^^^^
  File "C:\Users\Кадзицу\AppData\Roaming\Python\Python314\site-packages\aiogram\bot\bot.py", line 97, in get_updates
    result = await self.request(api.Methods.GET_UPDATES, payload)
             ^^^^^^^^^^^^^^^^^^^^^^^^^^^^^^^^^^^^^^^^^^^^^^^^^^^^
  File "C:\Users\Кадзицу\AppData\Roaming\Python\Python314\site-packages\aiogram\bot\base.py", line 208, in request
    return await api.make_request(self.session, self.server, self.__token, method, data, files,
           ^^^^^^^^^^^^^^^^^^^^^^^^^^^^^^^^^^^^^^^^^^^^^^^^^^^^^^^^^^^^^^^^^^^^^^^^^^^^^^^^^^^^
                                  proxy=self.proxy, proxy_auth=self.proxy_auth, timeout=self.timeout, **kwargs)
                                  ^^^^^^^^^^^^^^^^^^^^^^^^^^^^^^^^^^^^^^^^^^^^^^^^^^^^^^^^^^^^^^^^^^^^^^^^^^^^^
  File "C:\Users\Кадзицу\AppData\Roaming\Python\Python314\site-packages\aiogram\bot\api.py", line 140, in make_request
    return check_result(method, response.content_type, response.status, await response.text())
  File "C:\Users\Кадзицу\AppData\Roaming\Python\Python314\site-packages\aiogram\bot\api.py", line 119, in check_result
    exceptions.ConflictError.detect(description)
    ~~~~~~~~~~~~~~~~~~~~~~~~~~~~~~~^^^^^^^^^^^^^
  File "C:\Users\Кадзицу\AppData\Roaming\Python\Python314\site-packages\aiogram\utils\exceptions.py", line 140, in detect
    raise err(cls.text or description)
aiogram.utils.exceptions.TerminatedByOtherGetUpdates: Terminated by other getupdates request; make sure that only one bot instance is running
04/09/2026 09:01:38 AM : dispatcher.py line - 378 : start_polling : aiogram.dispatcher.dispatcher : ERROR : Cause exception while getting updates.
Traceback (most recent call last):
  File "C:\Users\Кадзицу\AppData\Roaming\Python\Python314\site-packages\aiogram\dispatcher\dispatcher.py", line 374, in start_polling
    updates = await self.bot.get_updates(limit=limit, offset=offset, timeout=timeout)
              ^^^^^^^^^^^^^^^^^^^^^^^^^^^^^^^^^^^^^^^^^^^^^^^^^^^^^^^^^^^^^^^^^^^^^^^
  File "C:\Users\Кадзицу\AppData\Roaming\Python\Python314\site-packages\aiogram\bot\bot.py", line 97, in get_updates
    result = await self.request(api.Methods.GET_UPDATES, payload)
             ^^^^^^^^^^^^^^^^^^^^^^^^^^^^^^^^^^^^^^^^^^^^^^^^^^^^
  File "C:\Users\Кадзицу\AppData\Roaming\Python\Python314\site-packages\aiogram\bot\base.py", line 208, in request
    return await api.make_request(self.session, self.server, self.__token, method, data, files,
           ^^^^^^^^^^^^^^^^^^^^^^^^^^^^^^^^^^^^^^^^^^^^^^^^^^^^^^^^^^^^^^^^^^^^^^^^^^^^^^^^^^^^
                                  proxy=self.proxy, proxy_auth=self.proxy_auth, timeout=self.timeout, **kwargs)
                                  ^^^^^^^^^^^^^^^^^^^^^^^^^^^^^^^^^^^^^^^^^^^^^^^^^^^^^^^^^^^^^^^^^^^^^^^^^^^^^
  File "C:\Users\Кадзицу\AppData\Roaming\Python\Python314\site-packages\aiogram\bot\api.py", line 140, in make_request
    return check_result(method, response.content_type, response.status, await response.text())
  File "C:\Users\Кадзицу\AppData\Roaming\Python\Python314\site-packages\aiogram\bot\api.py", line 119, in check_result
    exceptions.ConflictError.detect(description)
    ~~~~~~~~~~~~~~~~~~~~~~~~~~~~~~~^^^^^^^^^^^^^
  File "C:\Users\Кадзицу\AppData\Roaming\Python\Python314\site-packages\aiogram\utils\exceptions.py", line 140, in detect
    raise err(cls.text or description)
aiogram.utils.exceptions.TerminatedByOtherGetUpdates: Terminated by other getupdates request; make sure that only one bot instance is running
04/09/2026 09:01:44 AM : dispatcher.py line - 378 : start_polling : aiogram.dispatcher.dispatcher : ERROR : Cause exception while getting updates.
Traceback (most recent call last):
  File "C:\Users\Кадзицу\AppData\Roaming\Python\Python314\site-packages\aiogram\dispatcher\dispatcher.py", line 374, in start_polling
    updates = await self.bot.get_updates(limit=limit, offset=offset, timeout=timeout)
              ^^^^^^^^^^^^^^^^^^^^^^^^^^^^^^^^^^^^^^^^^^^^^^^^^^^^^^^^^^^^^^^^^^^^^^^
  File "C:\Users\Кадзицу\AppData\Roaming\Python\Python314\site-packages\aiogram\bot\bot.py", line 97, in get_updates
    result = await self.request(api.Methods.GET_UPDATES, payload)
             ^^^^^^^^^^^^^^^^^^^^^^^^^^^^^^^^^^^^^^^^^^^^^^^^^^^^
  File "C:\Users\Кадзицу\AppData\Roaming\Python\Python314\site-packages\aiogram\bot\base.py", line 208, in request
    return await api.make_request(self.session, self.server, self.__token, method, data, files,
           ^^^^^^^^^^^^^^^^^^^^^^^^^^^^^^^^^^^^^^^^^^^^^^^^^^^^^^^^^^^^^^^^^^^^^^^^^^^^^^^^^^^^
                                  proxy=self.proxy, proxy_auth=self.proxy_auth, timeout=self.timeout, **kwargs)
                                  ^^^^^^^^^^^^^^^^^^^^^^^^^^^^^^^^^^^^^^^^^^^^^^^^^^^^^^^^^^^^^^^^^^^^^^^^^^^^^
  File "C:\Users\Кадзицу\AppData\Roaming\Python\Python314\site-packages\aiogram\bot\api.py", line 140, in make_request
    return check_result(method, response.content_type, response.status, await response.text())
  File "C:\Users\Кадзицу\AppData\Roaming\Python\Python314\site-packages\aiogram\bot\api.py", line 119, in check_result
    exceptions.ConflictError.detect(description)
    ~~~~~~~~~~~~~~~~~~~~~~~~~~~~~~~^^^^^^^^^^^^^
  File "C:\Users\Кадзицу\AppData\Roaming\Python\Python314\site-packages\aiogram\utils\exceptions.py", line 140, in detect
    raise err(cls.text or description)
aiogram.utils.exceptions.TerminatedByOtherGetUpdates: Terminated by other getupdates request; make sure that only one bot instance is running
04/09/2026 09:01:49 AM : dispatcher.py line - 378 : start_polling : aiogram.dispatcher.dispatcher : ERROR : Cause exception while getting updates.
Traceback (most recent call last):
  File "C:\Users\Кадзицу\AppData\Roaming\Python\Python314\site-packages\aiogram\dispatcher\dispatcher.py", line 374, in start_polling
    updates = await self.bot.get_updates(limit=limit, offset=offset, timeout=timeout)
              ^^^^^^^^^^^^^^^^^^^^^^^^^^^^^^^^^^^^^^^^^^^^^^^^^^^^^^^^^^^^^^^^^^^^^^^
  File "C:\Users\Кадзицу\AppData\Roaming\Python\Python314\site-packages\aiogram\bot\bot.py", line 97, in get_updates
    result = await self.request(api.Methods.GET_UPDATES, payload)
             ^^^^^^^^^^^^^^^^^^^^^^^^^^^^^^^^^^^^^^^^^^^^^^^^^^^^
  File "C:\Users\Кадзицу\AppData\Roaming\Python\Python314\site-packages\aiogram\bot\base.py", line 208, in request
    return await api.make_request(self.session, self.server, self.__token, method, data, files,
           ^^^^^^^^^^^^^^^^^^^^^^^^^^^^^^^^^^^^^^^^^^^^^^^^^^^^^^^^^^^^^^^^^^^^^^^^^^^^^^^^^^^^
                                  proxy=self.proxy, proxy_auth=self.proxy_auth, timeout=self.timeout, **kwargs)
                                  ^^^^^^^^^^^^^^^^^^^^^^^^^^^^^^^^^^^^^^^^^^^^^^^^^^^^^^^^^^^^^^^^^^^^^^^^^^^^^
  File "C:\Users\Кадзицу\AppData\Roaming\Python\Python314\site-packages\aiogram\bot\api.py", line 140, in make_request
    return check_result(method, response.content_type, response.status, await response.text())
  File "C:\Users\Кадзицу\AppData\Roaming\Python\Python314\site-packages\aiogram\bot\api.py", line 119, in check_result
    exceptions.ConflictError.detect(description)
    ~~~~~~~~~~~~~~~~~~~~~~~~~~~~~~~^^^^^^^^^^^^^
  File "C:\Users\Кадзицу\AppData\Roaming\Python\Python314\site-packages\aiogram\utils\exceptions.py", line 140, in detect
    raise err(cls.text or description)
aiogram.utils.exceptions.TerminatedByOtherGetUpdates: Terminated by other getupdates request; make sure that only one bot instance is running
04/09/2026 09:01:54 AM : dispatcher.py line - 378 : start_polling : aiogram.dispatcher.dispatcher : ERROR : Cause exception while getting updates.
Traceback (most recent call last):
  File "C:\Users\Кадзицу\AppData\Roaming\Python\Python314\site-packages\aiogram\dispatcher\dispatcher.py", line 374, in start_polling
    updates = await self.bot.get_updates(limit=limit, offset=offset, timeout=timeout)
              ^^^^^^^^^^^^^^^^^^^^^^^^^^^^^^^^^^^^^^^^^^^^^^^^^^^^^^^^^^^^^^^^^^^^^^^
  File "C:\Users\Кадзицу\AppData\Roaming\Python\Python314\site-packages\aiogram\bot\bot.py", line 97, in get_updates
    result = await self.request(api.Methods.GET_UPDATES, payload)
             ^^^^^^^^^^^^^^^^^^^^^^^^^^^^^^^^^^^^^^^^^^^^^^^^^^^^
  File "C:\Users\Кадзицу\AppData\Roaming\Python\Python314\site-packages\aiogram\bot\base.py", line 208, in request
    return await api.make_request(self.session, self.server, self.__token, method, data, files,
           ^^^^^^^^^^^^^^^^^^^^^^^^^^^^^^^^^^^^^^^^^^^^^^^^^^^^^^^^^^^^^^^^^^^^^^^^^^^^^^^^^^^^
                                  proxy=self.proxy, proxy_auth=self.proxy_auth, timeout=self.timeout, **kwargs)
                                  ^^^^^^^^^^^^^^^^^^^^^^^^^^^^^^^^^^^^^^^^^^^^^^^^^^^^^^^^^^^^^^^^^^^^^^^^^^^^^
  File "C:\Users\Кадзицу\AppData\Roaming\Python\Python314\site-packages\aiogram\bot\api.py", line 140, in make_request
    return check_result(method, response.content_type, response.status, await response.text())
  File "C:\Users\Кадзицу\AppData\Roaming\Python\Python314\site-packages\aiogram\bot\api.py", line 119, in check_result
    exceptions.ConflictError.detect(description)
    ~~~~~~~~~~~~~~~~~~~~~~~~~~~~~~~^^^^^^^^^^^^^
  File "C:\Users\Кадзицу\AppData\Roaming\Python\Python314\site-packages\aiogram\utils\exceptions.py", line 140, in detect
    raise err(cls.text or description)
aiogram.utils.exceptions.TerminatedByOtherGetUpdates: Terminated by other getupdates request; make sure that only one bot instance is running
04/09/2026 09:01:59 AM : dispatcher.py line - 378 : start_polling : aiogram.dispatcher.dispatcher : ERROR : Cause exception while getting updates.
Traceback (most recent call last):
  File "C:\Users\Кадзицу\AppData\Roaming\Python\Python314\site-packages\aiogram\dispatcher\dispatcher.py", line 374, in start_polling
    updates = await self.bot.get_updates(limit=limit, offset=offset, timeout=timeout)
              ^^^^^^^^^^^^^^^^^^^^^^^^^^^^^^^^^^^^^^^^^^^^^^^^^^^^^^^^^^^^^^^^^^^^^^^
  File "C:\Users\Кадзицу\AppData\Roaming\Python\Python314\site-packages\aiogram\bot\bot.py", line 97, in get_updates
    result = await self.request(api.Methods.GET_UPDATES, payload)
             ^^^^^^^^^^^^^^^^^^^^^^^^^^^^^^^^^^^^^^^^^^^^^^^^^^^^
  File "C:\Users\Кадзицу\AppData\Roaming\Python\Python314\site-packages\aiogram\bot\base.py", line 208, in request
    return await api.make_request(self.session, self.server, self.__token, method, data, files,
           ^^^^^^^^^^^^^^^^^^^^^^^^^^^^^^^^^^^^^^^^^^^^^^^^^^^^^^^^^^^^^^^^^^^^^^^^^^^^^^^^^^^^
                                  proxy=self.proxy, proxy_auth=self.proxy_auth, timeout=self.timeout, **kwargs)
                                  ^^^^^^^^^^^^^^^^^^^^^^^^^^^^^^^^^^^^^^^^^^^^^^^^^^^^^^^^^^^^^^^^^^^^^^^^^^^^^
  File "C:\Users\Кадзицу\AppData\Roaming\Python\Python314\site-packages\aiogram\bot\api.py", line 140, in make_request
    return check_result(method, response.content_type, response.status, await response.text())
  File "C:\Users\Кадзицу\AppData\Roaming\Python\Python314\site-packages\aiogram\bot\api.py", line 119, in check_result
    exceptions.ConflictError.detect(description)
    ~~~~~~~~~~~~~~~~~~~~~~~~~~~~~~~^^^^^^^^^^^^^
  File "C:\Users\Кадзицу\AppData\Roaming\Python\Python314\site-packages\aiogram\utils\exceptions.py", line 140, in detect
    raise err(cls.text or description)
aiogram.utils.exceptions.TerminatedByOtherGetUpdates: Terminated by other getupdates request; make sure that only one bot instance is running
04/09/2026 09:02:05 AM : dispatcher.py line - 378 : start_polling : aiogram.dispatcher.dispatcher : ERROR : Cause exception while getting updates.
Traceback (most recent call last):
  File "C:\Users\Кадзицу\AppData\Roaming\Python\Python314\site-packages\aiogram\dispatcher\dispatcher.py", line 374, in start_polling
    updates = await self.bot.get_updates(limit=limit, offset=offset, timeout=timeout)
              ^^^^^^^^^^^^^^^^^^^^^^^^^^^^^^^^^^^^^^^^^^^^^^^^^^^^^^^^^^^^^^^^^^^^^^^
  File "C:\Users\Кадзицу\AppData\Roaming\Python\Python314\site-packages\aiogram\bot\bot.py", line 97, in get_updates
    result = await self.request(api.Methods.GET_UPDATES, payload)
             ^^^^^^^^^^^^^^^^^^^^^^^^^^^^^^^^^^^^^^^^^^^^^^^^^^^^
  File "C:\Users\Кадзицу\AppData\Roaming\Python\Python314\site-packages\aiogram\bot\base.py", line 208, in request
    return await api.make_request(self.session, self.server, self.__token, method, data, files,
           ^^^^^^^^^^^^^^^^^^^^^^^^^^^^^^^^^^^^^^^^^^^^^^^^^^^^^^^^^^^^^^^^^^^^^^^^^^^^^^^^^^^^
                                  proxy=self.proxy, proxy_auth=self.proxy_auth, timeout=self.timeout, **kwargs)
                                  ^^^^^^^^^^^^^^^^^^^^^^^^^^^^^^^^^^^^^^^^^^^^^^^^^^^^^^^^^^^^^^^^^^^^^^^^^^^^^
  File "C:\Users\Кадзицу\AppData\Roaming\Python\Python314\site-packages\aiogram\bot\api.py", line 140, in make_request
    return check_result(method, response.content_type, response.status, await response.text())
  File "C:\Users\Кадзицу\AppData\Roaming\Python\Python314\site-packages\aiogram\bot\api.py", line 119, in check_result
    exceptions.ConflictError.detect(description)
    ~~~~~~~~~~~~~~~~~~~~~~~~~~~~~~~^^^^^^^^^^^^^
  File "C:\Users\Кадзицу\AppData\Roaming\Python\Python314\site-packages\aiogram\utils\exceptions.py", line 140, in detect
    raise err(cls.text or description)
aiogram.utils.exceptions.TerminatedByOtherGetUpdates: Terminated by other getupdates request; make sure that only one bot instance is running
04/09/2026 09:02:11 AM : dispatcher.py line - 378 : start_polling : aiogram.dispatcher.dispatcher : ERROR : Cause exception while getting updates.
Traceback (most recent call last):
  File "C:\Users\Кадзицу\AppData\Roaming\Python\Python314\site-packages\aiogram\dispatcher\dispatcher.py", line 374, in start_polling
    updates = await self.bot.get_updates(limit=limit, offset=offset, timeout=timeout)
              ^^^^^^^^^^^^^^^^^^^^^^^^^^^^^^^^^^^^^^^^^^^^^^^^^^^^^^^^^^^^^^^^^^^^^^^
  File "C:\Users\Кадзицу\AppData\Roaming\Python\Python314\site-packages\aiogram\bot\bot.py", line 97, in get_updates
    result = await self.request(api.Methods.GET_UPDATES, payload)
             ^^^^^^^^^^^^^^^^^^^^^^^^^^^^^^^^^^^^^^^^^^^^^^^^^^^^
  File "C:\Users\Кадзицу\AppData\Roaming\Python\Python314\site-packages\aiogram\bot\base.py", line 208, in request
    return await api.make_request(self.session, self.server, self.__token, method, data, files,
           ^^^^^^^^^^^^^^^^^^^^^^^^^^^^^^^^^^^^^^^^^^^^^^^^^^^^^^^^^^^^^^^^^^^^^^^^^^^^^^^^^^^^
                                  proxy=self.proxy, proxy_auth=self.proxy_auth, timeout=self.timeout, **kwargs)
                                  ^^^^^^^^^^^^^^^^^^^^^^^^^^^^^^^^^^^^^^^^^^^^^^^^^^^^^^^^^^^^^^^^^^^^^^^^^^^^^
  File "C:\Users\Кадзицу\AppData\Roaming\Python\Python314\site-packages\aiogram\bot\api.py", line 140, in make_request
    return check_result(method, response.content_type, response.status, await response.text())
  File "C:\Users\Кадзицу\AppData\Roaming\Python\Python314\site-packages\aiogram\bot\api.py", line 119, in check_result
    exceptions.ConflictError.detect(description)
    ~~~~~~~~~~~~~~~~~~~~~~~~~~~~~~~^^^^^^^^^^^^^
  File "C:\Users\Кадзицу\AppData\Roaming\Python\Python314\site-packages\aiogram\utils\exceptions.py", line 140, in detect
    raise err(cls.text or description)
aiogram.utils.exceptions.TerminatedByOtherGetUpdates: Terminated by other getupdates request; make sure that only one bot instance is running
04/09/2026 09:02:16 AM : dispatcher.py line - 378 : start_polling : aiogram.dispatcher.dispatcher : ERROR : Cause exception while getting updates.
Traceback (most recent call last):
  File "C:\Users\Кадзицу\AppData\Roaming\Python\Python314\site-packages\aiogram\dispatcher\dispatcher.py", line 374, in start_polling
    updates = await self.bot.get_updates(limit=limit, offset=offset, timeout=timeout)
              ^^^^^^^^^^^^^^^^^^^^^^^^^^^^^^^^^^^^^^^^^^^^^^^^^^^^^^^^^^^^^^^^^^^^^^^
  File "C:\Users\Кадзицу\AppData\Roaming\Python\Python314\site-packages\aiogram\bot\bot.py", line 97, in get_updates
    result = await self.request(api.Methods.GET_UPDATES, payload)
             ^^^^^^^^^^^^^^^^^^^^^^^^^^^^^^^^^^^^^^^^^^^^^^^^^^^^
  File "C:\Users\Кадзицу\AppData\Roaming\Python\Python314\site-packages\aiogram\bot\base.py", line 208, in request
    return await api.make_request(self.session, self.server, self.__token, method, data, files,
           ^^^^^^^^^^^^^^^^^^^^^^^^^^^^^^^^^^^^^^^^^^^^^^^^^^^^^^^^^^^^^^^^^^^^^^^^^^^^^^^^^^^^
                                  proxy=self.proxy, proxy_auth=self.proxy_auth, timeout=self.timeout, **kwargs)
                                  ^^^^^^^^^^^^^^^^^^^^^^^^^^^^^^^^^^^^^^^^^^^^^^^^^^^^^^^^^^^^^^^^^^^^^^^^^^^^^
  File "C:\Users\Кадзицу\AppData\Roaming\Python\Python314\site-packages\aiogram\bot\api.py", line 140, in make_request
    return check_result(method, response.content_type, response.status, await response.text())
  File "C:\Users\Кадзицу\AppData\Roaming\Python\Python314\site-packages\aiogram\bot\api.py", line 119, in check_result
    exceptions.ConflictError.detect(description)
    ~~~~~~~~~~~~~~~~~~~~~~~~~~~~~~~^^^^^^^^^^^^^
  File "C:\Users\Кадзицу\AppData\Roaming\Python\Python314\site-packages\aiogram\utils\exceptions.py", line 140, in detect
    raise err(cls.text or description)
aiogram.utils.exceptions.TerminatedByOtherGetUpdates: Terminated by other getupdates request; make sure that only one bot instance is running
04/09/2026 09:02:21 AM : dispatcher.py line - 378 : start_polling : aiogram.dispatcher.dispatcher : ERROR : Cause exception while getting updates.
Traceback (most recent call last):
  File "C:\Users\Кадзицу\AppData\Roaming\Python\Python314\site-packages\aiogram\dispatcher\dispatcher.py", line 374, in start_polling
    updates = await self.bot.get_updates(limit=limit, offset=offset, timeout=timeout)
              ^^^^^^^^^^^^^^^^^^^^^^^^^^^^^^^^^^^^^^^^^^^^^^^^^^^^^^^^^^^^^^^^^^^^^^^
  File "C:\Users\Кадзицу\AppData\Roaming\Python\Python314\site-packages\aiogram\bot\bot.py", line 97, in get_updates
    result = await self.request(api.Methods.GET_UPDATES, payload)
             ^^^^^^^^^^^^^^^^^^^^^^^^^^^^^^^^^^^^^^^^^^^^^^^^^^^^
  File "C:\Users\Кадзицу\AppData\Roaming\Python\Python314\site-packages\aiogram\bot\base.py", line 208, in request
    return await api.make_request(self.session, self.server, self.__token, method, data, files,
           ^^^^^^^^^^^^^^^^^^^^^^^^^^^^^^^^^^^^^^^^^^^^^^^^^^^^^^^^^^^^^^^^^^^^^^^^^^^^^^^^^^^^
                                  proxy=self.proxy, proxy_auth=self.proxy_auth, timeout=self.timeout, **kwargs)
                                  ^^^^^^^^^^^^^^^^^^^^^^^^^^^^^^^^^^^^^^^^^^^^^^^^^^^^^^^^^^^^^^^^^^^^^^^^^^^^^
  File "C:\Users\Кадзицу\AppData\Roaming\Python\Python314\site-packages\aiogram\bot\api.py", line 140, in make_request
    return check_result(method, response.content_type, response.status, await response.text())
  File "C:\Users\Кадзицу\AppData\Roaming\Python\Python314\site-packages\aiogram\bot\api.py", line 119, in check_result
    exceptions.ConflictError.detect(description)
    ~~~~~~~~~~~~~~~~~~~~~~~~~~~~~~~^^^^^^^^^^^^^
  File "C:\Users\Кадзицу\AppData\Roaming\Python\Python314\site-packages\aiogram\utils\exceptions.py", line 140, in detect
    raise err(cls.text or description)
aiogram.utils.exceptions.TerminatedByOtherGetUpdates: Terminated by other getupdates request; make sure that only one bot instance is running
04/09/2026 09:02:28 AM : dispatcher.py line - 378 : start_polling : aiogram.dispatcher.dispatcher : ERROR : Cause exception while getting updates.
Traceback (most recent call last):
  File "C:\Users\Кадзицу\AppData\Roaming\Python\Python314\site-packages\aiogram\dispatcher\dispatcher.py", line 374, in start_polling
    updates = await self.bot.get_updates(limit=limit, offset=offset, timeout=timeout)
              ^^^^^^^^^^^^^^^^^^^^^^^^^^^^^^^^^^^^^^^^^^^^^^^^^^^^^^^^^^^^^^^^^^^^^^^
  File "C:\Users\Кадзицу\AppData\Roaming\Python\Python314\site-packages\aiogram\bot\bot.py", line 97, in get_updates
    result = await self.request(api.Methods.GET_UPDATES, payload)
             ^^^^^^^^^^^^^^^^^^^^^^^^^^^^^^^^^^^^^^^^^^^^^^^^^^^^
  File "C:\Users\Кадзицу\AppData\Roaming\Python\Python314\site-packages\aiogram\bot\base.py", line 208, in request
    return await api.make_request(self.session, self.server, self.__token, method, data, files,
           ^^^^^^^^^^^^^^^^^^^^^^^^^^^^^^^^^^^^^^^^^^^^^^^^^^^^^^^^^^^^^^^^^^^^^^^^^^^^^^^^^^^^
                                  proxy=self.proxy, proxy_auth=self.proxy_auth, timeout=self.timeout, **kwargs)
                                  ^^^^^^^^^^^^^^^^^^^^^^^^^^^^^^^^^^^^^^^^^^^^^^^^^^^^^^^^^^^^^^^^^^^^^^^^^^^^^
  File "C:\Users\Кадзицу\AppData\Roaming\Python\Python314\site-packages\aiogram\bot\api.py", line 140, in make_request
    return check_result(method, response.content_type, response.status, await response.text())
  File "C:\Users\Кадзицу\AppData\Roaming\Python\Python314\site-packages\aiogram\bot\api.py", line 119, in check_result
    exceptions.ConflictError.detect(description)
    ~~~~~~~~~~~~~~~~~~~~~~~~~~~~~~~^^^^^^^^^^^^^
  File "C:\Users\Кадзицу\AppData\Roaming\Python\Python314\site-packages\aiogram\utils\exceptions.py", line 140, in detect
    raise err(cls.text or description)
aiogram.utils.exceptions.TerminatedByOtherGetUpdates: Terminated by other getupdates request; make sure that only one bot instance is running
04/09/2026 09:02:33 AM : dispatcher.py line - 378 : start_polling : aiogram.dispatcher.dispatcher : ERROR : Cause exception while getting updates.
Traceback (most recent call last):
  File "C:\Users\Кадзицу\AppData\Roaming\Python\Python314\site-packages\aiogram\dispatcher\dispatcher.py", line 374, in start_polling
    updates = await self.bot.get_updates(limit=limit, offset=offset, timeout=timeout)
              ^^^^^^^^^^^^^^^^^^^^^^^^^^^^^^^^^^^^^^^^^^^^^^^^^^^^^^^^^^^^^^^^^^^^^^^
  File "C:\Users\Кадзицу\AppData\Roaming\Python\Python314\site-packages\aiogram\bot\bot.py", line 97, in get_updates
    result = await self.request(api.Methods.GET_UPDATES, payload)
             ^^^^^^^^^^^^^^^^^^^^^^^^^^^^^^^^^^^^^^^^^^^^^^^^^^^^
  File "C:\Users\Кадзицу\AppData\Roaming\Python\Python314\site-packages\aiogram\bot\base.py", line 208, in request
    return await api.make_request(self.session, self.server, self.__token, method, data, files,
           ^^^^^^^^^^^^^^^^^^^^^^^^^^^^^^^^^^^^^^^^^^^^^^^^^^^^^^^^^^^^^^^^^^^^^^^^^^^^^^^^^^^^
                                  proxy=self.proxy, proxy_auth=self.proxy_auth, timeout=self.timeout, **kwargs)
                                  ^^^^^^^^^^^^^^^^^^^^^^^^^^^^^^^^^^^^^^^^^^^^^^^^^^^^^^^^^^^^^^^^^^^^^^^^^^^^^
  File "C:\Users\Кадзицу\AppData\Roaming\Python\Python314\site-packages\aiogram\bot\api.py", line 140, in make_request
    return check_result(method, response.content_type, response.status, await response.text())
  File "C:\Users\Кадзицу\AppData\Roaming\Python\Python314\site-packages\aiogram\bot\api.py", line 119, in check_result
    exceptions.ConflictError.detect(description)
    ~~~~~~~~~~~~~~~~~~~~~~~~~~~~~~~^^^^^^^^^^^^^
  File "C:\Users\Кадзицу\AppData\Roaming\Python\Python314\site-packages\aiogram\utils\exceptions.py", line 140, in detect
    raise err(cls.text or description)
aiogram.utils.exceptions.TerminatedByOtherGetUpdates: Terminated by other getupdates request; make sure that only one bot instance is running
04/09/2026 09:02:38 AM : dispatcher.py line - 378 : start_polling : aiogram.dispatcher.dispatcher : ERROR : Cause exception while getting updates.
Traceback (most recent call last):
  File "C:\Users\Кадзицу\AppData\Roaming\Python\Python314\site-packages\aiogram\dispatcher\dispatcher.py", line 374, in start_polling
    updates = await self.bot.get_updates(limit=limit, offset=offset, timeout=timeout)
              ^^^^^^^^^^^^^^^^^^^^^^^^^^^^^^^^^^^^^^^^^^^^^^^^^^^^^^^^^^^^^^^^^^^^^^^
  File "C:\Users\Кадзицу\AppData\Roaming\Python\Python314\site-packages\aiogram\bot\bot.py", line 97, in get_updates
    result = await self.request(api.Methods.GET_UPDATES, payload)
             ^^^^^^^^^^^^^^^^^^^^^^^^^^^^^^^^^^^^^^^^^^^^^^^^^^^^
  File "C:\Users\Кадзицу\AppData\Roaming\Python\Python314\site-packages\aiogram\bot\base.py", line 208, in request
    return await api.make_request(self.session, self.server, self.__token, method, data, files,
           ^^^^^^^^^^^^^^^^^^^^^^^^^^^^^^^^^^^^^^^^^^^^^^^^^^^^^^^^^^^^^^^^^^^^^^^^^^^^^^^^^^^^
                                  proxy=self.proxy, proxy_auth=self.proxy_auth, timeout=self.timeout, **kwargs)
                                  ^^^^^^^^^^^^^^^^^^^^^^^^^^^^^^^^^^^^^^^^^^^^^^^^^^^^^^^^^^^^^^^^^^^^^^^^^^^^^
  File "C:\Users\Кадзицу\AppData\Roaming\Python\Python314\site-packages\aiogram\bot\api.py", line 140, in make_request
    return check_result(method, response.content_type, response.status, await response.text())
  File "C:\Users\Кадзицу\AppData\Roaming\Python\Python314\site-packages\aiogram\bot\api.py", line 119, in check_result
    exceptions.ConflictError.detect(description)
    ~~~~~~~~~~~~~~~~~~~~~~~~~~~~~~~^^^^^^^^^^^^^
  File "C:\Users\Кадзицу\AppData\Roaming\Python\Python314\site-packages\aiogram\utils\exceptions.py", line 140, in detect
    raise err(cls.text or description)
aiogram.utils.exceptions.TerminatedByOtherGetUpdates: Terminated by other getupdates request; make sure that only one bot instance is running
04/09/2026 09:02:43 AM : dispatcher.py line - 378 : start_polling : aiogram.dispatcher.dispatcher : ERROR : Cause exception while getting updates.
Traceback (most recent call last):
  File "C:\Users\Кадзицу\AppData\Roaming\Python\Python314\site-packages\aiogram\dispatcher\dispatcher.py", line 374, in start_polling
    updates = await self.bot.get_updates(limit=limit, offset=offset, timeout=timeout)
              ^^^^^^^^^^^^^^^^^^^^^^^^^^^^^^^^^^^^^^^^^^^^^^^^^^^^^^^^^^^^^^^^^^^^^^^
  File "C:\Users\Кадзицу\AppData\Roaming\Python\Python314\site-packages\aiogram\bot\bot.py", line 97, in get_updates
    result = await self.request(api.Methods.GET_UPDATES, payload)
             ^^^^^^^^^^^^^^^^^^^^^^^^^^^^^^^^^^^^^^^^^^^^^^^^^^^^
  File "C:\Users\Кадзицу\AppData\Roaming\Python\Python314\site-packages\aiogram\bot\base.py", line 208, in request
    return await api.make_request(self.session, self.server, self.__token, method, data, files,
           ^^^^^^^^^^^^^^^^^^^^^^^^^^^^^^^^^^^^^^^^^^^^^^^^^^^^^^^^^^^^^^^^^^^^^^^^^^^^^^^^^^^^
                                  proxy=self.proxy, proxy_auth=self.proxy_auth, timeout=self.timeout, **kwargs)
                                  ^^^^^^^^^^^^^^^^^^^^^^^^^^^^^^^^^^^^^^^^^^^^^^^^^^^^^^^^^^^^^^^^^^^^^^^^^^^^^
  File "C:\Users\Кадзицу\AppData\Roaming\Python\Python314\site-packages\aiogram\bot\api.py", line 140, in make_request
    return check_result(method, response.content_type, response.status, await response.text())
  File "C:\Users\Кадзицу\AppData\Roaming\Python\Python314\site-packages\aiogram\bot\api.py", line 119, in check_result
    exceptions.ConflictError.detect(description)
    ~~~~~~~~~~~~~~~~~~~~~~~~~~~~~~~^^^^^^^^^^^^^
  File "C:\Users\Кадзицу\AppData\Roaming\Python\Python314\site-packages\aiogram\utils\exceptions.py", line 140, in detect
    raise err(cls.text or description)
aiogram.utils.exceptions.TerminatedByOtherGetUpdates: Terminated by other getupdates request; make sure that only one bot instance is running
04/09/2026 09:02:44 AM : dispatcher.py line - 421 : stop_polling : aiogram.dispatcher.dispatcher : INFO : Stop polling...
04/09/2026 09:02:44 AM : dispatcher.py line - 378 : start_polling : aiogram.dispatcher.dispatcher : ERROR : Cause exception while getting updates.
Traceback (most recent call last):
  File "C:\Users\Кадзицу\AppData\Roaming\Python\Python314\site-packages\aiogram\bot\api.py", line 139, in make_request
    async with session.post(url, data=req, **kwargs) as response:
               ~~~~~~~~~~~~^^^^^^^^^^^^^^^^^^^^^^^^^
  File "C:\Users\Кадзицу\AppData\Roaming\Python\Python314\site-packages\aiohttp\client.py", line 1510, in __aenter__
    self._resp: _RetType = await self._coro
                           ^^^^^^^^^^^^^^^^
  File "C:\Users\Кадзицу\AppData\Roaming\Python\Python314\site-packages\aiohttp\client.py", line 779, in _request
    resp = await handler(req)
           ^^^^^^^^^^^^^^^^^^
  File "C:\Users\Кадзицу\AppData\Roaming\Python\Python314\site-packages\aiohttp\client.py", line 757, in _connect_and_send_request
    await resp.start(conn)
  File "C:\Users\Кадзицу\AppData\Roaming\Python\Python314\site-packages\aiohttp\client_reqrep.py", line 539, in start
    message, payload = await protocol.read()  # type: ignore[union-attr]
                       ^^^^^^^^^^^^^^^^^^^^^
  File "C:\Users\Кадзицу\AppData\Roaming\Python\Python314\site-packages\aiohttp\streams.py", line 703, in read
    await self._waiter
aiohttp.client_exceptions.ServerDisconnectedError: Server disconnected

During handling of the above exception, another exception occurred:

Traceback (most recent call last):
  File "C:\Users\Кадзицу\AppData\Roaming\Python\Python314\site-packages\aiogram\dispatcher\dispatcher.py", line 374, in start_polling
    updates = await self.bot.get_updates(limit=limit, offset=offset, timeout=timeout)
              ^^^^^^^^^^^^^^^^^^^^^^^^^^^^^^^^^^^^^^^^^^^^^^^^^^^^^^^^^^^^^^^^^^^^^^^
  File "C:\Users\Кадзицу\AppData\Roaming\Python\Python314\site-packages\aiogram\bot\bot.py", line 97, in get_updates
    result = await self.request(api.Methods.GET_UPDATES, payload)
             ^^^^^^^^^^^^^^^^^^^^^^^^^^^^^^^^^^^^^^^^^^^^^^^^^^^^
  File "C:\Users\Кадзицу\AppData\Roaming\Python\Python314\site-packages\aiogram\bot\base.py", line 208, in request
    return await api.make_request(self.session, self.server, self.__token, method, data, files,
           ^^^^^^^^^^^^^^^^^^^^^^^^^^^^^^^^^^^^^^^^^^^^^^^^^^^^^^^^^^^^^^^^^^^^^^^^^^^^^^^^^^^^
                                  proxy=self.proxy, proxy_auth=self.proxy_auth, timeout=self.timeout, **kwargs)
                                  ^^^^^^^^^^^^^^^^^^^^^^^^^^^^^^^^^^^^^^^^^^^^^^^^^^^^^^^^^^^^^^^^^^^^^^^^^^^^^
  File "C:\Users\Кадзицу\AppData\Roaming\Python\Python314\site-packages\aiogram\bot\api.py", line 142, in make_request
    raise exceptions.NetworkError(f"aiohttp client throws an error: {e.__class__.__name__}: {e}")
aiogram.utils.exceptions.NetworkError: Aiohttp client throws an error: ServerDisconnectedError: Server disconnected
04/09/2026 09:02:44 AM : executor.py line - 318 : start_polling : aiogram : WARNING : Goodbye!
04/09/2026 09:03:00 AM : baza.py line - 205 : get_samples : root : ERROR : no such column: samples
Traceback (most recent call last):
  File "C:\Users\Кадзицу\Desktop\cartel_auto\utils\db_api\baza.py", line 202, in get_samples
    samples = q.execute("SELECT samples FROM admin_settings").fetchone()[0]
              ~~~~~~~~~^^^^^^^^^^^^^^^^^^^^^^^^^^^^^^^^^^^^^^
sqlite3.OperationalError: no such column: samples
04/09/2026 09:03:00 AM : error_handler.py line - 65 : errors_handler : root : ERROR : Update: {"update_id": 657816188, "message": {"message_id": 179, "from": {"id": 6079891753, "is_bot": false, "first_name": "Callme 2day", "username": "callme2day", "language_code": "ru"}, "chat": {"id": 6079891753, "first_name": "Callme 2day", "username": "callme2day", "type": "private"}, "date": 1775700232, "text": "\U0001f381 Пробник 0.5 кг — бесплатно (за отзыв)"}} 
'<=' not supported between instances of 'NoneType' and 'int'
Traceback (most recent call last):
  File "C:\Users\Кадзицу\AppData\Roaming\Python\Python314\site-packages\aiogram\dispatcher\dispatcher.py", line 253, in process_update
    return await self.message_handlers.notify(update.message)
           ^^^^^^^^^^^^^^^^^^^^^^^^^^^^^^^^^^^^^^^^^^^^^^^^^^
  File "C:\Users\Кадзицу\AppData\Roaming\Python\Python314\site-packages\aiogram\dispatcher\handler.py", line 117, in notify
    response = await handler_obj.handler(*args, **partial_data)
               ^^^^^^^^^^^^^^^^^^^^^^^^^^^^^^^^^^^^^^^^^^^^^^^^
  File "C:\Users\Кадзицу\Desktop\cartel_auto\handlers\users\echo.py", line 67, in bot_send_rayon_info
    reply_markup=profile_but(message.chat.id),
       ^^^^^^^^^^^^
TypeError: '<=' not supported between instances of 'NoneType' and 'int'
04/09/2026 09:03:00 AM : base_events.py line - 1875 : default_exception_handler : asyncio : ERROR : Task exception was never retrieved
future: <Task finished name='Task-267' coro=<Dispatcher._process_polling_updates() done, defined at C:\Users\Кадзицу\AppData\Roaming\Python\Python314\site-packages\aiogram\dispatcher\dispatcher.py:395> exception=TypeError("'<=' not supported between instances of 'NoneType' and 'int'")>
Traceback (most recent call last):
  File "C:\Users\Кадзицу\AppData\Roaming\Python\Python314\site-packages\aiogram\dispatcher\dispatcher.py", line 403, in _process_polling_updates
    for responses in itertools.chain.from_iterable(await self.process_updates(updates, fast)):
                                                   ^^^^^^^^^^^^^^^^^^^^^^^^^^^^^^^^^^^^^^^^^
  File "C:\Users\Кадзицу\AppData\Roaming\Python\Python314\site-packages\aiogram\dispatcher\dispatcher.py", line 232, in process_updates
    return await asyncio.gather(*tasks)
           ^^^^^^^^^^^^^^^^^^^^^^^^^^^^
  File "C:\Users\Кадзицу\AppData\Roaming\Python\Python314\site-packages\aiogram\dispatcher\handler.py", line 117, in notify
    response = await handler_obj.handler(*args, **partial_data)
               ^^^^^^^^^^^^^^^^^^^^^^^^^^^^^^^^^^^^^^^^^^^^^^^^
  File "C:\Users\Кадзицу\AppData\Roaming\Python\Python314\site-packages\aiogram\dispatcher\dispatcher.py", line 253, in process_update
    return await self.message_handlers.notify(update.message)
           ^^^^^^^^^^^^^^^^^^^^^^^^^^^^^^^^^^^^^^^^^^^^^^^^^^
  File "C:\Users\Кадзицу\AppData\Roaming\Python\Python314\site-packages\aiogram\dispatcher\handler.py", line 117, in notify
    response = await handler_obj.handler(*args, **partial_data)
               ^^^^^^^^^^^^^^^^^^^^^^^^^^^^^^^^^^^^^^^^^^^^^^^^
  File "C:\Users\Кадзицу\Desktop\cartel_auto\handlers\users\echo.py", line 67, in bot_send_rayon_info
    reply_markup=profile_but(message.chat.id),
       ^^^^^^^^^^^^
TypeError: '<=' not supported between instances of 'NoneType' and 'int'
04/09/2026 09:06:41 AM : executor.py line - 351 : _welcome : aiogram : INFO : Bot: Kitsune Shop [@egefergre_bot]
04/09/2026 09:06:42 AM : notify_admins.py line - 14 : on_startup_notify : root : ERROR : Chat not found
Traceback (most recent call last):
  File "C:\Users\Кадзицу\Desktop\cartel_auto\utils\notify_admins.py", line 11, in on_startup_notify
    await dp.bot.send_message(admin, "Бот Запущен")
  File "C:\Users\Кадзицу\AppData\Roaming\Python\Python314\site-packages\aiogram\bot\bot.py", line 318, in send_message
    result = await self.request(api.Methods.SEND_MESSAGE, payload)
             ^^^^^^^^^^^^^^^^^^^^^^^^^^^^^^^^^^^^^^^^^^^^^^^^^^^^^
  File "C:\Users\Кадзицу\AppData\Roaming\Python\Python314\site-packages\aiogram\bot\base.py", line 208, in request
    return await api.make_request(self.session, self.server, self.__token, method, data, files,
           ^^^^^^^^^^^^^^^^^^^^^^^^^^^^^^^^^^^^^^^^^^^^^^^^^^^^^^^^^^^^^^^^^^^^^^^^^^^^^^^^^^^^
                                  proxy=self.proxy, proxy_auth=self.proxy_auth, timeout=self.timeout, **kwargs)
                                  ^^^^^^^^^^^^^^^^^^^^^^^^^^^^^^^^^^^^^^^^^^^^^^^^^^^^^^^^^^^^^^^^^^^^^^^^^^^^^
  File "C:\Users\Кадзицу\AppData\Roaming\Python\Python314\site-packages\aiogram\bot\api.py", line 140, in make_request
    return check_result(method, response.content_type, response.status, await response.text())
  File "C:\Users\Кадзицу\AppData\Roaming\Python\Python314\site-packages\aiogram\bot\api.py", line 115, in check_result
    exceptions.BadRequest.detect(description)
    ~~~~~~~~~~~~~~~~~~~~~~~~~~~~^^^^^^^^^^^^^
  File "C:\Users\Кадзицу\AppData\Roaming\Python\Python314\site-packages\aiogram\utils\exceptions.py", line 140, in detect
    raise err(cls.text or description)
aiogram.utils.exceptions.ChatNotFound: Chat not found
04/09/2026 09:06:42 AM : dispatcher.py line - 351 : start_polling : aiogram.dispatcher.dispatcher : INFO : Start polling.
04/09/2026 09:07:26 AM : executor.py line - 351 : _welcome : aiogram : INFO : Bot: Kitsune Shop [@egefergre_bot]
04/09/2026 09:07:26 AM : notify_admins.py line - 14 : on_startup_notify : root : ERROR : Chat not found
Traceback (most recent call last):
  File "C:\Users\Кадзицу\Desktop\cartel_auto\utils\notify_admins.py", line 11, in on_startup_notify
    await dp.bot.send_message(admin, "Бот Запущен")
  File "C:\Users\Кадзицу\AppData\Roaming\Python\Python314\site-packages\aiogram\bot\bot.py", line 318, in send_message
    result = await self.request(api.Methods.SEND_MESSAGE, payload)
             ^^^^^^^^^^^^^^^^^^^^^^^^^^^^^^^^^^^^^^^^^^^^^^^^^^^^^
  File "C:\Users\Кадзицу\AppData\Roaming\Python\Python314\site-packages\aiogram\bot\base.py", line 208, in request
    return await api.make_request(self.session, self.server, self.__token, method, data, files,
           ^^^^^^^^^^^^^^^^^^^^^^^^^^^^^^^^^^^^^^^^^^^^^^^^^^^^^^^^^^^^^^^^^^^^^^^^^^^^^^^^^^^^
                                  proxy=self.proxy, proxy_auth=self.proxy_auth, timeout=self.timeout, **kwargs)
                                  ^^^^^^^^^^^^^^^^^^^^^^^^^^^^^^^^^^^^^^^^^^^^^^^^^^^^^^^^^^^^^^^^^^^^^^^^^^^^^
  File "C:\Users\Кадзицу\AppData\Roaming\Python\Python314\site-packages\aiogram\bot\api.py", line 140, in make_request
    return check_result(method, response.content_type, response.status, await response.text())
  File "C:\Users\Кадзицу\AppData\Roaming\Python\Python314\site-packages\aiogram\bot\api.py", line 115, in check_result
    exceptions.BadRequest.detect(description)
    ~~~~~~~~~~~~~~~~~~~~~~~~~~~~^^^^^^^^^^^^^
  File "C:\Users\Кадзицу\AppData\Roaming\Python\Python314\site-packages\aiogram\utils\exceptions.py", line 140, in detect
    raise err(cls.text or description)
aiogram.utils.exceptions.ChatNotFound: Chat not found
04/09/2026 09:07:26 AM : dispatcher.py line - 351 : start_polling : aiogram.dispatcher.dispatcher : INFO : Start polling.
04/09/2026 09:07:36 AM : error_handler.py line - 65 : errors_handler : root : ERROR : Update: <aiogram.types.update.Update object at 0x0000024AF296F380> 
Value should be instance of 'User' not 'NoneType'
Traceback (most recent call last):
  File "C:\Users\Кадзицу\AppData\Roaming\Python\Python314\site-packages\aiogram\dispatcher\dispatcher.py", line 298, in process_update
    types.User.set_current(update.my_chat_member.from_user)
    ~~~~~~~~~~~~~~~~~~~~~~^^^^^^^^^^^^^^^^^^^^^^^^^^^^^^^^^
  File "C:\Users\Кадзицу\AppData\Roaming\Python\Python314\site-packages\aiogram\utils\mixins.py", line 49, in set_current
    raise TypeError(f'Value should be instance of {cls.__name__!r} not {type(value).__name__!r}')
TypeError: Value should be instance of 'User' not 'NoneType'
04/09/2026 09:07:36 AM : base_events.py line - 1875 : default_exception_handler : asyncio : ERROR : Task exception was never retrieved
future: <Task finished name='Task-9' coro=<Dispatcher._process_polling_updates() done, defined at C:\Users\Кадзицу\AppData\Roaming\Python\Python314\site-packages\aiogram\dispatcher\dispatcher.py:395> exception=TypeError("Value should be instance of 'User' not 'NoneType'")>
Traceback (most recent call last):
  File "C:\Users\Кадзицу\AppData\Roaming\Python\Python314\site-packages\aiogram\dispatcher\dispatcher.py", line 403, in _process_polling_updates
    for responses in itertools.chain.from_iterable(await self.process_updates(updates, fast)):
                                                   ^^^^^^^^^^^^^^^^^^^^^^^^^^^^^^^^^^^^^^^^^
  File "C:\Users\Кадзицу\AppData\Roaming\Python\Python314\site-packages\aiogram\dispatcher\dispatcher.py", line 232, in process_updates
    return await asyncio.gather(*tasks)
           ^^^^^^^^^^^^^^^^^^^^^^^^^^^^
  File "C:\Users\Кадзицу\AppData\Roaming\Python\Python314\site-packages\aiogram\dispatcher\handler.py", line 117, in notify
    response = await handler_obj.handler(*args, **partial_data)
               ^^^^^^^^^^^^^^^^^^^^^^^^^^^^^^^^^^^^^^^^^^^^^^^^
  File "C:\Users\Кадзицу\AppData\Roaming\Python\Python314\site-packages\aiogram\dispatcher\dispatcher.py", line 298, in process_update
    types.User.set_current(update.my_chat_member.from_user)
    ~~~~~~~~~~~~~~~~~~~~~~^^^^^^^^^^^^^^^^^^^^^^^^^^^^^^^^^
  File "C:\Users\Кадзицу\AppData\Roaming\Python\Python314\site-packages\aiogram\utils\mixins.py", line 49, in set_current
    raise TypeError(f'Value should be instance of {cls.__name__!r} not {type(value).__name__!r}')
TypeError: Value should be instance of 'User' not 'NoneType'
04/09/2026 09:07:57 AM : error_handler.py line - 65 : errors_handler : root : ERROR : Update: <aiogram.types.update.Update object at 0x0000024AF2943D90> 
Value should be instance of 'User' not 'NoneType'
Traceback (most recent call last):
  File "C:\Users\Кадзицу\AppData\Roaming\Python\Python314\site-packages\aiogram\dispatcher\dispatcher.py", line 298, in process_update
    types.User.set_current(update.my_chat_member.from_user)
    ~~~~~~~~~~~~~~~~~~~~~~^^^^^^^^^^^^^^^^^^^^^^^^^^^^^^^^^
  File "C:\Users\Кадзицу\AppData\Roaming\Python\Python314\site-packages\aiogram\utils\mixins.py", line 49, in set_current
    raise TypeError(f'Value should be instance of {cls.__name__!r} not {type(value).__name__!r}')
TypeError: Value should be instance of 'User' not 'NoneType'
04/09/2026 09:07:57 AM : base_events.py line - 1875 : default_exception_handler : asyncio : ERROR : Task exception was never retrieved
future: <Task finished name='Task-13' coro=<Dispatcher._process_polling_updates() done, defined at C:\Users\Кадзицу\AppData\Roaming\Python\Python314\site-packages\aiogram\dispatcher\dispatcher.py:395> exception=TypeError("Value should be instance of 'User' not 'NoneType'")>
Traceback (most recent call last):
  File "C:\Users\Кадзицу\AppData\Roaming\Python\Python314\site-packages\aiogram\dispatcher\dispatcher.py", line 403, in _process_polling_updates
    for responses in itertools.chain.from_iterable(await self.process_updates(updates, fast)):
                                                   ^^^^^^^^^^^^^^^^^^^^^^^^^^^^^^^^^^^^^^^^^
  File "C:\Users\Кадзицу\AppData\Roaming\Python\Python314\site-packages\aiogram\dispatcher\dispatcher.py", line 232, in process_updates
    return await asyncio.gather(*tasks)
           ^^^^^^^^^^^^^^^^^^^^^^^^^^^^
  File "C:\Users\Кадзицу\AppData\Roaming\Python\Python314\site-packages\aiogram\dispatcher\handler.py", line 117, in notify
    response = await handler_obj.handler(*args, **partial_data)
               ^^^^^^^^^^^^^^^^^^^^^^^^^^^^^^^^^^^^^^^^^^^^^^^^
  File "C:\Users\Кадзицу\AppData\Roaming\Python\Python314\site-packages\aiogram\dispatcher\dispatcher.py", line 298, in process_update
    types.User.set_current(update.my_chat_member.from_user)
    ~~~~~~~~~~~~~~~~~~~~~~^^^^^^^^^^^^^^^^^^^^^^^^^^^^^^^^^
  File "C:\Users\Кадзицу\AppData\Roaming\Python\Python314\site-packages\aiogram\utils\mixins.py", line 49, in set_current
    raise TypeError(f'Value should be instance of {cls.__name__!r} not {type(value).__name__!r}')
TypeError: Value should be instance of 'User' not 'NoneType'
